Gene,ChEMBL_Target_ID,Target_Name,Compound_ID,Compound_Name,Molecule_Type,Mechanism,Action_Type,Activity_Type,Activity_Value,Activity_Unit,Max_Phase,First_Approval,Indication,Source,Evidence_Status,Field_Purpose,Priority_Score,Priority_Reason,Potency_nM
ADCY3,CHEMBL2097167,Adenylate cyclase,CHEMBL52606,COLFORSIN,Small molecule,,,Activity,1.23,pM (2*10e6*cells)-1,2.0,,,https://www.ebi.ac.uk/chembl/target_report_card/CHEMBL2097167/,ChEMBL activity retrieved; up to 100 records retained per target (source total 52),Recorded chemical activity or drug evidence for the target.,34.0,Phase 2 clinical development; activity reported (Activity: 1.23 pM (2*10e6*cells)-1),
ADCY3,CHEMBL2097167,Adenylate cyclase,CHEMBL3142312,,Small molecule,,,Ki,0.88,nM,,,,https://www.ebi.ac.uk/chembl/target_report_card/CHEMBL2097167/,ChEMBL activity retrieved; up to 100 records retained per target (source total 52),Recorded chemical activity or drug evidence for the target.,26.0,high potency (0.88 nM Ki),0.88
ADCY3,CHEMBL2097167,Adenylate cyclase,CHEMBL3142318,,Small molecule,,,Ki,1.7,nM,,,,https://www.ebi.ac.uk/chembl/target_report_card/CHEMBL2097167/,ChEMBL activity retrieved; up to 100 records retained per target (source total 52),Recorded chemical activity or drug evidence for the target.,26.0,high potency (1.7 nM Ki),1.7
ADCY3,CHEMBL2097167,Adenylate cyclase,CHEMBL3142332,,Small molecule,,,Ki,1.7,nM,,,,https://www.ebi.ac.uk/chembl/target_report_card/CHEMBL2097167/,ChEMBL activity retrieved; up to 100 records retained per target (source total 52),Recorded chemical activity or drug evidence for the target.,26.0,high potency (1.7 nM Ki),1.7
ADCY3,CHEMBL2097167,Adenylate cyclase,CHEMBL3142329,,Small molecule,,,Ki,1.9,nM,,,,https://www.ebi.ac.uk/chembl/target_report_card/CHEMBL2097167/,ChEMBL activity retrieved; up to 100 records retained per target (source total 52),Recorded chemical activity or drug evidence for the target.,26.0,high potency (1.9 nM Ki),1.9
ADCY3,CHEMBL2097167,Adenylate cyclase,CHEMBL3142331,,Small molecule,,,Ki,2.5,nM,,,,https://www.ebi.ac.uk/chembl/target_report_card/CHEMBL2097167/,ChEMBL activity retrieved; up to 100 records retained per target (source total 52),Recorded chemical activity or drug evidence for the target.,26.0,high potency (2.5 nM Ki),2.5
ADCY3,CHEMBL2097167,Adenylate cyclase,CHEMBL2369777,,Unknown,,,Ki,2.6,nM,,,,https://www.ebi.ac.uk/chembl/target_report_card/CHEMBL2097167/,ChEMBL activity retrieved; up to 100 records retained per target (source total 52),Recorded chemical activity or drug evidence for the target.,26.0,high potency (2.6 nM Ki),2.6
ADCY3,CHEMBL2097167,Adenylate cyclase,CHEMBL2369525,,Unknown,,,Ki,3.9,nM,,,,https://www.ebi.ac.uk/chembl/target_report_card/CHEMBL2097167/,ChEMBL activity retrieved; up to 100 records retained per target (source total 52),Recorded chemical activity or drug evidence for the target.,26.0,high potency (3.9 nM Ki),3.9
ADCY3,CHEMBL2097167,Adenylate cyclase,CHEMBL2369778,,Unknown,,,Ki,4.2,nM,,,,https://www.ebi.ac.uk/chembl/target_report_card/CHEMBL2097167/,ChEMBL activity retrieved; up to 100 records retained per target (source total 52),Recorded chemical activity or drug evidence for the target.,26.0,high potency (4.2 nM Ki),4.2
ADCY3,CHEMBL2097167,Adenylate cyclase,CHEMBL3142313,,Small molecule,,,Ki,7.8,nM,,,,https://www.ebi.ac.uk/chembl/target_report_card/CHEMBL2097167/,ChEMBL activity retrieved; up to 100 records retained per target (source total 52),Recorded chemical activity or drug evidence for the target.,26.0,high potency (7.8 nM Ki),7.8
ADCY5,CHEMBL3189,Adenylate cyclase type 5,CHEMBL59,DOPAMINE,Small molecule,,,Response,100.0,%,4.0,1974.0,cardiovascular disease; diabetes mellitus; heart failure; septic shock; Cognitive impairment; Shock; depressive disorder; premature birth; congenital heart disease; Parkinson disease,https://www.ebi.ac.uk/chembl/target_report_card/CHEMBL3189/,ChEMBL activity retrieved; up to 100 records retained per target (source total 165),Recorded chemical activity or drug evidence for the target.,93.0,metabolic-disease indication; Phase 4 clinical development; first approval reported (1974.0); activity reported (Response: 100.0 %),
ADCY5,CHEMBL2097167,Adenylate cyclase,CHEMBL52606,COLFORSIN,Small molecule,,,Activity,1.23,pM (2*10e6*cells)-1,2.0,,,https://www.ebi.ac.uk/chembl/target_report_card/CHEMBL2097167/,ChEMBL activity retrieved; up to 100 records retained per target (source total 52),Recorded chemical activity or drug evidence for the target.,34.0,Phase 2 clinical development; activity reported (Activity: 1.23 pM (2*10e6*cells)-1),
ADCY5,CHEMBL2097167,Adenylate cyclase,CHEMBL3142312,,Small molecule,,,Ki,0.88,nM,,,,https://www.ebi.ac.uk/chembl/target_report_card/CHEMBL2097167/,ChEMBL activity retrieved; up to 100 records retained per target (source total 52),Recorded chemical activity or drug evidence for the target.,26.0,high potency (0.88 nM Ki),0.88
ADCY5,CHEMBL2097167,Adenylate cyclase,CHEMBL3142318,,Small molecule,,,Ki,1.7,nM,,,,https://www.ebi.ac.uk/chembl/target_report_card/CHEMBL2097167/,ChEMBL activity retrieved; up to 100 records retained per target (source total 52),Recorded chemical activity or drug evidence for the target.,26.0,high potency (1.7 nM Ki),1.7
ADCY5,CHEMBL2097167,Adenylate cyclase,CHEMBL3142332,,Small molecule,,,Ki,1.7,nM,,,,https://www.ebi.ac.uk/chembl/target_report_card/CHEMBL2097167/,ChEMBL activity retrieved; up to 100 records retained per target (source total 52),Recorded chemical activity or drug evidence for the target.,26.0,high potency (1.7 nM Ki),1.7
ADCY5,CHEMBL2097167,Adenylate cyclase,CHEMBL3142329,,Small molecule,,,Ki,1.9,nM,,,,https://www.ebi.ac.uk/chembl/target_report_card/CHEMBL2097167/,ChEMBL activity retrieved; up to 100 records retained per target (source total 52),Recorded chemical activity or drug evidence for the target.,26.0,high potency (1.9 nM Ki),1.9
ADCY5,CHEMBL2097167,Adenylate cyclase,CHEMBL3142331,,Small molecule,,,Ki,2.5,nM,,,,https://www.ebi.ac.uk/chembl/target_report_card/CHEMBL2097167/,ChEMBL activity retrieved; up to 100 records retained per target (source total 52),Recorded chemical activity or drug evidence for the target.,26.0,high potency (2.5 nM Ki),2.5
ADCY5,CHEMBL2097167,Adenylate cyclase,CHEMBL2369777,,Unknown,,,Ki,2.6,nM,,,,https://www.ebi.ac.uk/chembl/target_report_card/CHEMBL2097167/,ChEMBL activity retrieved; up to 100 records retained per target (source total 52),Recorded chemical activity or drug evidence for the target.,26.0,high potency (2.6 nM Ki),2.6
ADCY5,CHEMBL2097167,Adenylate cyclase,CHEMBL2369525,,Unknown,,,Ki,3.9,nM,,,,https://www.ebi.ac.uk/chembl/target_report_card/CHEMBL2097167/,ChEMBL activity retrieved; up to 100 records retained per target (source total 52),Recorded chemical activity or drug evidence for the target.,26.0,high potency (3.9 nM Ki),3.9
ADCY5,CHEMBL2097167,Adenylate cyclase,CHEMBL2369778,,Unknown,,,Ki,4.2,nM,,,,https://www.ebi.ac.uk/chembl/target_report_card/CHEMBL2097167/,ChEMBL activity retrieved; up to 100 records retained per target (source total 52),Recorded chemical activity or drug evidence for the target.,26.0,high potency (4.2 nM Ki),4.2
ADCY9,CHEMBL2097167,Adenylate cyclase,CHEMBL52606,COLFORSIN,Small molecule,,,Activity,1.23,pM (2*10e6*cells)-1,2.0,,,https://www.ebi.ac.uk/chembl/target_report_card/CHEMBL2097167/,ChEMBL activity retrieved; up to 100 records retained per target (source total 52),Recorded chemical activity or drug evidence for the target.,34.0,Phase 2 clinical development; activity reported (Activity: 1.23 pM (2*10e6*cells)-1),
ADCY9,CHEMBL2097167,Adenylate cyclase,CHEMBL3142312,,Small molecule,,,Ki,0.88,nM,,,,https://www.ebi.ac.uk/chembl/target_report_card/CHEMBL2097167/,ChEMBL activity retrieved; up to 100 records retained per target (source total 52),Recorded chemical activity or drug evidence for the target.,26.0,high potency (0.88 nM Ki),0.88
ADCY9,CHEMBL2097167,Adenylate cyclase,CHEMBL3142318,,Small molecule,,,Ki,1.7,nM,,,,https://www.ebi.ac.uk/chembl/target_report_card/CHEMBL2097167/,ChEMBL activity retrieved; up to 100 records retained per target (source total 52),Recorded chemical activity or drug evidence for the target.,26.0,high potency (1.7 nM Ki),1.7
ADCY9,CHEMBL2097167,Adenylate cyclase,CHEMBL3142332,,Small molecule,,,Ki,1.7,nM,,,,https://www.ebi.ac.uk/chembl/target_report_card/CHEMBL2097167/,ChEMBL activity retrieved; up to 100 records retained per target (source total 52),Recorded chemical activity or drug evidence for the target.,26.0,high potency (1.7 nM Ki),1.7
ADCY9,CHEMBL2097167,Adenylate cyclase,CHEMBL3142329,,Small molecule,,,Ki,1.9,nM,,,,https://www.ebi.ac.uk/chembl/target_report_card/CHEMBL2097167/,ChEMBL activity retrieved; up to 100 records retained per target (source total 52),Recorded chemical activity or drug evidence for the target.,26.0,high potency (1.9 nM Ki),1.9
ADCY9,CHEMBL2097167,Adenylate cyclase,CHEMBL3142331,,Small molecule,,,Ki,2.5,nM,,,,https://www.ebi.ac.uk/chembl/target_report_card/CHEMBL2097167/,ChEMBL activity retrieved; up to 100 records retained per target (source total 52),Recorded chemical activity or drug evidence for the target.,26.0,high potency (2.5 nM Ki),2.5
ADCY9,CHEMBL2097167,Adenylate cyclase,CHEMBL2369777,,Unknown,,,Ki,2.6,nM,,,,https://www.ebi.ac.uk/chembl/target_report_card/CHEMBL2097167/,ChEMBL activity retrieved; up to 100 records retained per target (source total 52),Recorded chemical activity or drug evidence for the target.,26.0,high potency (2.6 nM Ki),2.6
ADCY9,CHEMBL2097167,Adenylate cyclase,CHEMBL2369525,,Unknown,,,Ki,3.9,nM,,,,https://www.ebi.ac.uk/chembl/target_report_card/CHEMBL2097167/,ChEMBL activity retrieved; up to 100 records retained per target (source total 52),Recorded chemical activity or drug evidence for the target.,26.0,high potency (3.9 nM Ki),3.9
ADCY9,CHEMBL2097167,Adenylate cyclase,CHEMBL2369778,,Unknown,,,Ki,4.2,nM,,,,https://www.ebi.ac.uk/chembl/target_report_card/CHEMBL2097167/,ChEMBL activity retrieved; up to 100 records retained per target (source total 52),Recorded chemical activity or drug evidence for the target.,26.0,high potency (4.2 nM Ki),4.2
ADCY9,CHEMBL2097167,Adenylate cyclase,CHEMBL3142313,,Small molecule,,,Ki,7.8,nM,,,,https://www.ebi.ac.uk/chembl/target_report_card/CHEMBL2097167/,ChEMBL activity retrieved; up to 100 records retained per target (source total 52),Recorded chemical activity or drug evidence for the target.,26.0,high potency (7.8 nM Ki),7.8
BDNF,CHEMBL4523205,Neurotrophic factor BDNF precursor form,CHEMBL4436421,,Unknown,,,Kd,155.5,nM,,,,https://www.ebi.ac.uk/chembl/target_report_card/CHEMBL4523205/,ChEMBL activity retrieved; up to 100 records retained per target (source total 6),Recorded chemical activity or drug evidence for the target.,13.0,quantitative activity (155.5 nM Kd),155.5
BDNF,CHEMBL4523205,Neurotrophic factor BDNF precursor form,CHEMBL4540967,,Unknown,,,Kd,490.2,nM,,,,https://www.ebi.ac.uk/chembl/target_report_card/CHEMBL4523205/,ChEMBL activity retrieved; up to 100 records retained per target (source total 6),Recorded chemical activity or drug evidence for the target.,13.0,quantitative activity (490.2 nM Kd),490.2
BDNF,CHEMBL4523205,Neurotrophic factor BDNF precursor form,CHEMBL4552855,,Unknown,,,Kd,659.1,nM,,,,https://www.ebi.ac.uk/chembl/target_report_card/CHEMBL4523205/,ChEMBL activity retrieved; up to 100 records retained per target (source total 6),Recorded chemical activity or drug evidence for the target.,13.0,quantitative activity (659.1 nM Kd),659.1
BDNF,CHEMBL4523205,Neurotrophic factor BDNF precursor form,CHEMBL4436113,,Unknown,,,Activity,,,,,,https://www.ebi.ac.uk/chembl/target_report_card/CHEMBL4523205/,ChEMBL activity retrieved; up to 100 records retained per target (source total 6),Recorded chemical activity or drug evidence for the target.,1.0,Target-associated ChEMBL record,
BDNF,CHEMBL4523205,Neurotrophic factor BDNF precursor form,CHEMBL4447454,,Unknown,,,Activity,,,,,,https://www.ebi.ac.uk/chembl/target_report_card/CHEMBL4523205/,ChEMBL activity retrieved; up to 100 records retained per target (source total 6),Recorded chemical activity or drug evidence for the target.,1.0,Target-associated ChEMBL record,
BDNF,CHEMBL4523205,Neurotrophic factor BDNF precursor form,CHEMBL4528639,,Unknown,,,Activity,,,,,,https://www.ebi.ac.uk/chembl/target_report_card/CHEMBL4523205/,ChEMBL activity retrieved; up to 100 records retained per target (source total 6),Recorded chemical activity or drug evidence for the target.,1.0,Target-associated ChEMBL record,
CALCR,CHEMBL2111189,"Amylin receptor AMY1, CALCR/RAMP1",CHEMBL2103758,PRAMLINTIDE,Protein,,"{'action_type': 'AGONIST', 'description': 'Binds to and activates a receptor, often mimicking the effect of the endogenous ligand', 'parent_type': 'POSITIVE MODULATOR'}",EC50,0.02188,nM,4.0,2005.0,diabetes mellitus; obesity; type 1 diabetes mellitus; type 2 diabetes mellitus,https://www.ebi.ac.uk/chembl/target_report_card/CHEMBL2111189/,ChEMBL activity retrieved; up to 100 records retained per target (source total 6),Recorded chemical activity or drug evidence for the target.,186.0,"obesity/weight-related indication; pharmacological action reported ({'action_type': 'AGONIST', 'description': 'Binds to and activates a receptor, often mimicking the effect of the endogenous ligand', 'parent_type': 'POSITIVE MODULATOR'}); Phase 4 clinical development; first approval reported (2005.0); high potency (0.02188 nM EC50)",0.02188
CALCR,CHEMBL2364173,Amylin receptor AMY2; CALCR/RAMP2,CHEMBL2103758,PRAMLINTIDE,Protein,,"{'action_type': 'AGONIST', 'description': 'Binds to and activates a receptor, often mimicking the effect of the endogenous ligand', 'parent_type': 'POSITIVE MODULATOR'}",EC50,0.06457,nM,4.0,2005.0,diabetes mellitus; obesity; type 1 diabetes mellitus; type 2 diabetes mellitus; diabetes mellitus; obesity; type 1 diabetes mellitus; type 2 diabetes mellitus,https://www.ebi.ac.uk/chembl/target_report_card/CHEMBL2364173/,ChEMBL activity retrieved; up to 100 records retained per target (source total 5),Recorded chemical activity or drug evidence for the target.,186.0,"obesity/weight-related indication; pharmacological action reported ({'action_type': 'AGONIST', 'description': 'Binds to and activates a receptor, often mimicking the effect of the endogenous ligand', 'parent_type': 'POSITIVE MODULATOR'}); Phase 4 clinical development; first approval reported (2005.0); high potency (0.06457 nM EC50)",0.06457
CALCR,CHEMBL2111189,"Amylin receptor AMY1, CALCR/RAMP1",CHEMBL3833353,PRAMLINTIDE ACETATE,Protein,"Amylin receptor AMY1, CALCR/RAMP1 agonist",AGONIST,,,,4.0,2005.0,obesity; type 1 diabetes mellitus; type 2 diabetes mellitus,https://www.ebi.ac.uk/chembl/target_report_card/CHEMBL2111189/,ChEMBL mechanism retrieved,Recorded chemical activity or drug evidence for the target.,173.0,obesity/weight-related indication; mechanism of action reported; pharmacological action reported (AGONIST); Phase 4 clinical development; first approval reported (2005.0),
CALCR,CHEMBL2111190,Amylin receptor AMY3; CALCR/RAMP3,CHEMBL3833353,PRAMLINTIDE ACETATE,Protein,Amylin receptor AMY3; CALCR/RAMP3 agonist,AGONIST,,,,4.0,2005.0,obesity; type 1 diabetes mellitus; type 2 diabetes mellitus; obesity; type 1 diabetes mellitus; type 2 diabetes mellitus,https://www.ebi.ac.uk/chembl/target_report_card/CHEMBL2111190/,ChEMBL mechanism retrieved,Recorded chemical activity or drug evidence for the target.,173.0,obesity/weight-related indication; mechanism of action reported; pharmacological action reported (AGONIST); Phase 4 clinical development; first approval reported (2005.0),
CALCR,CHEMBL2364173,Amylin receptor AMY2; CALCR/RAMP2,CHEMBL3833353,PRAMLINTIDE ACETATE,Protein,Amylin receptor AMY2; CALCR/RAMP2 agonist,AGONIST,,,,4.0,2005.0,obesity; type 1 diabetes mellitus; type 2 diabetes mellitus; obesity; type 1 diabetes mellitus; type 2 diabetes mellitus; obesity; type 1 diabetes mellitus; type 2 diabetes mellitus,https://www.ebi.ac.uk/chembl/target_report_card/CHEMBL2364173/,ChEMBL mechanism retrieved,Recorded chemical activity or drug evidence for the target.,173.0,obesity/weight-related indication; mechanism of action reported; pharmacological action reported (AGONIST); Phase 4 clinical development; first approval reported (2005.0),
CALCR,CHEMBL2111189,"Amylin receptor AMY1, CALCR/RAMP1",CHEMBL4802169,CAGRILINTIDE,Protein,,"{'action_type': 'AGONIST', 'description': 'Binds to and activates a receptor, often mimicking the effect of the endogenous ligand', 'parent_type': 'POSITIVE MODULATOR'}",EC50,0.01862,nM,3.0,,obesity; type 2 diabetes mellitus; liver disease; overweight body mass index status; cardiovascular disease; nutritional disorder,https://www.ebi.ac.uk/chembl/target_report_card/CHEMBL2111189/,ChEMBL activity retrieved; up to 100 records retained per target (source total 6),Recorded chemical activity or drug evidence for the target.,168.0,"obesity/weight-related indication; pharmacological action reported ({'action_type': 'AGONIST', 'description': 'Binds to and activates a receptor, often mimicking the effect of the endogenous ligand', 'parent_type': 'POSITIVE MODULATOR'}); Phase 3 clinical development; high potency (0.01862 nM EC50)",0.01862
CALCR,CHEMBL2364173,Amylin receptor AMY2; CALCR/RAMP2,CHEMBL4802169,CAGRILINTIDE,Protein,,"{'action_type': 'AGONIST', 'description': 'Binds to and activates a receptor, often mimicking the effect of the endogenous ligand', 'parent_type': 'POSITIVE MODULATOR'}",EC50,0.04266,nM,3.0,,obesity; type 2 diabetes mellitus; liver disease; overweight body mass index status; cardiovascular disease; nutritional disorder; obesity; type 2 diabetes mellitus; liver disease; overweight body mass index status; cardiovascular disease; nutritional disorder,https://www.ebi.ac.uk/chembl/target_report_card/CHEMBL2364173/,ChEMBL activity retrieved; up to 100 records retained per target (source total 5),Recorded chemical activity or drug evidence for the target.,168.0,"obesity/weight-related indication; pharmacological action reported ({'action_type': 'AGONIST', 'description': 'Binds to and activates a receptor, often mimicking the effect of the endogenous ligand', 'parent_type': 'POSITIVE MODULATOR'}); Phase 3 clinical development; high potency (0.04266 nM EC50)",0.04266
CALCR,CHEMBL1832,Calcitonin receptor,CHEMBL113,CAFFEINE,Small molecule,,,IC50,,,4.0,1948.0,atrial fibrillation; cocaine dependence; attention deficit hyperactivity disorder; pain; atopic eczema; Crohn's disease; neoplasm; psoriasis; rheumatoid arthritis; obesity; intermittent vascular claudication; relapsing-remitting multiple sclerosis; chronic hepatitis C virus infection; anemia (phenotype); orthostatic hypotension; infectious disease; common cold; non-alcoholic steatohepatitis; Spinal cord injury; Headache; breast carcinoma; metastatic melanoma; hypoxia; voice disorders; Dyspnea; Back pain; Chronic pain; Neck pain; Dysmenorrhea; Low back pain; Tension-type headache; amblyopia; substance dependence; prostate cancer; narcolepsy; ulcerative colitis; HIV infection; coronary artery disease; Apnea; toothache; serum lipopolysaccharide activity; Alzheimer disease; amyotrophic lateral sclerosis; type 2 diabetes mellitus; Parkinson disease; migraine disorder; migraine with aura; alcohol dependence; mitochondrial disease; migraine without aura; melanoma; sexual dysfunction; metastasis; bronchopulmonary dysplasia; COVID-19,https://www.ebi.ac.uk/chembl/target_report_card/CHEMBL1832/,ChEMBL activity retrieved; up to 100 records retained per target (source total 2262),Recorded chemical activity or drug evidence for the target.,155.0,obesity/weight-related indication; Phase 4 clinical development; first approval reported (1948.0),
CALCR,CHEMBL1832,Calcitonin receptor,CHEMBL113,CAFFEINE,Small molecule,,,Ki,,,4.0,1948.0,atrial fibrillation; cocaine dependence; attention deficit hyperactivity disorder; pain; atopic eczema; Crohn's disease; neoplasm; psoriasis; rheumatoid arthritis; obesity; intermittent vascular claudication; relapsing-remitting multiple sclerosis; chronic hepatitis C virus infection; anemia (phenotype); orthostatic hypotension; infectious disease; common cold; non-alcoholic steatohepatitis; Spinal cord injury; Headache; breast carcinoma; metastatic melanoma; hypoxia; voice disorders; Dyspnea; Back pain; Chronic pain; Neck pain; Dysmenorrhea; Low back pain; Tension-type headache; amblyopia; substance dependence; prostate cancer; narcolepsy; ulcerative colitis; HIV infection; coronary artery disease; Apnea; toothache; serum lipopolysaccharide activity; Alzheimer disease; amyotrophic lateral sclerosis; type 2 diabetes mellitus; Parkinson disease; migraine disorder; migraine with aura; alcohol dependence; mitochondrial disease; migraine without aura; melanoma; sexual dysfunction; metastasis; bronchopulmonary dysplasia; COVID-19,https://www.ebi.ac.uk/chembl/target_report_card/CHEMBL1832/,ChEMBL activity retrieved; up to 100 records retained per target (source total 2262),Recorded chemical activity or drug evidence for the target.,155.0,obesity/weight-related indication; Phase 4 clinical development; first approval reported (1948.0),
CALCR,CHEMBL1832,Calcitonin receptor,CHEMBL701,BACLOFEN,Small molecule,,,IC50,,,4.0,1977.0,"cocaine dependence; nicotine dependence; alcohol withdrawal; autism; hepatocellular carcinoma; reproductive system disease; obesity; drug dependence; gastroesophageal reflux disease; cerebral palsy; alcoholic liver cirrhosis; cannabis dependence; pain; spinal cord disease; Spasticity; Rigidity; Spinal cord injury; brain injury; Brain Injuries, Traumatic; multiple sclerosis; alcohol dependence; ataxia telangiectasia; fragile X syndrome; Charcot-Marie-Tooth disease",https://www.ebi.ac.uk/chembl/target_report_card/CHEMBL1832/,ChEMBL activity retrieved; up to 100 records retained per target (source total 2262),Recorded chemical activity or drug evidence for the target.,155.0,obesity/weight-related indication; Phase 4 clinical development; first approval reported (1977.0),
CCND2,CHEMBL3301386,CDK6/cyclin D2,CHEMBL189963,PALBOCICLIB,Small molecule,,"{'action_type': 'INHIBITOR', 'description': 'Negatively effects (inhibits) the normal functioning of the protein e.g., prevention of enzymatic reaction or activation of downstream pathway', 'parent_type': 'NEGATIVE MODULATOR'}",IC50,15.0,nM,4.0,2015.0,breast carcinoma; Mantle cell lymphoma; breast neoplasm; neoplasm; non-Hodgkins lymphoma; hepatocellular carcinoma; liposarcoma; squamous cell lung carcinoma; head and neck squamous cell carcinoma; adenocarcinoma; glioblastoma multiforme; oligoastrocytoma; oligodendroglioma; squamous cell carcinoma; melanoma; multiple myeloma; thymus neoplasm; non-small cell lung carcinoma; pancreatic neuroendocrine tumor; Ewing sarcoma; acute lymphoblastic leukemia; acute myeloid leukemia; pancreatic carcinoma; urothelial carcinoma; colon carcinoma; soft tissue sarcoma; Hereditary breast and ovarian cancer syndrome; kidney disease; breast ductal adenocarcinoma; breast cancer; ovarian cancer; prostate cancer; lung cancer; endometrial cancer; lymphoma; clear cell renal carcinoma; osteosarcoma; renal cell carcinoma; chordoma; COVID-19; ovarian carcinoma; dedifferentiated liposarcoma; esophageal squamous cell carcinoma; HER2 Positive Breast Carcinoma; cancer; breast ductal carcinoma in situ; sarcoma; breast disease; undifferentiated pleomorphic sarcoma; urinary bladder cancer; pancreatic ductal adenocarcinoma; nasopharyngeal carcinoma; malignant tumor of neck,https://www.ebi.ac.uk/chembl/target_report_card/CHEMBL3301386/,ChEMBL activity retrieved; up to 100 records retained per target (source total 9),Recorded chemical activity or drug evidence for the target.,81.0,"pharmacological action reported ({'action_type': 'INHIBITOR', 'description': 'Negatively effects (inhibits) the normal functioning of the protein e.g., prevention of enzymatic reaction or activation of downstream pathway', 'parent_type': 'NEGATIVE MODULATOR'}); Phase 4 clinical development; first approval reported (2015.0); potent activity (15 nM IC50)",15.0
CCND2,CHEMBL3301386,CDK6/cyclin D2,CHEMBL189963,PALBOCICLIB,Small molecule,,,IC50,9.0,nM,4.0,2015.0,breast carcinoma; Mantle cell lymphoma; breast neoplasm; neoplasm; non-Hodgkins lymphoma; hepatocellular carcinoma; liposarcoma; squamous cell lung carcinoma; head and neck squamous cell carcinoma; adenocarcinoma; glioblastoma multiforme; oligoastrocytoma; oligodendroglioma; squamous cell carcinoma; melanoma; multiple myeloma; thymus neoplasm; non-small cell lung carcinoma; pancreatic neuroendocrine tumor; Ewing sarcoma; acute lymphoblastic leukemia; acute myeloid leukemia; pancreatic carcinoma; urothelial carcinoma; colon carcinoma; soft tissue sarcoma; Hereditary breast and ovarian cancer syndrome; kidney disease; breast ductal adenocarcinoma; breast cancer; ovarian cancer; prostate cancer; lung cancer; endometrial cancer; lymphoma; clear cell renal carcinoma; osteosarcoma; renal cell carcinoma; chordoma; COVID-19; ovarian carcinoma; dedifferentiated liposarcoma; esophageal squamous cell carcinoma; HER2 Positive Breast Carcinoma; cancer; breast ductal carcinoma in situ; sarcoma; breast disease; undifferentiated pleomorphic sarcoma; urinary bladder cancer; pancreatic ductal adenocarcinoma; nasopharyngeal carcinoma; malignant tumor of neck,https://www.ebi.ac.uk/chembl/target_report_card/CHEMBL3301386/,ChEMBL activity retrieved; up to 100 records retained per target (source total 9),Recorded chemical activity or drug evidence for the target.,80.0,Phase 4 clinical development; first approval reported (2015.0); high potency (9 nM IC50),9.0
CCND2,CHEMBL3301386,CDK6/cyclin D2,CHEMBL189963,PALBOCICLIB,Small molecule,,,IC50,15.85,nM,4.0,2015.0,breast carcinoma; Mantle cell lymphoma; breast neoplasm; neoplasm; non-Hodgkins lymphoma; hepatocellular carcinoma; liposarcoma; squamous cell lung carcinoma; head and neck squamous cell carcinoma; adenocarcinoma; glioblastoma multiforme; oligoastrocytoma; oligodendroglioma; squamous cell carcinoma; melanoma; multiple myeloma; thymus neoplasm; non-small cell lung carcinoma; pancreatic neuroendocrine tumor; Ewing sarcoma; acute lymphoblastic leukemia; acute myeloid leukemia; pancreatic carcinoma; urothelial carcinoma; colon carcinoma; soft tissue sarcoma; Hereditary breast and ovarian cancer syndrome; kidney disease; breast ductal adenocarcinoma; breast cancer; ovarian cancer; prostate cancer; lung cancer; endometrial cancer; lymphoma; clear cell renal carcinoma; osteosarcoma; renal cell carcinoma; chordoma; COVID-19; ovarian carcinoma; dedifferentiated liposarcoma; esophageal squamous cell carcinoma; HER2 Positive Breast Carcinoma; cancer; breast ductal carcinoma in situ; sarcoma; breast disease; undifferentiated pleomorphic sarcoma; urinary bladder cancer; pancreatic ductal adenocarcinoma; nasopharyngeal carcinoma; malignant tumor of neck,https://www.ebi.ac.uk/chembl/target_report_card/CHEMBL3301386/,ChEMBL activity retrieved; up to 100 records retained per target (source total 9),Recorded chemical activity or drug evidence for the target.,75.0,Phase 4 clinical development; first approval reported (2015.0); potent activity (15.85 nM IC50),15.85
CCND2,CHEMBL3301386,CDK6/cyclin D2,CHEMBL2103875,TRAMETINIB,Small molecule,,,% of control,107.0,%,4.0,2013.0,neoplasm; acute myeloid leukemia; non-small cell lung carcinoma; metastatic prostate cancer; mouth neoplasm; melanoma; hepatocellular carcinoma; cutaneous melanoma; follicular thyroid carcinoma; leukemia; papillary thyroid carcinoma; multiple myeloma; metastatic melanoma; pancreatic carcinoma; rectum cancer; Erdheim-Chester disease; colorectal carcinoma; colorectal adenocarcinoma; lung adenocarcinoma; bronchial neoplasm; soft tissue sarcoma; thyroid cancer; cervical cancer; breast cancer; prostate cancer; lung cancer; epithelioid hemangioendothelioma; ameloblastoma; cholangiocarcinoma; undifferentiated carcinoma; gastric cancer; malignant glioma; Histiocytosis; amyotrophic lateral sclerosis; gastrointestinal stromal tumor; meningioma; malignant colon neoplasm; triple-negative breast cancer; Craniopharyngioma; rosacea; cancer; breast carcinoma; prostate carcinoma; thyroid carcinoma; biliary tract neoplasm; Thyroid Gland Undifferentiated (Anaplastic) Carcinoma; Uveal Melanoma; liver cancer; pancreatic ductal adenocarcinoma; colorectal cancer; low grade glioma; Cerebral arteriovenous malformation,https://www.ebi.ac.uk/chembl/target_report_card/CHEMBL3301386/,ChEMBL activity retrieved; up to 100 records retained per target (source total 9),Recorded chemical activity or drug evidence for the target.,58.0,Phase 4 clinical development; first approval reported (2013.0); activity reported (% of control: 107.0 %),
CCND2,CHEMBL2095942,Cyclin-dependent kinase 4/cyclin D,CHEMBL428690,ALVOCIDIB,Small molecule,,,IC50,100.0,nM,3.0,,lymphoma; neoplasm; lymphoid neoplasm; multiple myeloma; chronic lymphocytic leukemia; acute myeloid leukemia; cutaneous melanoma; leukemia; sarcoma; male breast carcinoma; prolymphocytic leukemia; kidney cancer; liver cancer; breast cancer; esophageal cancer; prostate cancer; endometrial cancer; pancreatic carcinoma; lymphoid leukemia; lymphoma; neoplasm; lymphoid neoplasm; multiple myeloma; chronic lymphocytic leukemia; acute myeloid leukemia; cutaneous melanoma; leukemia; sarcoma; male breast carcinoma; prolymphocytic leukemia; kidney cancer; liver cancer; breast cancer; esophageal cancer; prostate cancer; endometrial cancer; pancreatic carcinoma; lymphoid leukemia,https://www.ebi.ac.uk/chembl/target_report_card/CHEMBL2095942/,ChEMBL activity retrieved; up to 100 records retained per target (source total 170),Recorded chemical activity or drug evidence for the target.,57.0,Phase 3 clinical development; potent activity (100 nM IC50),100.0
CCND2,CHEMBL2095942,Cyclin-dependent kinase 4/cyclin D,CHEMBL428690,ALVOCIDIB,Small molecule,,,ID50,0.4,uM,3.0,,lymphoma; neoplasm; lymphoid neoplasm; multiple myeloma; chronic lymphocytic leukemia; acute myeloid leukemia; cutaneous melanoma; leukemia; sarcoma; male breast carcinoma; prolymphocytic leukemia; kidney cancer; liver cancer; breast cancer; esophageal cancer; prostate cancer; endometrial cancer; pancreatic carcinoma; lymphoid leukemia; lymphoma; neoplasm; lymphoid neoplasm; multiple myeloma; chronic lymphocytic leukemia; acute myeloid leukemia; cutaneous melanoma; leukemia; sarcoma; male breast carcinoma; prolymphocytic leukemia; kidney cancer; liver cancer; breast cancer; esophageal cancer; prostate cancer; endometrial cancer; pancreatic carcinoma; lymphoid leukemia,https://www.ebi.ac.uk/chembl/target_report_card/CHEMBL2095942/,ChEMBL activity retrieved; up to 100 records retained per target (source total 170),Recorded chemical activity or drug evidence for the target.,40.0,Phase 3 clinical development; activity reported (ID50: 0.4 uM),
CCND2,CHEMBL2095942,Cyclin-dependent kinase 4/cyclin D,CHEMBL296468,BMS-387032,Small molecule,,,IC50,925.0,nM,1.0,,chronic lymphocytic leukemia; neoplasm; multiple myeloma; Mantle cell lymphoma; cancer; chronic lymphocytic leukemia; neoplasm; multiple myeloma; Mantle cell lymphoma; cancer,https://www.ebi.ac.uk/chembl/target_report_card/CHEMBL2095942/,ChEMBL activity retrieved; up to 100 records retained per target (source total 170),Recorded chemical activity or drug evidence for the target.,35.0,Phase 1 clinical development; quantitative activity (925 nM IC50),925.0
CCND2,CHEMBL2095942,Cyclin-dependent kinase 4/cyclin D,CHEMBL142619,,Small molecule,,,IC50,0.7,nM,,,,https://www.ebi.ac.uk/chembl/target_report_card/CHEMBL2095942/,ChEMBL activity retrieved; up to 100 records retained per target (source total 170),Recorded chemical activity or drug evidence for the target.,26.0,high potency (0.7 nM IC50),0.7
CCND2,CHEMBL2095942,Cyclin-dependent kinase 4/cyclin D,CHEMBL140808,,Small molecule,,,IC50,4.0,nM,,,,https://www.ebi.ac.uk/chembl/target_report_card/CHEMBL2095942/,ChEMBL activity retrieved; up to 100 records retained per target (source total 170),Recorded chemical activity or drug evidence for the target.,26.0,high potency (4 nM IC50),4.0
CCND2,CHEMBL2095942,Cyclin-dependent kinase 4/cyclin D,CHEMBL141018,,Small molecule,,,IC50,4.0,nM,,,,https://www.ebi.ac.uk/chembl/target_report_card/CHEMBL2095942/,ChEMBL activity retrieved; up to 100 records retained per target (source total 170),Recorded chemical activity or drug evidence for the target.,26.0,high potency (4 nM IC50),4.0
DPP9,CHEMBL3885564,Dipeptidyl peptidase 8/9,CHEMBL67279,TALABOSTAT,Small molecule,,,IC50,80000.0,nM,3.0,,melanoma; non-small cell lung carcinoma; pancreatic carcinoma; neoplasm; kidney cancer; lung cancer; skin cancer; lung neoplasm,https://www.ebi.ac.uk/chembl/target_report_card/CHEMBL3885564/,ChEMBL activity retrieved; up to 100 records retained per target (source total 258),Recorded chemical activity or drug evidence for the target.,42.0,Phase 3 clinical development; quantitative activity (80000 nM IC50),80000.0
DPP9,CHEMBL3885564,Dipeptidyl peptidase 8/9,CHEMBL67279,TALABOSTAT,Small molecule,,,kon,,,3.0,,melanoma; non-small cell lung carcinoma; pancreatic carcinoma; neoplasm; kidney cancer; lung cancer; skin cancer; lung neoplasm,https://www.ebi.ac.uk/chembl/target_report_card/CHEMBL3885564/,ChEMBL activity retrieved; up to 100 records retained per target (source total 258),Recorded chemical activity or drug evidence for the target.,37.0,Phase 3 clinical development,
DPP9,CHEMBL3885564,Dipeptidyl peptidase 8/9,CHEMBL67279,TALABOSTAT,Small molecule,,,k_off,,s-1,3.0,,melanoma; non-small cell lung carcinoma; pancreatic carcinoma; neoplasm; kidney cancer; lung cancer; skin cancer; lung neoplasm,https://www.ebi.ac.uk/chembl/target_report_card/CHEMBL3885564/,ChEMBL activity retrieved; up to 100 records retained per target (source total 258),Recorded chemical activity or drug evidence for the target.,37.0,Phase 3 clinical development,
DPP9,CHEMBL4793,Dipeptidyl peptidase 9,CHEMBL191775,,Small molecule,,,IC50,320.0,nM,,,,https://www.ebi.ac.uk/chembl/target_report_card/CHEMBL4793/,ChEMBL activity retrieved; up to 100 records retained per target (source total 2299),Recorded chemical activity or drug evidence for the target.,13.0,quantitative activity (320 nM IC50),320.0
DPP9,CHEMBL4793,Dipeptidyl peptidase 9,CHEMBL183418,,Small molecule,,,IC50,450.0,nM,,,,https://www.ebi.ac.uk/chembl/target_report_card/CHEMBL4793/,ChEMBL activity retrieved; up to 100 records retained per target (source total 2299),Recorded chemical activity or drug evidence for the target.,13.0,quantitative activity (450 nM IC50),450.0
DPP9,CHEMBL3885564,Dipeptidyl peptidase 8/9,CHEMBL5523593,,,,"{'action_type': 'INHIBITOR', 'description': 'Negatively effects (inhibits) the normal functioning of the protein e.g., prevention of enzymatic reaction or activation of downstream pathway', 'parent_type': 'NEGATIVE MODULATOR'}",Activity,,,,,,https://www.ebi.ac.uk/chembl/target_report_card/CHEMBL3885564/,ChEMBL activity retrieved; up to 100 records retained per target (source total 258),Recorded chemical activity or drug evidence for the target.,7.0,"pharmacological action reported ({'action_type': 'INHIBITOR', 'description': 'Negatively effects (inhibits) the normal functioning of the protein e.g., prevention of enzymatic reaction or activation of downstream pathway', 'parent_type': 'NEGATIVE MODULATOR'})",
DPP9,CHEMBL3885564,Dipeptidyl peptidase 8/9,CHEMBL5527979,,,,"{'action_type': 'INHIBITOR', 'description': 'Negatively effects (inhibits) the normal functioning of the protein e.g., prevention of enzymatic reaction or activation of downstream pathway', 'parent_type': 'NEGATIVE MODULATOR'}",Activity,,,,,,https://www.ebi.ac.uk/chembl/target_report_card/CHEMBL3885564/,ChEMBL activity retrieved; up to 100 records retained per target (source total 258),Recorded chemical activity or drug evidence for the target.,7.0,"pharmacological action reported ({'action_type': 'INHIBITOR', 'description': 'Negatively effects (inhibits) the normal functioning of the protein e.g., prevention of enzymatic reaction or activation of downstream pathway', 'parent_type': 'NEGATIVE MODULATOR'})",
DPP9,CHEMBL4793,Dipeptidyl peptidase 9,CHEMBL98408,,Small molecule,,,IC50,1600.0,nM,,,,https://www.ebi.ac.uk/chembl/target_report_card/CHEMBL4793/,ChEMBL activity retrieved; up to 100 records retained per target (source total 2299),Recorded chemical activity or drug evidence for the target.,6.0,quantitative activity (1600 nM IC50),1600.0
DPP9,CHEMBL4793,Dipeptidyl peptidase 9,CHEMBL189055,,Small molecule,,,IC50,2600.0,nM,,,,https://www.ebi.ac.uk/chembl/target_report_card/CHEMBL4793/,ChEMBL activity retrieved; up to 100 records retained per target (source total 2299),Recorded chemical activity or drug evidence for the target.,6.0,quantitative activity (2600 nM IC50),2600.0
DPP9,CHEMBL3885564,Dipeptidyl peptidase 8/9,CHEMBL6020304,,,,,IC50,2700.0,nM,,,,https://www.ebi.ac.uk/chembl/target_report_card/CHEMBL3885564/,ChEMBL activity retrieved; up to 100 records retained per target (source total 258),Recorded chemical activity or drug evidence for the target.,6.0,quantitative activity (2700 nM IC50),2700.0
FTO,CHEMBL2331065,Alpha-ketoglutarate-dependent dioxygenase FTO,CHEMBL2338329,ROXADUSTAT,Small molecule,,,IC50,9800.0,nM,4.0,2021.0,anemia (phenotype); myelodysplastic syndrome; kidney disease; ST Elevation Myocardial Infarction; chronic kidney disease,https://www.ebi.ac.uk/chembl/target_report_card/CHEMBL2331065/,ChEMBL activity retrieved; up to 100 records retained per target (source total 913),Recorded chemical activity or drug evidence for the target.,60.0,Phase 4 clinical development; first approval reported (2021.0); quantitative activity (9800 nM IC50),9800.0
FTO,CHEMBL2331065,Alpha-ketoglutarate-dependent dioxygenase FTO,CHEMBL1261,CITRIC ACID,Small molecule,,,IC50,300000.0,nM,4.0,1982.0,Renal insufficiency; Nephrocalcinosis; Tension-type headache; nephrolithiasis; cataract; osteoarthritis,https://www.ebi.ac.uk/chembl/target_report_card/CHEMBL2331065/,ChEMBL activity retrieved; up to 100 records retained per target (source total 913),Recorded chemical activity or drug evidence for the target.,60.0,Phase 4 clinical development; first approval reported (1982.0); quantitative activity (300000 nM IC50),300000.0
FTO,CHEMBL2331065,Alpha-ketoglutarate-dependent dioxygenase FTO,CHEMBL25336,BISANTRENE,Small molecule,Alpha-ketoglutarate-dependent dioxygenase FTO inhibitor,INHIBITOR,,,,3.0,,acute myeloid leukemia,https://www.ebi.ac.uk/chembl/target_report_card/CHEMBL2331065/,ChEMBL mechanism retrieved,Recorded chemical activity or drug evidence for the target.,55.0,mechanism of action reported; pharmacological action reported (INHIBITOR); Phase 3 clinical development,
FTO,CHEMBL2331065,Alpha-ketoglutarate-dependent dioxygenase FTO,CHEMBL503160,FUMARIC ACID,Small molecule,,,IC50,150000.0,nM,3.0,,psoriasis; cutaneous lupus erythematosus,https://www.ebi.ac.uk/chembl/target_report_card/CHEMBL2331065/,ChEMBL activity retrieved; up to 100 records retained per target (source total 913),Recorded chemical activity or drug evidence for the target.,42.0,Phase 3 clinical development; quantitative activity (150000 nM IC50),150000.0
FTO,CHEMBL2331065,Alpha-ketoglutarate-dependent dioxygenase FTO,CHEMBL358850,D-LACTIC ACID,Small molecule,,,IC50,1000000.0,nM,3.0,,,https://www.ebi.ac.uk/chembl/target_report_card/CHEMBL2331065/,ChEMBL activity retrieved; up to 100 records retained per target (source total 913),Recorded chemical activity or drug evidence for the target.,42.0,Phase 3 clinical development; quantitative activity (1e+06 nM IC50),1000000.0
FTO,CHEMBL2331065,Alpha-ketoglutarate-dependent dioxygenase FTO,CHEMBL575060,GLUTAMIC ACID,Small molecule,,,IC50,1000000.0,nM,3.0,,Sleep Disorder,https://www.ebi.ac.uk/chembl/target_report_card/CHEMBL2331065/,ChEMBL activity retrieved; up to 100 records retained per target (source total 913),Recorded chemical activity or drug evidence for the target.,42.0,Phase 3 clinical development; quantitative activity (1e+06 nM IC50),1000000.0
FTO,CHEMBL2331065,Alpha-ketoglutarate-dependent dioxygenase FTO,CHEMBL1162144,PYRUVATE,Small molecule,,,IC50,1000000.0,nM,2.0,,prostate adenocarcinoma; breast cancer; open-angle glaucoma; ovarian carcinoma,https://www.ebi.ac.uk/chembl/target_report_card/CHEMBL2331065/,ChEMBL activity retrieved; up to 100 records retained per target (source total 913),Recorded chemical activity or drug evidence for the target.,36.0,Phase 2 clinical development; quantitative activity (1e+06 nM IC50),1000000.0
FTO,CHEMBL2331065,Alpha-ketoglutarate-dependent dioxygenase FTO,CHEMBL1455497,MALIC ACID,Small molecule,,,IC50,1000000.0,nM,2.0,,,https://www.ebi.ac.uk/chembl/target_report_card/CHEMBL2331065/,ChEMBL activity retrieved; up to 100 records retained per target (source total 913),Recorded chemical activity or drug evidence for the target.,36.0,Phase 2 clinical development; quantitative activity (1e+06 nM IC50),1000000.0
FTO,CHEMBL2331065,Alpha-ketoglutarate-dependent dioxygenase FTO,CHEMBL4572939,,Unknown,,,IC50,60.0,nM,,,,https://www.ebi.ac.uk/chembl/target_report_card/CHEMBL2331065/,ChEMBL activity retrieved; up to 100 records retained per target (source total 913),Recorded chemical activity or drug evidence for the target.,21.0,potent activity (60 nM IC50),60.0
FTO,CHEMBL2331065,Alpha-ketoglutarate-dependent dioxygenase FTO,CHEMBL4532629,,Unknown,,,IC50,400.0,nM,,,,https://www.ebi.ac.uk/chembl/target_report_card/CHEMBL2331065/,ChEMBL activity retrieved; up to 100 records retained per target (source total 913),Recorded chemical activity or drug evidence for the target.,13.0,quantitative activity (400 nM IC50),400.0
GIPR,CHEMBL4383,Gastric inhibitory polypeptide receptor,CHEMBL4297839,TIRZEPATIDE,Protein,Gastric inhibitory polypeptide receptor agonist,AGONIST,,,,4.0,2022.0,obesity; non-alcoholic steatohepatitis; type 2 diabetes mellitus; diabetes mellitus; chronic kidney disease; Wolfram syndrome; morbid obesity; overweight body mass index status,https://www.ebi.ac.uk/chembl/target_report_card/CHEMBL4383/,ChEMBL mechanism retrieved,Recorded chemical activity or drug evidence for the target.,173.0,obesity/weight-related indication; mechanism of action reported; pharmacological action reported (AGONIST); Phase 4 clinical development; first approval reported (2022.0),
GIPR,CHEMBL4383,Gastric inhibitory polypeptide receptor,CHEMBL5095485,RETATRUTIDE,Protein,Gastric inhibitory polypeptide receptor agonist,AGONIST,,,,3.0,,diabetes mellitus; obesity; Renal insufficiency; type 2 diabetes mellitus,https://www.ebi.ac.uk/chembl/target_report_card/CHEMBL4383/,ChEMBL mechanism retrieved,Recorded chemical activity or drug evidence for the target.,155.0,obesity/weight-related indication; mechanism of action reported; pharmacological action reported (AGONIST); Phase 3 clinical development,
GIPR,CHEMBL4383,Gastric inhibitory polypeptide receptor,CHEMBL453457,,Small molecule,,,IC50,12.0,nM,,,,https://www.ebi.ac.uk/chembl/target_report_card/CHEMBL4383/,ChEMBL activity retrieved; up to 100 records retained per target (source total 593),Recorded chemical activity or drug evidence for the target.,21.0,potent activity (12 nM IC50),12.0
GIPR,CHEMBL4383,Gastric inhibitory polypeptide receptor,CHEMBL198736,,Small molecule,,,IC50,28.3,nM,,,,https://www.ebi.ac.uk/chembl/target_report_card/CHEMBL4383/,ChEMBL activity retrieved; up to 100 records retained per target (source total 593),Recorded chemical activity or drug evidence for the target.,21.0,potent activity (28.3 nM IC50),28.3
GIPR,CHEMBL4383,Gastric inhibitory polypeptide receptor,CHEMBL219384,,Small molecule,,,IC50,38.0,nM,,,,https://www.ebi.ac.uk/chembl/target_report_card/CHEMBL4383/,ChEMBL activity retrieved; up to 100 records retained per target (source total 593),Recorded chemical activity or drug evidence for the target.,21.0,potent activity (38 nM IC50),38.0
GIPR,CHEMBL4383,Gastric inhibitory polypeptide receptor,CHEMBL386446,,Small molecule,,,IC50,64.0,nM,,,,https://www.ebi.ac.uk/chembl/target_report_card/CHEMBL4383/,ChEMBL activity retrieved; up to 100 records retained per target (source total 593),Recorded chemical activity or drug evidence for the target.,21.0,potent activity (64 nM IC50),64.0
GIPR,CHEMBL4383,Gastric inhibitory polypeptide receptor,CHEMBL447742,,Small molecule,,,IC50,74.0,nM,,,,https://www.ebi.ac.uk/chembl/target_report_card/CHEMBL4383/,ChEMBL activity retrieved; up to 100 records retained per target (source total 593),Recorded chemical activity or drug evidence for the target.,21.0,potent activity (74 nM IC50),74.0
GIPR,CHEMBL4383,Gastric inhibitory polypeptide receptor,CHEMBL455214,,Small molecule,,,IC50,83.0,nM,,,,https://www.ebi.ac.uk/chembl/target_report_card/CHEMBL4383/,ChEMBL activity retrieved; up to 100 records retained per target (source total 593),Recorded chemical activity or drug evidence for the target.,21.0,potent activity (83 nM IC50),83.0
GIPR,CHEMBL4383,Gastric inhibitory polypeptide receptor,CHEMBL499160,,Small molecule,,,IC50,87.0,nM,,,,https://www.ebi.ac.uk/chembl/target_report_card/CHEMBL4383/,ChEMBL activity retrieved; up to 100 records retained per target (source total 593),Recorded chemical activity or drug evidence for the target.,21.0,potent activity (87 nM IC50),87.0
GIPR,CHEMBL4383,Gastric inhibitory polypeptide receptor,CHEMBL375167,,Small molecule,,,IC50,93.0,nM,,,,https://www.ebi.ac.uk/chembl/target_report_card/CHEMBL4383/,ChEMBL activity retrieved; up to 100 records retained per target (source total 593),Recorded chemical activity or drug evidence for the target.,21.0,potent activity (93 nM IC50),93.0
GPR75,CHEMBL4523861,Probable G-protein coupled receptor 75,CHEMBL3480577,UCSF924,Small molecule,,,Mean fold stimulation,0.875,,,,,https://www.ebi.ac.uk/chembl/target_report_card/CHEMBL4523861/,ChEMBL activity retrieved; up to 100 records retained per target (source total 2),Recorded chemical activity or drug evidence for the target.,6.0,activity reported (Mean fold stimulation: 0.875 ),
GPR75,CHEMBL4523861,Probable G-protein coupled receptor 75,CHEMBL5724552,,,,,RLU,867.61,,,,,https://www.ebi.ac.uk/chembl/target_report_card/CHEMBL4523861/,ChEMBL activity retrieved; up to 100 records retained per target (source total 2),Recorded chemical activity or drug evidence for the target.,4.0,activity reported (RLU: 867.61 ),
KSR2,CHEMBL3627583,Kinase suppressor of Ras 2,CHEMBL2216870,IDELALISIB,Small molecule,,,Activity,95.0,%,4.0,2014.0,allergic rhinitis; chronic lymphocytic leukemia; Hodgkins lymphoma; Mantle cell lymphoma; neoplasm; neoplasm of mature B-cells; acute myeloid leukemia; diffuse large B-cell lymphoma; lymphoma; multiple myeloma; amyloidosis; acute lymphoblastic leukemia; Waldenstrom macroglobulinemia; follicular lymphoma; myelofibrosis; non-Hodgkins lymphoma; lymphoplasmacytic lymphoma; cancer; neoplasm of mature B-cells; pancreatic ductal adenocarcinoma,https://www.ebi.ac.uk/chembl/target_report_card/CHEMBL3627583/,ChEMBL activity retrieved; up to 100 records retained per target (source total 48),Recorded chemical activity or drug evidence for the target.,58.0,Phase 4 clinical development; first approval reported (2014.0); activity reported (Activity: 95.0 %),
KSR2,CHEMBL3627583,Kinase suppressor of Ras 2,CHEMBL3039502,DUVELISIB,Small molecule,,,Activity,91.44,%,4.0,2018.0,non-Hodgkins lymphoma; leukemia; rheumatoid arthritis; liver disease; unspecified peripheral T-cell lymphoma; head and neck squamous cell carcinoma; hematopoietic and lymphoid cell neoplasm; neoplasm; melanoma; Sezary's disease; mycosis fungoides; COVID-19; diffuse large B-cell lymphoma; acute lymphoblastic leukemia; asthma; chronic lymphocytic leukemia; lymphoma; cancer; follicular lymphoma; lymphoid leukemia,https://www.ebi.ac.uk/chembl/target_report_card/CHEMBL3627583/,ChEMBL activity retrieved; up to 100 records retained per target (source total 48),Recorded chemical activity or drug evidence for the target.,58.0,Phase 4 clinical development; first approval reported (2018.0); activity reported (Activity: 91.44 %),
KSR2,CHEMBL3627583,Kinase suppressor of Ras 2,CHEMBL3948730,UMBRALISIB,Small molecule,,,Activity,96.23,%,4.0,2021.0,chronic lymphocytic leukemia; Hodgkins lymphoma; Waldenstrom macroglobulinemia; Mantle cell lymphoma; follicular lymphoma; diffuse large B-cell lymphoma; neoplasm of mature B-cells; neoplasm; non-Hodgkins lymphoma,https://www.ebi.ac.uk/chembl/target_report_card/CHEMBL3627583/,ChEMBL activity retrieved; up to 100 records retained per target (source total 48),Recorded chemical activity or drug evidence for the target.,58.0,Phase 4 clinical development; first approval reported (2021.0); activity reported (Activity: 96.23 %),
KSR2,CHEMBL3627583,Kinase suppressor of Ras 2,CHEMBL4081711,ZIMLOVISERTIB,Small molecule,,,% of inhibition,-57.9,%,2.0,,rheumatoid arthritis; hidradenitis suppurativa; COVID-19; acute respiratory distress syndrome; systemic lupus erythematosus,https://www.ebi.ac.uk/chembl/target_report_card/CHEMBL3627583/,ChEMBL activity retrieved; up to 100 records retained per target (source total 48),Recorded chemical activity or drug evidence for the target.,34.0,Phase 2 clinical development; activity reported (% of inhibition: -57.9 %),
KSR2,CHEMBL3627583,Kinase suppressor of Ras 2,CHEMBL4081711,ZIMLOVISERTIB,Small molecule,,,% of inhibition,-32.8,%,2.0,,rheumatoid arthritis; hidradenitis suppurativa; COVID-19; acute respiratory distress syndrome; systemic lupus erythematosus,https://www.ebi.ac.uk/chembl/target_report_card/CHEMBL3627583/,ChEMBL activity retrieved; up to 100 records retained per target (source total 48),Recorded chemical activity or drug evidence for the target.,34.0,Phase 2 clinical development; activity reported (% of inhibition: -32.8 %),
KSR2,CHEMBL3627583,Kinase suppressor of Ras 2,CHEMBL4081711,ZIMLOVISERTIB,Small molecule,,,% of inhibition,-8.6,%,2.0,,rheumatoid arthritis; hidradenitis suppurativa; COVID-19; acute respiratory distress syndrome; systemic lupus erythematosus,https://www.ebi.ac.uk/chembl/target_report_card/CHEMBL3627583/,ChEMBL activity retrieved; up to 100 records retained per target (source total 48),Recorded chemical activity or drug evidence for the target.,34.0,Phase 2 clinical development; activity reported (% of inhibition: -8.6 %),
KSR2,CHEMBL3627583,Kinase suppressor of Ras 2,CHEMBL4081711,ZIMLOVISERTIB,Small molecule,,,% of inhibition,2.4,%,2.0,,rheumatoid arthritis; hidradenitis suppurativa; COVID-19; acute respiratory distress syndrome; systemic lupus erythematosus,https://www.ebi.ac.uk/chembl/target_report_card/CHEMBL3627583/,ChEMBL activity retrieved; up to 100 records retained per target (source total 48),Recorded chemical activity or drug evidence for the target.,34.0,Phase 2 clinical development; activity reported (% of inhibition: 2.4 %),
KSR2,CHEMBL3627583,Kinase suppressor of Ras 2,CHEMBL388978,STAUROSPORINE,Small molecule,,"{'action_type': 'INHIBITOR', 'description': 'Negatively effects (inhibits) the normal functioning of the protein e.g., prevention of enzymatic reaction or activation of downstream pathway', 'parent_type': 'NEGATIVE MODULATOR'}",IC50,3730.0,nM,,,,https://www.ebi.ac.uk/chembl/target_report_card/CHEMBL3627583/,ChEMBL activity retrieved; up to 100 records retained per target (source total 48),Recorded chemical activity or drug evidence for the target.,14.0,"pharmacological action reported ({'action_type': 'INHIBITOR', 'description': 'Negatively effects (inhibits) the normal functioning of the protein e.g., prevention of enzymatic reaction or activation of downstream pathway', 'parent_type': 'NEGATIVE MODULATOR'}); quantitative activity (3730 nM IC50)",3730.0
KSR2,CHEMBL3627583,Kinase suppressor of Ras 2,CHEMBL388978,STAUROSPORINE,Small molecule,,"{'action_type': 'INHIBITOR', 'description': 'Negatively effects (inhibits) the normal functioning of the protein e.g., prevention of enzymatic reaction or activation of downstream pathway', 'parent_type': 'NEGATIVE MODULATOR'}",IC50,3980.0,nM,,,,https://www.ebi.ac.uk/chembl/target_report_card/CHEMBL3627583/,ChEMBL activity retrieved; up to 100 records retained per target (source total 48),Recorded chemical activity or drug evidence for the target.,14.0,"pharmacological action reported ({'action_type': 'INHIBITOR', 'description': 'Negatively effects (inhibits) the normal functioning of the protein e.g., prevention of enzymatic reaction or activation of downstream pathway', 'parent_type': 'NEGATIVE MODULATOR'}); quantitative activity (3980 nM IC50)",3980.0
KSR2,CHEMBL3627583,Kinase suppressor of Ras 2,CHEMBL4522930,BI-605906,Unknown,,"{'action_type': 'INHIBITOR', 'description': 'Negatively effects (inhibits) the normal functioning of the protein e.g., prevention of enzymatic reaction or activation of downstream pathway', 'parent_type': 'NEGATIVE MODULATOR'}",% Ctrl,92.0,%,,,,https://www.ebi.ac.uk/chembl/target_report_card/CHEMBL3627583/,ChEMBL activity retrieved; up to 100 records retained per target (source total 48),Recorded chemical activity or drug evidence for the target.,12.0,"pharmacological action reported ({'action_type': 'INHIBITOR', 'description': 'Negatively effects (inhibits) the normal functioning of the protein e.g., prevention of enzymatic reaction or activation of downstream pathway', 'parent_type': 'NEGATIVE MODULATOR'}); activity reported (% Ctrl: 92.0 %)",
LEPR,CHEMBL5913,Leptin receptor,CHEMBL2107857,METRELEPTIN,Protein,Leptin receptor agonist,AGONIST,,,,4.0,2014.0,obesity; non-alcoholic fatty liver disease; lipodystrophy; metabolic syndrome; HIV-Associated Lipodystrophy Syndrome; insulin resistance; liver disease; lipomatosis; type 1 diabetes mellitus; familial partial lipodystrophy; fasting; amenorrhea; anorexia nervosa,https://www.ebi.ac.uk/chembl/target_report_card/CHEMBL5913/,ChEMBL mechanism retrieved,Recorded chemical activity or drug evidence for the target.,173.0,obesity/weight-related indication; mechanism of action reported; pharmacological action reported (AGONIST); Phase 4 clinical development; first approval reported (2014.0),
LEPR,CHEMBL5913,Leptin receptor,CHEMBL715,OLANZAPINE,Small molecule,,,Activity,,,4.0,1996.0,"eating disorder; gambling behaviour; Chemotherapy-induced nausea and vomiting; Fish-eye disease; autism; psychosis; post operative nausea and vomiting; mood disorder; body weight gain; anxiety; schizoaffective disorder; drug-Induced dyskinesia; Dementia; Borderline personality disorder; major depressive disorder; Weight loss; Nausea and vomiting; Nausea; developmental disability; treatment resistant depression; Agitation; Vomiting; major depressive disorder; neoplasm; delirium; depressive disorder; bipolar I disorder; testicular carcinoma; opioid use disorder; Anorexia; amyotrophic lateral sclerosis; schizophrenia; alcohol dependence; Huntington disease; Agitation; Intellectual disability; bipolar disorder; anorexia nervosa; mental or behavioural disorder; Genital neoplasm, female",https://www.ebi.ac.uk/chembl/target_report_card/CHEMBL5913/,ChEMBL activity retrieved; up to 100 records retained per target (source total 5),Recorded chemical activity or drug evidence for the target.,155.0,obesity/weight-related indication; Phase 4 clinical development; first approval reported (1996.0),
LEPR,CHEMBL5913,Leptin receptor,CHEMBL42,CLOZAPINE,Small molecule,,,Activity,,,4.0,1989.0,psychosis; anxiety; Dementia; schizoaffective disorder; developmental disability; depressive disorder; schizophrenia; Intellectual disability; bipolar disorder,https://www.ebi.ac.uk/chembl/target_report_card/CHEMBL5913/,ChEMBL activity retrieved; up to 100 records retained per target (source total 5),Recorded chemical activity or drug evidence for the target.,55.0,Phase 4 clinical development; first approval reported (1989.0),
LEPR,CHEMBL5913,Leptin receptor,CHEMBL4650509,MIBAVADEMAB,Antibody,Leptin receptor agonist,AGONIST,,,,2.0,,generalized lipodystrophy,https://www.ebi.ac.uk/chembl/target_report_card/CHEMBL5913/,ChEMBL mechanism retrieved,Recorded chemical activity or drug evidence for the target.,49.0,mechanism of action reported; pharmacological action reported (AGONIST); Phase 2 clinical development,
LEPR,CHEMBL5913,Leptin receptor,CHEMBL1289626,,Small molecule,,,Activity,,,,,,https://www.ebi.ac.uk/chembl/target_report_card/CHEMBL5913/,ChEMBL activity retrieved; up to 100 records retained per target (source total 5),Recorded chemical activity or drug evidence for the target.,1.0,Target-associated ChEMBL record,
MAP2K5,CHEMBL4948,Dual specificity mitogen-activated protein kinase kinase 5,CHEMBL502835,NINTEDANIB,Small molecule,,,Kd,1.8,nM,4.0,2014.0,"neoplasm; renal cell carcinoma; systemic scleroderma; idiopathic pulmonary fibrosis; non-small cell lung carcinoma; hepatocellular carcinoma; acute myeloid leukemia; small cell lung carcinoma; multiple myeloma; cervical adenocarcinoma; mesothelioma; pancreatic carcinoma; sarcoma; malignant pleural mesothelioma; gastric adenocarcinoma; prostate adenocarcinoma; glioblastoma multiforme; cutaneous melanoma; squamous cell lung carcinoma; anaplastic astrocytoma; anaplastic oligodendroglioma; ovarian neoplasm; colorectal neoplasm; interstitial lung disease; upper aerodigestive tract neoplasm; Genital neoplasm, female; gliosarcoma; bronchiolitis obliterans; urothelial carcinoma; pulmonary fibrosis; lung adenocarcinoma; carcinoid tumor; colon adenocarcinoma; appendix cancer; peritoneum cancer; fallopian tube cancer; salivary gland cancer; breast cancer; ovarian cancer; lung cancer; endometrial cancer; medullary thyroid gland carcinoma; rectal carcinoma; COVID-19; lymphangioleiomyomatosis; hereditary hemorrhagic telangiectasia; colorectal adenocarcinoma; neuroendocrine neoplasm; colorectal cancer; malignant colon neoplasm",https://www.ebi.ac.uk/chembl/target_report_card/CHEMBL4948/,ChEMBL activity retrieved; up to 100 records retained per target (source total 797),Recorded chemical activity or drug evidence for the target.,80.0,Phase 4 clinical development; first approval reported (2014.0); high potency (1.8 nM Kd),1.8
MAP2K5,CHEMBL4948,Dual specificity mitogen-activated protein kinase kinase 5,CHEMBL5416410,DASATINIB,Small molecule,,,Kd,3.3,nM,4.0,2006.0,"B-cell acute lymphoblastic leukemia; Blast Phase Chronic Myelogenous Leukemia, BCR-ABL1 Positive",https://www.ebi.ac.uk/chembl/target_report_card/CHEMBL4948/,ChEMBL activity retrieved; up to 100 records retained per target (source total 797),Recorded chemical activity or drug evidence for the target.,80.0,Phase 4 clinical development; first approval reported (2006.0); high potency (3.3 nM Kd),3.3
MAP2K5,CHEMBL4948,Dual specificity mitogen-activated protein kinase kinase 5,CHEMBL91829,RUBOXISTAURIN,Small molecule,,,Kd,1100.0,nM,3.0,,diabetic retinopathy; diabetes mellitus; heart failure; diabetic neuropathy; type 1 diabetes mellitus; type 2 diabetes mellitus,https://www.ebi.ac.uk/chembl/target_report_card/CHEMBL4948/,ChEMBL activity retrieved; up to 100 records retained per target (source total 797),Recorded chemical activity or drug evidence for the target.,77.0,metabolic-disease indication; Phase 3 clinical development; quantitative activity (1100 nM Kd),1100.0
MAP2K5,CHEMBL4948,Dual specificity mitogen-activated protein kinase kinase 5,CHEMBL535,SUNITINIB,Small molecule,,,Kd,46.0,nM,4.0,2006.0,neoplasm; bladder tumor; renal cell carcinoma; non-small cell lung carcinoma; head and neck squamous cell carcinoma; hepatocellular carcinoma; metastatic prostate cancer; adenocarcinoma; melanoma; metastatic melanoma; breast neoplasm; Thymoma; pancreatic carcinoma; glioblastoma multiforme; small cell lung carcinoma; stomach neoplasm; thyroid carcinoma; Ascites; prostate adenocarcinoma; sarcoma; clear cell renal carcinoma; cholangiocarcinoma; carcinoma; acute myeloid leukemia; germ cell tumor; urogenital neoplasm; colorectal neoplasm; carcinoid tumor; alveolar soft part sarcoma; Ebola hemorrhagic fever; pancreatic endocrine carcinoma; gliosarcoma; colorectal carcinoma; soft tissue sarcoma; osteosarcoma; urothelial carcinoma; Fallopian Tube Carcinoma; Thymic Carcinoma; adrenal cortex carcinoma; adrenal gland pheochromocytoma; pancreatic neuroendocrine tumor; neuroendocrine neoplasm; gastric cancer; urinary bladder cancer; peritoneum cancer; fallopian tube cancer; kidney cancer; breast cancer; esophageal cancer; ovarian cancer; prostate cancer; lung cancer; brain neoplasm; papillary renal cell carcinoma; von Hippel-Lindau disease; gastrointestinal stromal tumor; cancer; thymus neoplasm; kidney disease; kidney neoplasm; renal cell adenocarcinoma; Uveal Melanoma; liver cancer; iris melanoma; nasopharyngeal carcinoma; malignant glioma,https://www.ebi.ac.uk/chembl/target_report_card/CHEMBL4948/,ChEMBL activity retrieved; up to 100 records retained per target (source total 797),Recorded chemical activity or drug evidence for the target.,75.0,Phase 4 clinical development; first approval reported (2006.0); potent activity (46 nM Kd),46.0
MAP2K5,CHEMBL4948,Dual specificity mitogen-activated protein kinase kinase 5,CHEMBL24828,VANDETANIB,Small molecule,,,Kd,49.0,nM,4.0,2011.0,mesothelioma; pancreatic carcinoma; thyroid carcinoma; non-small cell lung carcinoma; prostate carcinoma; thyroid neoplasm; hepatocellular carcinoma; neoplasm; clear cell renal carcinoma; neuroblastoma; head and neck squamous cell carcinoma; acute myeloid leukemia; colorectal adenocarcinoma; glioblastoma multiforme; oligoastrocytoma; small cell lung carcinoma; multiple myeloma; anaplastic astrocytoma; anaplastic oligodendroglioma; esophageal carcinoma; breast neoplasm; head and neck malignant neoplasia; gliosarcoma; follicular thyroid carcinoma; papillary thyroid carcinoma; diffuse intrinsic pontine glioma; Central Nervous System Neoplasm; rectum cancer; gastric cancer; urinary bladder cancer; peritoneum cancer; thyroid cancer; fallopian tube cancer; kidney cancer; urethra cancer; breast cancer; ovarian cancer; prostate cancer; ureter cancer; lung cancer; medullary thyroid gland carcinoma; stomach neoplasm; metastasis; malignant glioma; gastrointestinal stromal tumor; cancer; adrenal gland pheochromocytoma; carcinoma; colorectal neoplasm; Paraganglioma; gastroesophageal junction adenocarcinoma; colorectal cancer; low grade glioma,https://www.ebi.ac.uk/chembl/target_report_card/CHEMBL4948/,ChEMBL activity retrieved; up to 100 records retained per target (source total 797),Recorded chemical activity or drug evidence for the target.,75.0,Phase 4 clinical development; first approval reported (2011.0); potent activity (49 nM Kd),49.0
MAP2K5,CHEMBL4948,Dual specificity mitogen-activated protein kinase kinase 5,CHEMBL180022,NERATINIB,Small molecule,,,Kd,63.0,nM,4.0,2017.0,breast neoplasm; breast carcinoma; neoplasm; non-small cell lung carcinoma; carcinoma; glioblastoma multiforme; angiosarcoma; breast cancer; prostate adenocarcinoma; ovarian cancer; chronic myelogenous leukemia; hepatocellular carcinoma; gastric cancer; biliary tract neoplasm; HER2 Positive Breast Carcinoma; colorectal cancer,https://www.ebi.ac.uk/chembl/target_report_card/CHEMBL4948/,ChEMBL activity retrieved; up to 100 records retained per target (source total 797),Recorded chemical activity or drug evidence for the target.,75.0,Phase 4 clinical development; first approval reported (2017.0); potent activity (63 nM Kd),63.0
MAP2K5,CHEMBL4948,Dual specificity mitogen-activated protein kinase kinase 5,CHEMBL553,ERLOTINIB,Small molecule,,,Kd,96.0,nM,4.0,2004.0,neoplasm; head and neck squamous cell carcinoma; pancreatic carcinoma; non-small cell lung carcinoma; leukemia; psoriasis; squamous cell carcinoma; ependymoma; myelodysplastic syndrome; mouth neoplasm; chronic hepatitis C virus infection; polycythemia vera; carcinoma; hepatocellular carcinoma; acute myeloid leukemia; bronchoalveolar adenocarcinoma; clear cell renal carcinoma; germ cell tumor; glioblastoma multiforme; mesothelioma; renal cell carcinoma; anaplastic astrocytoma; anaplastic oligodendroglioma; esophageal carcinoma; large cell lung carcinoma; pancreatic neoplasm; ovarian neoplasm; nasopharyngeal neoplasm; head and neck malignant neoplasia; Ebola hemorrhagic fever; Thymoma; rectum cancer; gliosarcoma; Familial adenomatous polyposis; lung adenocarcinoma; melanoma; multiple myeloma; pharynx cancer; gastrointestinal disease; diffuse intrinsic pontine glioma; Central Nervous System Neoplasm; neuroendocrine neoplasm; urinary bladder cancer; brain cancer; fallopian tube cancer; liver cancer; skin cancer; biliary tract cancer; mixed glioma; childhood ependymoma; breast cancer; esophageal cancer; ovarian cancer; prostate cancer; lung cancer; pilocytic astrocytoma; subependymal giant cell astrocytoma; carcinoma of liver and intrahepatic biliary tract; lung neoplasm; hematopoietic and lymphoid cell neoplasm; metastasis; Malignant Pancreatic Neoplasm; cancer; astrocytoma; breast neoplasm; colonic neoplasm; colorectal cancer; adult glioblastoma,https://www.ebi.ac.uk/chembl/target_report_card/CHEMBL4948/,ChEMBL activity retrieved; up to 100 records retained per target (source total 797),Recorded chemical activity or drug evidence for the target.,75.0,Phase 4 clinical development; first approval reported (2004.0); potent activity (96 nM Kd),96.0
MAP2K5,CHEMBL4948,Dual specificity mitogen-activated protein kinase kinase 5,CHEMBL1287853,FEDRATINIB,Small molecule,,,Kd,360.0,nM,4.0,2019.0,neoplasm; primary myelofibrosis; liver disease; kidney disease; myelofibrosis; myelodysplastic syndrome; myeloproliferative disorder; Chronic Neutrophilic Leukemia,https://www.ebi.ac.uk/chembl/target_report_card/CHEMBL4948/,ChEMBL activity retrieved; up to 100 records retained per target (source total 797),Recorded chemical activity or drug evidence for the target.,67.0,Phase 4 clinical development; first approval reported (2019.0); quantitative activity (360 nM Kd),360.0
MAP2K5,CHEMBL4948,Dual specificity mitogen-activated protein kinase kinase 5,CHEMBL554,LAPATINIB,Small molecule,,,Kd,1100.0,nM,4.0,2007.0,neoplasm; head and neck squamous cell carcinoma; breast carcinoma; breast neoplasm; chronic kidney disease; melanoma; squamous cell carcinoma; non-small cell lung carcinoma; adenocarcinoma; colorectal adenocarcinoma; renal cell carcinoma; pancreatic carcinoma; brain disease; Pituitary Gland Adenoma; thyroid carcinoma; esophageal squamous cell carcinoma; soft tissue sarcoma; breast ductal adenocarcinoma; head and neck malignant neoplasia; gastric cancer; brain cancer; peritoneum cancer; cervical cancer; breast cancer; esophageal cancer; ovarian cancer; prostate cancer; endometrial cancer; head and neck neoplasia; urinary bladder carcinoma; HER2 Positive Breast Carcinoma; cancer; bile duct carcinoma; Paraganglioma; gallbladder cancer; colorectal cancer,https://www.ebi.ac.uk/chembl/target_report_card/CHEMBL4948/,ChEMBL activity retrieved; up to 100 records retained per target (source total 797),Recorded chemical activity or drug evidence for the target.,60.0,Phase 4 clinical development; first approval reported (2007.0); quantitative activity (1100 nM Kd),1100.0
MAP2K5,CHEMBL4948,Dual specificity mitogen-activated protein kinase kinase 5,CHEMBL1173655,AFATINIB,Small molecule,,,Kd,1300.0,nM,4.0,2013.0,neoplasm; head and neck squamous cell carcinoma; squamous cell carcinoma; non-small cell lung carcinoma; breast neoplasm; liver disease; prostate adenocarcinoma; upper aerodigestive tract neoplasm; glioblastoma multiforme; small cell lung carcinoma; pancreatic carcinoma; uterine neoplasm; urogenital neoplasm; colorectal neoplasm; endometriosis; esophageal squamous cell carcinoma; metastatic neoplasm; gallbladder carcinoma; Renal insufficiency; brain cancer; breast cancer; lung cancer; lung neoplasm; chordoma; head and neck malignant neoplasia; cancer; multiple myeloma; stomach neoplasm; cholangiocarcinoma; Paraganglioma,https://www.ebi.ac.uk/chembl/target_report_card/CHEMBL4948/,ChEMBL activity retrieved; up to 100 records retained per target (source total 797),Recorded chemical activity or drug evidence for the target.,60.0,Phase 4 clinical development; first approval reported (2013.0); quantitative activity (1300 nM Kd),1300.0
MC3R,CHEMBL4644,Melanocortin receptor 3,CHEMBL441738,AFAMELANOTIDE,Protein,,,EC50,0.36,nM,4.0,2014.0,Vitiligo; urticaria; acne; Ischemic stroke; erythropoietic protoporphyria; xeroderma pigmentosum; variegate porphyria,https://www.ebi.ac.uk/chembl/target_report_card/CHEMBL4644/,ChEMBL activity retrieved; up to 100 records retained per target (source total 5853),Recorded chemical activity or drug evidence for the target.,80.0,Phase 4 clinical development; first approval reported (2014.0); high potency (0.36 nM EC50),0.36
MC3R,CHEMBL4644,Melanocortin receptor 3,CHEMBL441738,AFAMELANOTIDE,Protein,,,Ki,0.68,nM,4.0,2014.0,Vitiligo; urticaria; acne; Ischemic stroke; erythropoietic protoporphyria; xeroderma pigmentosum; variegate porphyria,https://www.ebi.ac.uk/chembl/target_report_card/CHEMBL4644/,ChEMBL activity retrieved; up to 100 records retained per target (source total 5853),Recorded chemical activity or drug evidence for the target.,80.0,Phase 4 clinical development; first approval reported (2014.0); high potency (0.68 nM Ki),0.68
MC3R,CHEMBL4644,Melanocortin receptor 3,CHEMBL3545104,MODIMELANOTIDE,Protein,Melanocortin receptor 3 agonist,AGONIST,,,,2.0,,Acute kidney injury; aortic aneurysm,https://www.ebi.ac.uk/chembl/target_report_card/CHEMBL4644/,ChEMBL mechanism retrieved,Recorded chemical activity or drug evidence for the target.,49.0,mechanism of action reported; pharmacological action reported (AGONIST); Phase 2 clinical development,
MC3R,CHEMBL2111323,Melanocortin receptor (M3 and M4),CHEMBL214332,INTERMEDINE,Protein,,,Selectivity,1.0,,2.0,,Acute kidney injury,https://www.ebi.ac.uk/chembl/target_report_card/CHEMBL2111323/,ChEMBL activity retrieved; up to 100 records retained per target (source total 123),Recorded chemical activity or drug evidence for the target.,34.0,Phase 2 clinical development; activity reported (Selectivity: 1.0 ),
MC3R,CHEMBL4644,Melanocortin receptor 3,CHEMBL2370968,,Protein,,,Ki,0.2,nM,,,,https://www.ebi.ac.uk/chembl/target_report_card/CHEMBL4644/,ChEMBL activity retrieved; up to 100 records retained per target (source total 5853),Recorded chemical activity or drug evidence for the target.,26.0,high potency (0.2 nM Ki),0.2
MC3R,CHEMBL4644,Melanocortin receptor 3,CHEMBL2370964,,Protein,,,Ki,0.81,nM,,,,https://www.ebi.ac.uk/chembl/target_report_card/CHEMBL4644/,ChEMBL activity retrieved; up to 100 records retained per target (source total 5853),Recorded chemical activity or drug evidence for the target.,26.0,high potency (0.81 nM Ki),0.81
MC3R,CHEMBL4644,Melanocortin receptor 3,CHEMBL437050,,Protein,,,EC50,3.7,nM,,,,https://www.ebi.ac.uk/chembl/target_report_card/CHEMBL4644/,ChEMBL activity retrieved; up to 100 records retained per target (source total 5853),Recorded chemical activity or drug evidence for the target.,26.0,high potency (3.7 nM EC50),3.7
MC3R,CHEMBL4644,Melanocortin receptor 3,CHEMBL439128,,Protein,,,EC50,4.2,nM,,,,https://www.ebi.ac.uk/chembl/target_report_card/CHEMBL4644/,ChEMBL activity retrieved; up to 100 records retained per target (source total 5853),Recorded chemical activity or drug evidence for the target.,26.0,high potency (4.2 nM EC50),4.2
MC3R,CHEMBL4644,Melanocortin receptor 3,CHEMBL431801,,Small molecule,,,EC50,4.7,nM,,,,https://www.ebi.ac.uk/chembl/target_report_card/CHEMBL4644/,ChEMBL activity retrieved; up to 100 records retained per target (source total 5853),Recorded chemical activity or drug evidence for the target.,26.0,high potency (4.7 nM EC50),4.7
MC3R,CHEMBL4644,Melanocortin receptor 3,CHEMBL409636,,Protein,,,Ki,5.5,nM,,,,https://www.ebi.ac.uk/chembl/target_report_card/CHEMBL4644/,ChEMBL activity retrieved; up to 100 records retained per target (source total 5853),Recorded chemical activity or drug evidence for the target.,26.0,high potency (5.5 nM Ki),5.5
MC4R,CHEMBL259,Melanocortin receptor 4,CHEMBL3301624,SETMELANOTIDE,Protein,Melanocortin receptor 4 agonist,AGONIST,,,,4.0,2020.0,obesity; morbid obesity; Renal insufficiency; Prader-Willi syndrome; Bardet-Biedl syndrome,https://www.ebi.ac.uk/chembl/target_report_card/CHEMBL259/,ChEMBL mechanism retrieved,Recorded chemical activity or drug evidence for the target.,173.0,obesity/weight-related indication; mechanism of action reported; pharmacological action reported (AGONIST); Phase 4 clinical development; first approval reported (2020.0),
MC4R,CHEMBL259,Melanocortin receptor 4,CHEMBL4650273,SETMELANOTIDE ACETATE,Protein,Melanocortin receptor 4 agonist,AGONIST,,,,4.0,2020.0,obesity,https://www.ebi.ac.uk/chembl/target_report_card/CHEMBL259/,ChEMBL mechanism retrieved,Recorded chemical activity or drug evidence for the target.,173.0,obesity/weight-related indication; mechanism of action reported; pharmacological action reported (AGONIST); Phase 4 clinical development; first approval reported (2020.0),
MC4R,CHEMBL259,Melanocortin receptor 4,CHEMBL441738,AFAMELANOTIDE,Protein,,,EC50,0.51,nM,4.0,2014.0,Vitiligo; urticaria; acne; Ischemic stroke; erythropoietic protoporphyria; xeroderma pigmentosum; variegate porphyria,https://www.ebi.ac.uk/chembl/target_report_card/CHEMBL259/,ChEMBL activity retrieved; up to 100 records retained per target (source total 11389),Recorded chemical activity or drug evidence for the target.,80.0,Phase 4 clinical development; first approval reported (2014.0); high potency (0.51 nM EC50),0.51
MC4R,CHEMBL259,Melanocortin receptor 4,CHEMBL441738,AFAMELANOTIDE,Protein,,,Ki,0.95,nM,4.0,2014.0,Vitiligo; urticaria; acne; Ischemic stroke; erythropoietic protoporphyria; xeroderma pigmentosum; variegate porphyria,https://www.ebi.ac.uk/chembl/target_report_card/CHEMBL259/,ChEMBL activity retrieved; up to 100 records retained per target (source total 11389),Recorded chemical activity or drug evidence for the target.,80.0,Phase 4 clinical development; first approval reported (2014.0); high potency (0.95 nM Ki),0.95
MC4R,CHEMBL259,Melanocortin receptor 4,CHEMBL2070241,BREMELANOTIDE,Protein,Melanocortin receptor 4 agonist,AGONIST,,,,4.0,2019.0,sexual dysfunction; Nausea; kidney disease,https://www.ebi.ac.uk/chembl/target_report_card/CHEMBL259/,ChEMBL mechanism retrieved,Recorded chemical activity or drug evidence for the target.,73.0,mechanism of action reported; pharmacological action reported (AGONIST); Phase 4 clinical development; first approval reported (2019.0),
MC4R,CHEMBL259,Melanocortin receptor 4,CHEMBL4297533,BREMELANOTIDE ACETATE,Protein,Melanocortin receptor 4 agonist,AGONIST,,,,4.0,2019.0,mental or behavioural disorder; sexual dysfunction; physiological sexual disorder,https://www.ebi.ac.uk/chembl/target_report_card/CHEMBL259/,ChEMBL mechanism retrieved,Recorded chemical activity or drug evidence for the target.,73.0,mechanism of action reported; pharmacological action reported (AGONIST); Phase 4 clinical development; first approval reported (2019.0),
MC4R,CHEMBL2111423,Melanocortin receptor (M1 and M4),CHEMBL214332,INTERMEDINE,Protein,,,EC50,0.024,nM,2.0,,Acute kidney injury,https://www.ebi.ac.uk/chembl/target_report_card/CHEMBL2111423/,ChEMBL activity retrieved; up to 100 records retained per target (source total 69),Recorded chemical activity or drug evidence for the target.,56.0,Phase 2 clinical development; high potency (0.024 nM EC50),0.024
MC4R,CHEMBL259,Melanocortin receptor 4,CHEMBL1090488,PF-00446687,Small molecule,Melanocortin receptor 4 agonist,AGONIST,,,,2.0,,sexual dysfunction; erectile dysfunction,https://www.ebi.ac.uk/chembl/target_report_card/CHEMBL259/,ChEMBL mechanism retrieved,Recorded chemical activity or drug evidence for the target.,49.0,mechanism of action reported; pharmacological action reported (AGONIST); Phase 2 clinical development,
MC4R,CHEMBL2111323,Melanocortin receptor (M3 and M4),CHEMBL214332,INTERMEDINE,Protein,,,Selectivity,1.0,,2.0,,Acute kidney injury,https://www.ebi.ac.uk/chembl/target_report_card/CHEMBL2111323/,ChEMBL activity retrieved; up to 100 records retained per target (source total 123),Recorded chemical activity or drug evidence for the target.,34.0,Phase 2 clinical development; activity reported (Selectivity: 1.0 ),
MC4R,CHEMBL2111397,Melanocortin receptor (M4 and M5),CHEMBL214332,INTERMEDINE,Protein,,,Selectivity,6.0,,2.0,,Acute kidney injury,https://www.ebi.ac.uk/chembl/target_report_card/CHEMBL2111397/,ChEMBL activity retrieved; up to 100 records retained per target (source total 50),Recorded chemical activity or drug evidence for the target.,34.0,Phase 2 clinical development; activity reported (Selectivity: 6.0 ),
MCM6,CHEMBL4296011,DNA replication licensing factor MCM6,CHEMBL5653589,,,,"{'action_type': 'BINDING AGENT', 'description': 'Binds to a substance such as a cell surface antigen, targeting a drug to that location, but not necessarily affecting the functioning of the substance itself', 'parent_type': 'OTHER'}",Kd,342.65,nM,,,,https://www.ebi.ac.uk/chembl/target_report_card/CHEMBL4296011/,ChEMBL activity retrieved; up to 100 records retained per target (source total 15),Recorded chemical activity or drug evidence for the target.,19.0,"pharmacological action reported ({'action_type': 'BINDING AGENT', 'description': 'Binds to a substance such as a cell surface antigen, targeting a drug to that location, but not necessarily affecting the functioning of the substance itself', 'parent_type': 'OTHER'}); quantitative activity (342.65 nM Kd)",342.65
MCM6,CHEMBL4296011,DNA replication licensing factor MCM6,CHEMBL5653589,,,,"{'action_type': 'BINDING AGENT', 'description': 'Binds to a substance such as a cell surface antigen, targeting a drug to that location, but not necessarily affecting the functioning of the substance itself', 'parent_type': 'OTHER'}",ED50,342.65,nM,,,,https://www.ebi.ac.uk/chembl/target_report_card/CHEMBL4296011/,ChEMBL activity retrieved; up to 100 records retained per target (source total 15),Recorded chemical activity or drug evidence for the target.,19.0,"pharmacological action reported ({'action_type': 'BINDING AGENT', 'description': 'Binds to a substance such as a cell surface antigen, targeting a drug to that location, but not necessarily affecting the functioning of the substance itself', 'parent_type': 'OTHER'}); quantitative activity (342.65 nM ED50)",342.65
MCM6,CHEMBL4296011,DNA replication licensing factor MCM6,CHEMBL3752910,,Small molecule,,"{'action_type': 'BINDING AGENT', 'description': 'Binds to a substance such as a cell surface antigen, targeting a drug to that location, but not necessarily affecting the functioning of the substance itself', 'parent_type': 'OTHER'}",Kd,11057.06,nM,,,,https://www.ebi.ac.uk/chembl/target_report_card/CHEMBL4296011/,ChEMBL activity retrieved; up to 100 records retained per target (source total 15),Recorded chemical activity or drug evidence for the target.,12.0,"pharmacological action reported ({'action_type': 'BINDING AGENT', 'description': 'Binds to a substance such as a cell surface antigen, targeting a drug to that location, but not necessarily affecting the functioning of the substance itself', 'parent_type': 'OTHER'}); quantitative activity (11057.1 nM Kd)",11057.06
MCM6,CHEMBL4296011,DNA replication licensing factor MCM6,CHEMBL3752910,,Small molecule,,"{'action_type': 'BINDING AGENT', 'description': 'Binds to a substance such as a cell surface antigen, targeting a drug to that location, but not necessarily affecting the functioning of the substance itself', 'parent_type': 'OTHER'}",ED50,11057.06,nM,,,,https://www.ebi.ac.uk/chembl/target_report_card/CHEMBL4296011/,ChEMBL activity retrieved; up to 100 records retained per target (source total 15),Recorded chemical activity or drug evidence for the target.,12.0,"pharmacological action reported ({'action_type': 'BINDING AGENT', 'description': 'Binds to a substance such as a cell surface antigen, targeting a drug to that location, but not necessarily affecting the functioning of the substance itself', 'parent_type': 'OTHER'}); quantitative activity (11057.1 nM ED50)",11057.06
MCM6,CHEMBL4296011,DNA replication licensing factor MCM6,CHEMBL582107,,Small molecule,,,Activity,0.5,,,,,https://www.ebi.ac.uk/chembl/target_report_card/CHEMBL4296011/,ChEMBL activity retrieved; up to 100 records retained per target (source total 15),Recorded chemical activity or drug evidence for the target.,4.0,activity reported (Activity: 0.5 ),
MCM6,CHEMBL4296011,DNA replication licensing factor MCM6,CHEMBL582107,,Small molecule,,,Activity,0.4,,,,,https://www.ebi.ac.uk/chembl/target_report_card/CHEMBL4296011/,ChEMBL activity retrieved; up to 100 records retained per target (source total 15),Recorded chemical activity or drug evidence for the target.,4.0,activity reported (Activity: 0.4 ),
MCM6,CHEMBL4296011,DNA replication licensing factor MCM6,CHEMBL582107,,Small molecule,,,Activity,0.2,,,,,https://www.ebi.ac.uk/chembl/target_report_card/CHEMBL4296011/,ChEMBL activity retrieved; up to 100 records retained per target (source total 15),Recorded chemical activity or drug evidence for the target.,4.0,activity reported (Activity: 0.2 ),
MCM6,CHEMBL4296011,DNA replication licensing factor MCM6,CHEMBL4129274,,Small molecule,,,Activity,,,,,,https://www.ebi.ac.uk/chembl/target_report_card/CHEMBL4296011/,ChEMBL activity retrieved; up to 100 records retained per target (source total 15),Recorded chemical activity or drug evidence for the target.,1.0,Target-associated ChEMBL record,
MCM6,CHEMBL4296011,DNA replication licensing factor MCM6,CHEMBL4534969,,Unknown,,,Activity,,,,,,https://www.ebi.ac.uk/chembl/target_report_card/CHEMBL4296011/,ChEMBL activity retrieved; up to 100 records retained per target (source total 15),Recorded chemical activity or drug evidence for the target.,1.0,Target-associated ChEMBL record,
MCM6,CHEMBL4296011,DNA replication licensing factor MCM6,CHEMBL582107,,Small molecule,,,Activity,,,,,,https://www.ebi.ac.uk/chembl/target_report_card/CHEMBL4296011/,ChEMBL activity retrieved; up to 100 records retained per target (source total 15),Recorded chemical activity or drug evidence for the target.,1.0,Target-associated ChEMBL record,
NPC1,CHEMBL1293277,NPC intracellular cholesterol transporter 1,CHEMBL275638,FLAVONE,Small molecule,,,Potency,5623.4,nM,2.0,,breast neoplasm,https://www.ebi.ac.uk/chembl/target_report_card/CHEMBL1293277/,ChEMBL activity retrieved; up to 100 records retained per target (source total 18985),Recorded chemical activity or drug evidence for the target.,34.0,Phase 2 clinical development; activity reported (Potency: 5623.4 nM),
NPC1,CHEMBL1293277,NPC intracellular cholesterol transporter 1,CHEMBL1300345,,Small molecule,,,Potency,3162.3,nM,,,,https://www.ebi.ac.uk/chembl/target_report_card/CHEMBL1293277/,ChEMBL activity retrieved; up to 100 records retained per target (source total 18985),Recorded chemical activity or drug evidence for the target.,4.0,activity reported (Potency: 3162.3 nM),
NPC1,CHEMBL1293277,NPC intracellular cholesterol transporter 1,CHEMBL1300347,,Small molecule,,,Potency,5623.4,nM,,,,https://www.ebi.ac.uk/chembl/target_report_card/CHEMBL1293277/,ChEMBL activity retrieved; up to 100 records retained per target (source total 18985),Recorded chemical activity or drug evidence for the target.,4.0,activity reported (Potency: 5623.4 nM),
NPC1,CHEMBL1293277,NPC intracellular cholesterol transporter 1,CHEMBL1300372,,Small molecule,,,Potency,5623.4,nM,,,,https://www.ebi.ac.uk/chembl/target_report_card/CHEMBL1293277/,ChEMBL activity retrieved; up to 100 records retained per target (source total 18985),Recorded chemical activity or drug evidence for the target.,4.0,activity reported (Potency: 5623.4 nM),
NPC1,CHEMBL1293277,NPC intracellular cholesterol transporter 1,CHEMBL1300383,,Small molecule,,,Potency,3548.1,nM,,,,https://www.ebi.ac.uk/chembl/target_report_card/CHEMBL1293277/,ChEMBL activity retrieved; up to 100 records retained per target (source total 18985),Recorded chemical activity or drug evidence for the target.,4.0,activity reported (Potency: 3548.1 nM),
NPC1,CHEMBL1293277,NPC intracellular cholesterol transporter 1,CHEMBL1300385,,Small molecule,,,Potency,3548.1,nM,,,,https://www.ebi.ac.uk/chembl/target_report_card/CHEMBL1293277/,ChEMBL activity retrieved; up to 100 records retained per target (source total 18985),Recorded chemical activity or drug evidence for the target.,4.0,activity reported (Potency: 3548.1 nM),
NPC1,CHEMBL1293277,NPC intracellular cholesterol transporter 1,CHEMBL1300411,,Small molecule,,,Potency,398.1,nM,,,,https://www.ebi.ac.uk/chembl/target_report_card/CHEMBL1293277/,ChEMBL activity retrieved; up to 100 records retained per target (source total 18985),Recorded chemical activity or drug evidence for the target.,4.0,activity reported (Potency: 398.1 nM),
NPC1,CHEMBL1293277,NPC intracellular cholesterol transporter 1,CHEMBL1319593,,Small molecule,,,Potency,1995.3,nM,,,,https://www.ebi.ac.uk/chembl/target_report_card/CHEMBL1293277/,ChEMBL activity retrieved; up to 100 records retained per target (source total 18985),Recorded chemical activity or drug evidence for the target.,4.0,activity reported (Potency: 1995.3 nM),
NPC1,CHEMBL1293277,NPC intracellular cholesterol transporter 1,CHEMBL1319618,,Small molecule,,,Potency,6309.6,nM,,,,https://www.ebi.ac.uk/chembl/target_report_card/CHEMBL1293277/,ChEMBL activity retrieved; up to 100 records retained per target (source total 18985),Recorded chemical activity or drug evidence for the target.,4.0,activity reported (Potency: 6309.6 nM),
NPC1,CHEMBL1293277,NPC intracellular cholesterol transporter 1,CHEMBL1319619,,Small molecule,,,Potency,2511.9,nM,,,,https://www.ebi.ac.uk/chembl/target_report_card/CHEMBL1293277/,ChEMBL activity retrieved; up to 100 records retained per target (source total 18985),Recorded chemical activity or drug evidence for the target.,4.0,activity reported (Potency: 2511.9 nM),
PCSK1,CHEMBL3182,Neuroendocrine convertase 1,CHEMBL566340,,Small molecule,,,Ki,0.75,nM,,,,https://www.ebi.ac.uk/chembl/target_report_card/CHEMBL3182/,ChEMBL activity retrieved; up to 100 records retained per target (source total 6),Recorded chemical activity or drug evidence for the target.,26.0,high potency (0.75 nM Ki),0.75
PCSK1,CHEMBL3182,Neuroendocrine convertase 1,CHEMBL569918,,Small molecule,,,Ki,1.7,nM,,,,https://www.ebi.ac.uk/chembl/target_report_card/CHEMBL3182/,ChEMBL activity retrieved; up to 100 records retained per target (source total 6),Recorded chemical activity or drug evidence for the target.,26.0,high potency (1.7 nM Ki),1.7
PCSK1,CHEMBL3182,Neuroendocrine convertase 1,CHEMBL3126388,,Small molecule,,,Ki,2.0,nM,,,,https://www.ebi.ac.uk/chembl/target_report_card/CHEMBL3182/,ChEMBL activity retrieved; up to 100 records retained per target (source total 6),Recorded chemical activity or drug evidence for the target.,26.0,high potency (2 nM Ki),2.0
PCSK1,CHEMBL3182,Neuroendocrine convertase 1,CHEMBL568525,,Small molecule,,,Ki,3.65,nM,,,,https://www.ebi.ac.uk/chembl/target_report_card/CHEMBL3182/,ChEMBL activity retrieved; up to 100 records retained per target (source total 6),Recorded chemical activity or drug evidence for the target.,26.0,high potency (3.65 nM Ki),3.65
PCSK1,CHEMBL3182,Neuroendocrine convertase 1,CHEMBL569280,,Small molecule,,,Ki,53.0,nM,,,,https://www.ebi.ac.uk/chembl/target_report_card/CHEMBL3182/,ChEMBL activity retrieved; up to 100 records retained per target (source total 6),Recorded chemical activity or drug evidence for the target.,21.0,potent activity (53 nM Ki),53.0
PCSK1,CHEMBL3182,Neuroendocrine convertase 1,CHEMBL568067,,Small molecule,,,Ki,70.0,nM,,,,https://www.ebi.ac.uk/chembl/target_report_card/CHEMBL3182/,ChEMBL activity retrieved; up to 100 records retained per target (source total 6),Recorded chemical activity or drug evidence for the target.,21.0,potent activity (70 nM Ki),70.0
PDE3B,CHEMBL2111400,Phosphodiesterase 3 and 5 (PDE3 and PDE5),CHEMBL779,TADALAFIL,Small molecule,,,Ratio,10000.0,,4.0,2002.0,benign prostatic hyperplasia; erectile dysfunction; pulmonary arterial hypertension; systemic scleroderma; interstitial lung disease; head and neck squamous cell carcinoma; hypertension; obesity; gastroparesis; Raynaud disease; congestive heart failure; neoplasm; stroke; multiple myeloma; Cushing syndrome; upper aerodigestive tract neoplasm; vascular dementia; Eisenmenger syndrome; Abnormal cardiovascular system morphology; insulin resistance; Impotence; Glucose intolerance; Priapism; transposition of the great arteries; pulmonary hypertension; glioblastoma multiforme; anaplastic astrocytoma; pulmonary arterial hypertension; non-small cell lung carcinoma; pancreatic carcinoma; sexual dysfunction; essential hypertension; major depressive disorder; type 2 diabetes mellitus; Duchenne muscular dystrophy; muscular dystrophy; premature ejaculation; cancer; head and neck malignant neoplasia,https://www.ebi.ac.uk/chembl/target_report_card/CHEMBL2111400/,ChEMBL activity retrieved; up to 100 records retained per target (source total 91),Recorded chemical activity or drug evidence for the target.,158.0,obesity/weight-related indication; Phase 4 clinical development; first approval reported (2002.0); activity reported (Ratio: 10000.0 ),
PDE3B,CHEMBL2363066,"3',5'-cyclic phosphodiesterase",CHEMBL628,PENTOXIFYLLINE,Small molecule,"3',5'-cyclic phosphodiesterase inhibitor",INHIBITOR,,,,4.0,1984.0,"chronic kidney disease; non-small cell lung carcinoma; cutaneous Leishmaniasis; endometriosis; necrotizing enterocolitis; cardiovascular disease; HIV infection; Hepatitis, Alcoholic; Acute kidney injury; Hepatic steatosis; pulmonary sarcoidosis; acute lymphoblastic leukemia; pancreatitis; Crohn's disease; diabetic nephropathy; injury; breast neoplasm; nephrotic syndrome; upper aerodigestive tract neoplasm; Leishmaniasis; brain disease; fibrosis; Plasmodium falciparum malaria; brachial plexus neuropathy; non-alcoholic steatohepatitis; primary biliary cirrhosis; infertility; anemia (phenotype); Patent ductus arteriosus; Behcet's syndrome; acute coronary syndrome; Central Nervous System Neoplasm; acute pancreatitis; major depressive disorder; glomerulonephritis; avascular necrosis; cirrhosis of liver; coronary artery disease; Neonatal sepsis; COVID-19; depressive disorder; schizophrenia; biliary atresia; Duchenne muscular dystrophy; epilepsy; inflammatory bowel disease; osteonecrosis; bipolar disorder; cancer; sexually transmitted disease; liver disease; heart disease; alopecia areata; oral submucous fibrosis; Jaundice; Cognitive impairment; Parkinson disease; breast cancer; Hermansky-Pudlak syndrome; chronic renal failure syndrome; liver failure; long COVID-19",https://www.ebi.ac.uk/chembl/target_report_card/CHEMBL2363066/,ChEMBL mechanism retrieved,Recorded chemical activity or drug evidence for the target.,108.0,metabolic-disease indication; mechanism of action reported; pharmacological action reported (INHIBITOR); Phase 4 clinical development; first approval reported (1984.0),
PDE3B,CHEMBL2111400,Phosphodiesterase 3 and 5 (PDE3 and PDE5),CHEMBL192,SILDENAFIL,Small molecule,,,Ratio,7000.0,,4.0,1998.0,idiopathic pulmonary fibrosis; pulmonary arterial hypertension; heart failure; heart disease; erectile dysfunction; sexual dysfunction; benign prostatic hyperplasia; fetal growth restriction; hypertension; premature birth; peripheral arterial disease; Acute kidney injury; lung disease; infertility; cirrhosis of liver; Raynaud disease; systemic scleroderma; myelodysplastic syndrome; congestive heart failure; diabetes mellitus; preeclampsia; skin disease; hepatitis C virus infection; non-small cell lung carcinoma; pulmonary embolism; Coronary Vasospasm; persistent fetal circulation syndrome; pulmonary edema; Urinary incontinence; Skin ulcer; cerebral small vessel disease; female infertility; arterial occlusive disease; Eisenmenger syndrome; Mycobacterium infection; Impotence; Encephalopathy; Patent foramen ovale; Priapism; lymphangioma; pulmonary hypertension; brain injury; coronary artery disease; pregnancy; scleroderma; Ischemic stroke; hypoplastic left heart syndrome; COVID-19; asphyxia neonatorum; Parkinson disease; migraine with aura; cystic fibrosis; Becker muscular dystrophy; Duchenne muscular dystrophy; sickle cell anemia; bronchopulmonary dysplasia; premature ejaculation; glaucoma; Beta-thalassemia; rectum cancer,https://www.ebi.ac.uk/chembl/target_report_card/CHEMBL2111400/,ChEMBL activity retrieved; up to 100 records retained per target (source total 91),Recorded chemical activity or drug evidence for the target.,93.0,metabolic-disease indication; Phase 4 clinical development; first approval reported (1998.0); activity reported (Ratio: 7000.0 ),
PDE3B,CHEMBL2111400,Phosphodiesterase 3 and 5 (PDE3 and PDE5),CHEMBL192,SILDENAFIL,Small molecule,,,Ratio,12858.0,,4.0,1998.0,idiopathic pulmonary fibrosis; pulmonary arterial hypertension; heart failure; heart disease; erectile dysfunction; sexual dysfunction; benign prostatic hyperplasia; fetal growth restriction; hypertension; premature birth; peripheral arterial disease; Acute kidney injury; lung disease; infertility; cirrhosis of liver; Raynaud disease; systemic scleroderma; myelodysplastic syndrome; congestive heart failure; diabetes mellitus; preeclampsia; skin disease; hepatitis C virus infection; non-small cell lung carcinoma; pulmonary embolism; Coronary Vasospasm; persistent fetal circulation syndrome; pulmonary edema; Urinary incontinence; Skin ulcer; cerebral small vessel disease; female infertility; arterial occlusive disease; Eisenmenger syndrome; Mycobacterium infection; Impotence; Encephalopathy; Patent foramen ovale; Priapism; lymphangioma; pulmonary hypertension; brain injury; coronary artery disease; pregnancy; scleroderma; Ischemic stroke; hypoplastic left heart syndrome; COVID-19; asphyxia neonatorum; Parkinson disease; migraine with aura; cystic fibrosis; Becker muscular dystrophy; Duchenne muscular dystrophy; sickle cell anemia; bronchopulmonary dysplasia; premature ejaculation; glaucoma; Beta-thalassemia; rectum cancer,https://www.ebi.ac.uk/chembl/target_report_card/CHEMBL2111400/,ChEMBL activity retrieved; up to 100 records retained per target (source total 91),Recorded chemical activity or drug evidence for the target.,93.0,metabolic-disease indication; Phase 4 clinical development; first approval reported (1998.0); activity reported (Ratio: 12858.0 ),
PDE3B,CHEMBL2111400,Phosphodiesterase 3 and 5 (PDE3 and PDE5),CHEMBL192,SILDENAFIL,Small molecule,,,Selectivity,7000.0,,4.0,1998.0,idiopathic pulmonary fibrosis; pulmonary arterial hypertension; heart failure; heart disease; erectile dysfunction; sexual dysfunction; benign prostatic hyperplasia; fetal growth restriction; hypertension; premature birth; peripheral arterial disease; Acute kidney injury; lung disease; infertility; cirrhosis of liver; Raynaud disease; systemic scleroderma; myelodysplastic syndrome; congestive heart failure; diabetes mellitus; preeclampsia; skin disease; hepatitis C virus infection; non-small cell lung carcinoma; pulmonary embolism; Coronary Vasospasm; persistent fetal circulation syndrome; pulmonary edema; Urinary incontinence; Skin ulcer; cerebral small vessel disease; female infertility; arterial occlusive disease; Eisenmenger syndrome; Mycobacterium infection; Impotence; Encephalopathy; Patent foramen ovale; Priapism; lymphangioma; pulmonary hypertension; brain injury; coronary artery disease; pregnancy; scleroderma; Ischemic stroke; hypoplastic left heart syndrome; COVID-19; asphyxia neonatorum; Parkinson disease; migraine with aura; cystic fibrosis; Becker muscular dystrophy; Duchenne muscular dystrophy; sickle cell anemia; bronchopulmonary dysplasia; premature ejaculation; glaucoma; Beta-thalassemia; rectum cancer,https://www.ebi.ac.uk/chembl/target_report_card/CHEMBL2111400/,ChEMBL activity retrieved; up to 100 records retained per target (source total 91),Recorded chemical activity or drug evidence for the target.,93.0,metabolic-disease indication; Phase 4 clinical development; first approval reported (1998.0); activity reported (Selectivity: 7000.0 ),
PDE3B,CHEMBL2111400,Phosphodiesterase 3 and 5 (PDE3 and PDE5),CHEMBL192,SILDENAFIL,Small molecule,,,Selectivity ratio,3500.0,,4.0,1998.0,idiopathic pulmonary fibrosis; pulmonary arterial hypertension; heart failure; heart disease; erectile dysfunction; sexual dysfunction; benign prostatic hyperplasia; fetal growth restriction; hypertension; premature birth; peripheral arterial disease; Acute kidney injury; lung disease; infertility; cirrhosis of liver; Raynaud disease; systemic scleroderma; myelodysplastic syndrome; congestive heart failure; diabetes mellitus; preeclampsia; skin disease; hepatitis C virus infection; non-small cell lung carcinoma; pulmonary embolism; Coronary Vasospasm; persistent fetal circulation syndrome; pulmonary edema; Urinary incontinence; Skin ulcer; cerebral small vessel disease; female infertility; arterial occlusive disease; Eisenmenger syndrome; Mycobacterium infection; Impotence; Encephalopathy; Patent foramen ovale; Priapism; lymphangioma; pulmonary hypertension; brain injury; coronary artery disease; pregnancy; scleroderma; Ischemic stroke; hypoplastic left heart syndrome; COVID-19; asphyxia neonatorum; Parkinson disease; migraine with aura; cystic fibrosis; Becker muscular dystrophy; Duchenne muscular dystrophy; sickle cell anemia; bronchopulmonary dysplasia; premature ejaculation; glaucoma; Beta-thalassemia; rectum cancer,https://www.ebi.ac.uk/chembl/target_report_card/CHEMBL2111400/,ChEMBL activity retrieved; up to 100 records retained per target (source total 91),Recorded chemical activity or drug evidence for the target.,93.0,metabolic-disease indication; Phase 4 clinical development; first approval reported (1998.0); activity reported (Selectivity ratio: 3500.0 ),
PDE3B,CHEMBL2111400,Phosphodiesterase 3 and 5 (PDE3 and PDE5),CHEMBL192,SILDENAFIL,Small molecule,,,Ratio,4100.0,,4.0,1998.0,idiopathic pulmonary fibrosis; pulmonary arterial hypertension; heart failure; heart disease; erectile dysfunction; sexual dysfunction; benign prostatic hyperplasia; fetal growth restriction; hypertension; premature birth; peripheral arterial disease; Acute kidney injury; lung disease; infertility; cirrhosis of liver; Raynaud disease; systemic scleroderma; myelodysplastic syndrome; congestive heart failure; diabetes mellitus; preeclampsia; skin disease; hepatitis C virus infection; non-small cell lung carcinoma; pulmonary embolism; Coronary Vasospasm; persistent fetal circulation syndrome; pulmonary edema; Urinary incontinence; Skin ulcer; cerebral small vessel disease; female infertility; arterial occlusive disease; Eisenmenger syndrome; Mycobacterium infection; Impotence; Encephalopathy; Patent foramen ovale; Priapism; lymphangioma; pulmonary hypertension; brain injury; coronary artery disease; pregnancy; scleroderma; Ischemic stroke; hypoplastic left heart syndrome; COVID-19; asphyxia neonatorum; Parkinson disease; migraine with aura; cystic fibrosis; Becker muscular dystrophy; Duchenne muscular dystrophy; sickle cell anemia; bronchopulmonary dysplasia; premature ejaculation; glaucoma; Beta-thalassemia; rectum cancer,https://www.ebi.ac.uk/chembl/target_report_card/CHEMBL2111400/,ChEMBL activity retrieved; up to 100 records retained per target (source total 91),Recorded chemical activity or drug evidence for the target.,93.0,metabolic-disease indication; Phase 4 clinical development; first approval reported (1998.0); activity reported (Ratio: 4100.0 ),
PDE3B,CHEMBL2111400,Phosphodiesterase 3 and 5 (PDE3 and PDE5),CHEMBL192,SILDENAFIL,Small molecule,,,IC50 ratio,3500.0,,4.0,1998.0,idiopathic pulmonary fibrosis; pulmonary arterial hypertension; heart failure; heart disease; erectile dysfunction; sexual dysfunction; benign prostatic hyperplasia; fetal growth restriction; hypertension; premature birth; peripheral arterial disease; Acute kidney injury; lung disease; infertility; cirrhosis of liver; Raynaud disease; systemic scleroderma; myelodysplastic syndrome; congestive heart failure; diabetes mellitus; preeclampsia; skin disease; hepatitis C virus infection; non-small cell lung carcinoma; pulmonary embolism; Coronary Vasospasm; persistent fetal circulation syndrome; pulmonary edema; Urinary incontinence; Skin ulcer; cerebral small vessel disease; female infertility; arterial occlusive disease; Eisenmenger syndrome; Mycobacterium infection; Impotence; Encephalopathy; Patent foramen ovale; Priapism; lymphangioma; pulmonary hypertension; brain injury; coronary artery disease; pregnancy; scleroderma; Ischemic stroke; hypoplastic left heart syndrome; COVID-19; asphyxia neonatorum; Parkinson disease; migraine with aura; cystic fibrosis; Becker muscular dystrophy; Duchenne muscular dystrophy; sickle cell anemia; bronchopulmonary dysplasia; premature ejaculation; glaucoma; Beta-thalassemia; rectum cancer,https://www.ebi.ac.uk/chembl/target_report_card/CHEMBL2111400/,ChEMBL activity retrieved; up to 100 records retained per target (source total 91),Recorded chemical activity or drug evidence for the target.,93.0,metabolic-disease indication; Phase 4 clinical development; first approval reported (1998.0); activity reported (IC50 ratio: 3500.0 ),
PDE3B,CHEMBL2111400,Phosphodiesterase 3 and 5 (PDE3 and PDE5),CHEMBL192,SILDENAFIL,Small molecule,,,IC50 ratio,4100.0,,4.0,1998.0,idiopathic pulmonary fibrosis; pulmonary arterial hypertension; heart failure; heart disease; erectile dysfunction; sexual dysfunction; benign prostatic hyperplasia; fetal growth restriction; hypertension; premature birth; peripheral arterial disease; Acute kidney injury; lung disease; infertility; cirrhosis of liver; Raynaud disease; systemic scleroderma; myelodysplastic syndrome; congestive heart failure; diabetes mellitus; preeclampsia; skin disease; hepatitis C virus infection; non-small cell lung carcinoma; pulmonary embolism; Coronary Vasospasm; persistent fetal circulation syndrome; pulmonary edema; Urinary incontinence; Skin ulcer; cerebral small vessel disease; female infertility; arterial occlusive disease; Eisenmenger syndrome; Mycobacterium infection; Impotence; Encephalopathy; Patent foramen ovale; Priapism; lymphangioma; pulmonary hypertension; brain injury; coronary artery disease; pregnancy; scleroderma; Ischemic stroke; hypoplastic left heart syndrome; COVID-19; asphyxia neonatorum; Parkinson disease; migraine with aura; cystic fibrosis; Becker muscular dystrophy; Duchenne muscular dystrophy; sickle cell anemia; bronchopulmonary dysplasia; premature ejaculation; glaucoma; Beta-thalassemia; rectum cancer,https://www.ebi.ac.uk/chembl/target_report_card/CHEMBL2111400/,ChEMBL activity retrieved; up to 100 records retained per target (source total 91),Recorded chemical activity or drug evidence for the target.,93.0,metabolic-disease indication; Phase 4 clinical development; first approval reported (1998.0); activity reported (IC50 ratio: 4100.0 ),
PDE3B,CHEMBL2111400,Phosphodiesterase 3 and 5 (PDE3 and PDE5),CHEMBL192,SILDENAFIL,Small molecule,,,IC50 ratio,8000.0,,4.0,1998.0,idiopathic pulmonary fibrosis; pulmonary arterial hypertension; heart failure; heart disease; erectile dysfunction; sexual dysfunction; benign prostatic hyperplasia; fetal growth restriction; hypertension; premature birth; peripheral arterial disease; Acute kidney injury; lung disease; infertility; cirrhosis of liver; Raynaud disease; systemic scleroderma; myelodysplastic syndrome; congestive heart failure; diabetes mellitus; preeclampsia; skin disease; hepatitis C virus infection; non-small cell lung carcinoma; pulmonary embolism; Coronary Vasospasm; persistent fetal circulation syndrome; pulmonary edema; Urinary incontinence; Skin ulcer; cerebral small vessel disease; female infertility; arterial occlusive disease; Eisenmenger syndrome; Mycobacterium infection; Impotence; Encephalopathy; Patent foramen ovale; Priapism; lymphangioma; pulmonary hypertension; brain injury; coronary artery disease; pregnancy; scleroderma; Ischemic stroke; hypoplastic left heart syndrome; COVID-19; asphyxia neonatorum; Parkinson disease; migraine with aura; cystic fibrosis; Becker muscular dystrophy; Duchenne muscular dystrophy; sickle cell anemia; bronchopulmonary dysplasia; premature ejaculation; glaucoma; Beta-thalassemia; rectum cancer,https://www.ebi.ac.uk/chembl/target_report_card/CHEMBL2111400/,ChEMBL activity retrieved; up to 100 records retained per target (source total 91),Recorded chemical activity or drug evidence for the target.,93.0,metabolic-disease indication; Phase 4 clinical development; first approval reported (1998.0); activity reported (IC50 ratio: 8000.0 ),
PPARG,CHEMBL235,Peroxisome proliferator-activated receptor gamma,CHEMBL121,ROSIGLITAZONE,Small molecule,Peroxisome proliferator-activated receptor gamma agonist,AGONIST,EC50,20.0,nM,4.0,1999.0,diabetes mellitus; erectile dysfunction; focal segmental glomerulosclerosis; Cognitive impairment; non-alcoholic fatty liver disease; ulcerative colitis; prostate adenocarcinoma; diabetic neuropathy; Disorder of lipid metabolism; HIV infection; Plasmodium falciparum malaria; metabolic syndrome; neoplasm; rheumatoid arthritis; endometriosis; malaria; anemia (phenotype); Chemotherapy-induced nausea and vomiting; Sezary's disease; mycosis fungoides; prediabetes syndrome; Multiple Organ Failure; hypertension; metabolic disease; abnormal glucose tolerance; insulin resistance; atherosclerosis; Glucose intolerance; Hypercholesterolemia; breast cancer; coronary artery disease; Alzheimer disease; asthma; type 2 diabetes mellitus; cancer; cardiovascular disease; inflammatory bowel disease,https://www.ebi.ac.uk/chembl/target_report_card/CHEMBL235/,ChEMBL activity retrieved; up to 100 records retained per target (source total 16079),Recorded chemical activity or drug evidence for the target.,128.0,metabolic-disease indication; mechanism of action reported; pharmacological action reported (AGONIST); Phase 4 clinical development; first approval reported (1999.0); potent activity (20 nM EC50),20.0
PPARG,CHEMBL235,Peroxisome proliferator-activated receptor gamma,CHEMBL121,ROSIGLITAZONE,Small molecule,Peroxisome proliferator-activated receptor gamma agonist,AGONIST,IC50,250.0,nM,4.0,1999.0,diabetes mellitus; erectile dysfunction; focal segmental glomerulosclerosis; Cognitive impairment; non-alcoholic fatty liver disease; ulcerative colitis; prostate adenocarcinoma; diabetic neuropathy; Disorder of lipid metabolism; HIV infection; Plasmodium falciparum malaria; metabolic syndrome; neoplasm; rheumatoid arthritis; endometriosis; malaria; anemia (phenotype); Chemotherapy-induced nausea and vomiting; Sezary's disease; mycosis fungoides; prediabetes syndrome; Multiple Organ Failure; hypertension; metabolic disease; abnormal glucose tolerance; insulin resistance; atherosclerosis; Glucose intolerance; Hypercholesterolemia; breast cancer; coronary artery disease; Alzheimer disease; asthma; type 2 diabetes mellitus; cancer; cardiovascular disease; inflammatory bowel disease,https://www.ebi.ac.uk/chembl/target_report_card/CHEMBL235/,ChEMBL activity retrieved; up to 100 records retained per target (source total 16079),Recorded chemical activity or drug evidence for the target.,120.0,metabolic-disease indication; mechanism of action reported; pharmacological action reported (AGONIST); Phase 4 clinical development; first approval reported (1999.0); quantitative activity (250 nM IC50),250.0
PPARG,CHEMBL2111394,RXR alpha/PPAR gamma,CHEMBL843,ROSIGLITAZONE MALEATE,Small molecule,,"{'action_type': 'AGONIST', 'description': 'Binds to and activates a receptor, often mimicking the effect of the endogenous ligand', 'parent_type': 'POSITIVE MODULATOR'}",Kd,650.0,nM,4.0,1999.0,HIV infection; sarcoma; congestive heart failure; insulin resistance; atherosclerosis; head and neck malignant neoplasia; pituitary-dependent Cushing's disease; non-alcoholic steatohepatitis; diabetes mellitus; Central Nervous System Neoplasm; type 2 diabetes mellitus; non-alcoholic fatty liver disease; oral mucosa leukoplakia; HIV infection; sarcoma; congestive heart failure; insulin resistance; atherosclerosis; head and neck malignant neoplasia; pituitary-dependent Cushing's disease; non-alcoholic steatohepatitis; diabetes mellitus; Central Nervous System Neoplasm; type 2 diabetes mellitus; non-alcoholic fatty liver disease; oral mucosa leukoplakia,https://www.ebi.ac.uk/chembl/target_report_card/CHEMBL2111394/,ChEMBL activity retrieved; up to 100 records retained per target (source total 116),Recorded chemical activity or drug evidence for the target.,108.0,"metabolic-disease indication; pharmacological action reported ({'action_type': 'AGONIST', 'description': 'Binds to and activates a receptor, often mimicking the effect of the endogenous ligand', 'parent_type': 'POSITIVE MODULATOR'}); Phase 4 clinical development; first approval reported (1999.0); quantitative activity (650 nM Kd)",650.0
PPARG,CHEMBL235,Peroxisome proliferator-activated receptor gamma,CHEMBL1715,PIOGLITAZONE HYDROCHLORIDE,Small molecule,Peroxisome proliferator-activated receptor gamma agonist,AGONIST,,,,4.0,1999.0,non-alcoholic fatty liver disease; chronic kidney disease; non-small cell lung carcinoma; pancreatic carcinoma; major depressive disorder; amyotrophic lateral sclerosis; type 2 diabetes mellitus; oral mucosa leukoplakia,https://www.ebi.ac.uk/chembl/target_report_card/CHEMBL235/,ChEMBL mechanism retrieved,Recorded chemical activity or drug evidence for the target.,108.0,metabolic-disease indication; mechanism of action reported; pharmacological action reported (AGONIST); Phase 4 clinical development; first approval reported (1999.0),
PPARG,CHEMBL235,Peroxisome proliferator-activated receptor gamma,CHEMBL408,TROGLITAZONE,Small molecule,Peroxisome proliferator-activated receptor gamma agonist,AGONIST,,,,4.0,1997.0,diabetes mellitus; sarcoma,https://www.ebi.ac.uk/chembl/target_report_card/CHEMBL235/,ChEMBL mechanism retrieved,Recorded chemical activity or drug evidence for the target.,108.0,metabolic-disease indication; mechanism of action reported; pharmacological action reported (AGONIST); Phase 4 clinical development; first approval reported (1997.0),
PPARG,CHEMBL235,Peroxisome proliferator-activated receptor gamma,CHEMBL843,ROSIGLITAZONE MALEATE,Small molecule,Peroxisome proliferator-activated receptor gamma agonist,AGONIST,,,,4.0,1999.0,HIV infection; sarcoma; congestive heart failure; insulin resistance; atherosclerosis; head and neck malignant neoplasia; pituitary-dependent Cushing's disease; non-alcoholic steatohepatitis; diabetes mellitus; Central Nervous System Neoplasm; type 2 diabetes mellitus; non-alcoholic fatty liver disease; oral mucosa leukoplakia,https://www.ebi.ac.uk/chembl/target_report_card/CHEMBL235/,ChEMBL mechanism retrieved,Recorded chemical activity or drug evidence for the target.,108.0,metabolic-disease indication; mechanism of action reported; pharmacological action reported (AGONIST); Phase 4 clinical development; first approval reported (1999.0),
PPARG,CHEMBL2111394,RXR alpha/PPAR gamma,CHEMBL1715,PIOGLITAZONE HYDROCHLORIDE,Small molecule,,,EC50,490.0,nM,4.0,1999.0,non-alcoholic fatty liver disease; chronic kidney disease; non-small cell lung carcinoma; pancreatic carcinoma; major depressive disorder; amyotrophic lateral sclerosis; type 2 diabetes mellitus; oral mucosa leukoplakia; non-alcoholic fatty liver disease; chronic kidney disease; non-small cell lung carcinoma; pancreatic carcinoma; major depressive disorder; amyotrophic lateral sclerosis; type 2 diabetes mellitus; oral mucosa leukoplakia,https://www.ebi.ac.uk/chembl/target_report_card/CHEMBL2111394/,ChEMBL activity retrieved; up to 100 records retained per target (source total 116),Recorded chemical activity or drug evidence for the target.,102.0,metabolic-disease indication; Phase 4 clinical development; first approval reported (1999.0); quantitative activity (490 nM EC50),490.0
PPARG,CHEMBL3559683,Peroxisome proliferator-activated receptor,CHEMBL121,ROSIGLITAZONE,Small molecule,,,EC50,1600.0,nM,4.0,1999.0,diabetes mellitus; erectile dysfunction; focal segmental glomerulosclerosis; Cognitive impairment; non-alcoholic fatty liver disease; ulcerative colitis; prostate adenocarcinoma; diabetic neuropathy; Disorder of lipid metabolism; HIV infection; Plasmodium falciparum malaria; metabolic syndrome; neoplasm; rheumatoid arthritis; endometriosis; malaria; anemia (phenotype); Chemotherapy-induced nausea and vomiting; Sezary's disease; mycosis fungoides; prediabetes syndrome; Multiple Organ Failure; hypertension; metabolic disease; abnormal glucose tolerance; insulin resistance; atherosclerosis; Glucose intolerance; Hypercholesterolemia; breast cancer; coronary artery disease; Alzheimer disease; asthma; type 2 diabetes mellitus; cancer; cardiovascular disease; inflammatory bowel disease; diabetes mellitus; erectile dysfunction; focal segmental glomerulosclerosis; Cognitive impairment; non-alcoholic fatty liver disease; ulcerative colitis; prostate adenocarcinoma; diabetic neuropathy; Disorder of lipid metabolism; HIV infection; Plasmodium falciparum malaria; metabolic syndrome; neoplasm; rheumatoid arthritis; endometriosis; malaria; anemia (phenotype); Chemotherapy-induced nausea and vomiting; Sezary's disease; mycosis fungoides; prediabetes syndrome; Multiple Organ Failure; hypertension; metabolic disease; abnormal glucose tolerance; insulin resistance; atherosclerosis; Glucose intolerance; Hypercholesterolemia; breast cancer; coronary artery disease; Alzheimer disease; asthma; type 2 diabetes mellitus; cancer; cardiovascular disease; inflammatory bowel disease; diabetes mellitus; erectile dysfunction; focal segmental glomerulosclerosis; Cognitive impairment; non-alcoholic fatty liver disease; ulcerative colitis; prostate adenocarcinoma; diabetic neuropathy; Disorder of lipid metabolism; HIV infection; Plasmodium falciparum malaria; metabolic syndrome; neoplasm; rheumatoid arthritis; endometriosis; malaria; anemia (phenotype); Chemotherapy-induced nausea and vomiting; Sezary's disease; mycosis fungoides; prediabetes syndrome; Multiple Organ Failure; hypertension; metabolic disease; abnormal glucose tolerance; insulin resistance; atherosclerosis; Glucose intolerance; Hypercholesterolemia; breast cancer; coronary artery disease; Alzheimer disease; asthma; type 2 diabetes mellitus; cancer; cardiovascular disease; inflammatory bowel disease,https://www.ebi.ac.uk/chembl/target_report_card/CHEMBL3559683/,ChEMBL activity retrieved; up to 100 records retained per target (source total 137),Recorded chemical activity or drug evidence for the target.,95.0,metabolic-disease indication; Phase 4 clinical development; first approval reported (1999.0); quantitative activity (1600 nM EC50),1600.0
PPARG,CHEMBL3559683,Peroxisome proliferator-activated receptor,CHEMBL264374,BEZAFIBRATE,Small molecule,Peroxisome proliferator-activated receptor agonist,AGONIST,EC50,1040.0,nM,3.0,,cardiovascular disease; Combined hyperlipidemia; primary biliary cirrhosis; sclerosing cholangitis; myelodysplastic syndrome; type 2 diabetes mellitus; mitochondrial disease; bipolar disorder; cardiovascular disease; Combined hyperlipidemia; primary biliary cirrhosis; sclerosing cholangitis; myelodysplastic syndrome; type 2 diabetes mellitus; mitochondrial disease; bipolar disorder,https://www.ebi.ac.uk/chembl/target_report_card/CHEMBL3559683/,ChEMBL activity retrieved; up to 100 records retained per target (source total 137),Recorded chemical activity or drug evidence for the target.,95.0,metabolic-disease indication; mechanism of action reported; pharmacological action reported (AGONIST); Phase 3 clinical development; quantitative activity (1040 nM EC50),1040.0
PPARG,CHEMBL2111325,PPAR alpha/gamma,CHEMBL981,FENOFIBRIC ACID,Small molecule,,,Intrinsic activity,30.0,%,4.0,2008.0,medulloblastoma; Hypertriglyceridemia; cholestasis; Hypercholesterolemia; type 2 diabetes mellitus; alcohol dependence,https://www.ebi.ac.uk/chembl/target_report_card/CHEMBL2111325/,ChEMBL activity retrieved; up to 100 records retained per target (source total 196),Recorded chemical activity or drug evidence for the target.,93.0,metabolic-disease indication; Phase 4 clinical development; first approval reported (2008.0); activity reported (Intrinsic activity: 30.0 %),
RPTOR,CHEMBL4296661,mTORC1,CHEMBL413,SIROLIMUS,Small molecule,,,Inhibition,,%,4.0,1999.0,"acute lymphoblastic leukemia; kidney disease; Abnormality of the cardiovascular system; acute graft vs. host disease; diabetic retinopathy; neoplasm; sarcoma; hepatocellular carcinoma; hypertension; multiple myeloma; age-related macular degeneration; Cutaneous T-cell lymphoma; fibroma; dry eye syndrome; HIV-1 infection; systemic scleroderma; chronic kidney disease; relapsing-remitting multiple sclerosis; pancreatic carcinoma; rectum cancer; chronic lymphocytic leukemia; Hodgkins lymphoma; myelodysplastic syndrome; acute myeloid leukemia; chronic myelogenous leukemia; diffuse large B-cell lymphoma; germ cell tumor; glioblastoma multiforme; leukemia; lymphoma; neuroblastoma; osteosarcoma; renal cell carcinoma; small cell lung carcinoma; squamous cell lung carcinoma; non-small cell lung carcinoma; IGA glomerulonephritis; focal segmental glomerulosclerosis; non-Hodgkins lymphoma; vascular malformation; severe aplastic anemia; inclusion body myositis; Pineoblastoma; sarcopenia; anterior uveitis; intermediate uveitis; posterior uveitis; gliosarcoma; Mantle cell lymphoma; Autosomal dominant polycystic kidney disease; Abnormality of blood and blood-forming tissues; Aplastic anemia; Hypercholesterolemia; Glycogen storage disease due to acid maltase deficiency; Cerebral arteriovenous malformation; Familial adenomatous polyposis; metastatic prostate cancer; lung adenocarcinoma; ovarian carcinoma; plasma cell leukemia; oral lichen planus; skin carcinoma; bronchitis; metastasis; Fallopian Tube Carcinoma; soft tissue sarcoma; kidney failure; Birt-Hogg-Dube syndrome; malignant peripheral nerve sheath tumor; brain aneurysm; eye disease; Polycystic Kidney Disease; Central Nervous System Neoplasm; urinary bladder cancer; scleritis; thyroid cancer; hyperinsulinism; anemia; liver cancer; skin cancer; pulmonary hypertension; breast cancer; prostate cancer; lung cancer; graft versus host disease; Castleman disease; carcinoma of liver and intrahepatic biliary tract; hematopoietic and lymphoid cell neoplasm; Beta-thalassemia; diabetic nephropathy; acute lung injury; acute respiratory distress syndrome; pemphigus; Graves ophthalmopathy; lymphoblastic lymphoma; depressive disorder; COVID-19; Gaucher disease type 2; lupus nephritis; Desmoid-type fibromatosis; IgG4-related retroperitoneal fibrosis; heart failure; Vitiligo; neurofibromatosis; multiple system atrophy; Thalassemia; Immunodeficiency; tuberous sclerosis; amyotrophic lateral sclerosis; urinary bladder carcinoma; type 1 diabetes mellitus; Parkinson disease; alcohol dependence; familial multiple nevi flammei; Sturge-Weber syndrome; sickle cell anemia; lymphangioleiomyomatosis; severe combined immunodeficiency; pachyonychia congenita; frontotemporal dementia; gangliosidosis; chronic granulomatous disease; neurofibromatosis type 1; lymphatic malformation; sarcoidosis; Fanconi anemia; hemangioendothelioma; Sjogren syndrome; liver disease; influenza; kidney transplant; PEComa; Anemia, Hemolytic, Autoimmune; atrophic macular degeneration; Angiofibroma; cancer; systemic lupus erythematosus; chronic graft versus host disease; Delayed Graft Function; plasma cell neoplasm; leiomyosarcoma; prostate carcinoma; eosinophilic esophagitis; lymphoid leukemia; respiratory failure; aging; Paraganglioma; panuveitis; Adenoma sebaceum; fallopian tube cancer; blood platelet disease; inborn error of immunity; Alzheimer disease; ovarian cancer; low grade glioma; chronic renal failure syndrome; choroidal neovascularization; hemorrhage",https://www.ebi.ac.uk/chembl/target_report_card/CHEMBL4296661/,ChEMBL activity retrieved; up to 100 records retained per target (source total 514),Recorded chemical activity or drug evidence for the target.,90.0,metabolic-disease indication; Phase 4 clinical development; first approval reported (1999.0),
RPTOR,CHEMBL4296661,mTORC1,CHEMBL1236962,OMIPALISIB,Small molecule,,,Ki,0.18,nM,2.0,,neoplasm; idiopathic pulmonary fibrosis; cancer,https://www.ebi.ac.uk/chembl/target_report_card/CHEMBL4296661/,ChEMBL activity retrieved; up to 100 records retained per target (source total 514),Recorded chemical activity or drug evidence for the target.,56.0,Phase 2 clinical development; high potency (0.18 nM Ki),0.18
RPTOR,CHEMBL4296661,mTORC1,CHEMBL1908360,EVEROLIMUS,Small molecule,,,Inhibition,,%,4.0,2009.0,acute coronary syndrome; adenoid cystic carcinoma; breast carcinoma; renal cell carcinoma; colorectal adenocarcinoma; mesothelioma; neoplasm; non-small cell lung carcinoma; sarcoma; small cell lung carcinoma; carcinoma; cholangiocarcinoma; glioblastoma multiforme; hepatocellular carcinoma; acute graft vs. host disease; diffuse large B-cell lymphoma; kidney disease; lymphoma; malignant pleural mesothelioma; pancreatic carcinoma; stomach neoplasm; clear cell renal carcinoma; Cutaneous T-cell lymphoma; germ cell tumor; lung carcinoma; central nervous system cancer; chondrosarcoma; Hodgkins lymphoma; osteosarcoma; pulmonary neuroendocrine tumor; hepatitis C virus infection; esophageal carcinoma; acute myeloid leukemia; brain neoplasm; Kaposi's sarcoma; breast neoplasm; Mantle cell lymphoma; infection; myelodysplastic syndrome; age-related macular degeneration; chronic kidney disease; astrocytoma; uveitis; head and neck squamous cell carcinoma; cutaneous melanoma; acute lymphoblastic leukemia; adenocarcinoma; chronic myelogenous leukemia; epilepsy; leukemia; oligoastrocytoma; oligodendroglioma; cytomegalovirus infection; synovial sarcoma; multiple myeloma; anaplastic astrocytoma; metastatic melanoma; thymus neoplasm; pancreatic neoplasm; Coronary Restenosis; nasopharyngeal neoplasm; lymphoid leukemia; non-Hodgkins lymphoma; head and neck malignant neoplasia; male breast carcinoma; islet cell tumor; pancreatic neuroendocrine tumor; Transitional Cell Carcinoma; marginal zone B-cell lymphoma; carcinoid syndrome; Autosomal dominant polycystic kidney disease; soft tissue sarcoma; Abnormality of blood and blood-forming tissues; triple-negative breast cancer; Waldenstrom macroglobulinemia; kidney failure; malignant peripheral nerve sheath tumor; Polycystic Kidney Disease; diffuse intrinsic pontine glioma; Central Nervous System Neoplasm; neuroendocrine neoplasm; Adenoma sebaceum; lymphoblastic lymphoma; gastric cancer; urinary bladder cancer; primary aldosteronism; peritoneum cancer; thyroid cancer; neuroendocrine carcinoma; fallopian tube cancer; kidney cancer; liver cancer; uterine cancer; skin cancer; cervical cancer; mixed glioma; childhood ependymoma; gallbladder cancer; breast cancer; esophageal cancer; ovarian cancer; prostate cancer; lung cancer; classic Hodgkin lymphoma; endometrial cancer; graft versus host disease; medullary thyroid gland carcinoma; systemic mastocytosis; subependymal giant cell astrocytoma; progeria; malignant colon neoplasm; digestive system neuroendocrine neoplasm; metastasis; angiomyolipoma; familial atrioventricular septal defect; malignant glioma; carcinoid tumor; Kidney Angiomyolipoma; hamartoma; bone sarcoma; tuberous sclerosis; NF2-related schwannomatosis; Peutz-Jeghers syndrome; lymphangioleiomyomatosis; gastrointestinal stromal tumor; meningioma; PTEN hamartoma tumor syndrome; tuberculosis; malignant epithelial tumor of ovary; neurofibromatosis type 1; cancer; plasma cell neoplasm; coronary artery disease; thyroid carcinoma; kidney neoplasm; bile duct carcinoma; renal cell adenocarcinoma; aging; Paraganglioma; Uveal Melanoma; adult oligodendroglioma; urinary bladder carcinoma; colorectal cancer; Sturge-Weber syndrome; low grade glioma; chronic renal failure syndrome; intracranial meningioma,https://www.ebi.ac.uk/chembl/target_report_card/CHEMBL4296661/,ChEMBL activity retrieved; up to 100 records retained per target (source total 514),Recorded chemical activity or drug evidence for the target.,55.0,Phase 4 clinical development; first approval reported (2009.0),
RPTOR,CHEMBL4296661,mTORC1,CHEMBL3586573,CC-115,Small molecule,,,IC50,23.0,nM,2.0,,chronic lymphocytic leukemia; head and neck squamous cell carcinoma; glioblastoma multiforme; osteosarcoma; metastasis; prostate cancer,https://www.ebi.ac.uk/chembl/target_report_card/CHEMBL4296661/,ChEMBL activity retrieved; up to 100 records retained per target (source total 514),Recorded chemical activity or drug evidence for the target.,51.0,Phase 2 clinical development; potent activity (23 nM IC50),23.0
RPTOR,CHEMBL4296661,mTORC1,CHEMBL3586404,ONATASERTIB,Small molecule,,,IC50,30.0,nM,2.0,,hepatocellular carcinoma; diffuse large B-cell lymphoma; glioblastoma multiforme; multiple myeloma; non-small cell lung carcinoma; neuroendocrine neoplasm; breast cancer; neoplasm,https://www.ebi.ac.uk/chembl/target_report_card/CHEMBL4296661/,ChEMBL activity retrieved; up to 100 records retained per target (source total 514),Recorded chemical activity or drug evidence for the target.,51.0,Phase 2 clinical development; potent activity (30 nM IC50),30.0
RPTOR,CHEMBL4296661,mTORC1,CHEMBL571209,INDOXIMOD,Small molecule,mTORC1 activator,ACTIVATOR,,,,2.0,,metastatic prostate cancer; acute myeloid leukemia; melanoma; metastatic melanoma; medulloblastoma; non-small cell lung carcinoma; ependymoma; gliosarcoma; breast cancer; neoplasm; glioblastoma multiforme; pancreatic carcinoma; Paraganglioma; brain cancer,https://www.ebi.ac.uk/chembl/target_report_card/CHEMBL4296661/,ChEMBL mechanism retrieved,Recorded chemical activity or drug evidence for the target.,49.0,mechanism of action reported; pharmacological action reported (ACTIVATOR); Phase 2 clinical development,
RPTOR,CHEMBL4296661,mTORC1,CHEMBL2336325,VISTUSERTIB,Small molecule,,,IC50,200.0,nM,2.0,,diffuse large B-cell lymphoma; non-small cell lung carcinoma; adenocarcinoma; clear cell renal carcinoma; gastric adenocarcinoma; glioblastoma multiforme; neoplasm; small cell lung carcinoma; squamous cell carcinoma; squamous cell lung carcinoma; stomach neoplasm; triple-negative breast cancer; endometrial carcinoma; Hereditary breast and ovarian cancer syndrome; urinary bladder cancer; breast cancer; prostate cancer; meningioma; cancer; lymphoma; uterine neoplasm; lung cancer,https://www.ebi.ac.uk/chembl/target_report_card/CHEMBL4296661/,ChEMBL activity retrieved; up to 100 records retained per target (source total 514),Recorded chemical activity or drug evidence for the target.,43.0,Phase 2 clinical development; quantitative activity (200 nM IC50),200.0
RPTOR,CHEMBL4296661,mTORC1,CHEMBL1801204,AZD-8055,Small molecule,,,IC50,27.0,nM,1.0,,hepatocellular carcinoma; glioblastoma multiforme; lymphoma; neoplasm; anaplastic astrocytoma; anaplastic oligodendroglioma; cancer; Paraganglioma,https://www.ebi.ac.uk/chembl/target_report_card/CHEMBL4296661/,ChEMBL activity retrieved; up to 100 records retained per target (source total 514),Recorded chemical activity or drug evidence for the target.,43.0,Phase 1 clinical development; potent activity (27 nM IC50),27.0
RPTOR,CHEMBL4296661,mTORC1,CHEMBL2334767,,Small molecule,,,IC50,0.7,nM,,,,https://www.ebi.ac.uk/chembl/target_report_card/CHEMBL4296661/,ChEMBL activity retrieved; up to 100 records retained per target (source total 514),Recorded chemical activity or drug evidence for the target.,26.0,high potency (0.7 nM IC50),0.7
RPTOR,CHEMBL4296661,mTORC1,CHEMBL2338394,,Small molecule,,,IC50,1.0,nM,,,,https://www.ebi.ac.uk/chembl/target_report_card/CHEMBL4296661/,ChEMBL activity retrieved; up to 100 records retained per target (source total 514),Recorded chemical activity or drug evidence for the target.,26.0,high potency (1 nM IC50),1.0
TCF7L2,CHEMBL3038511,TCF4/beta-catenin,CHEMBL1334062,,Small molecule,,,IC50,300.0,nM,,,,https://www.ebi.ac.uk/chembl/target_report_card/CHEMBL3038511/,ChEMBL activity retrieved; up to 100 records retained per target (source total 616),Recorded chemical activity or drug evidence for the target.,13.0,quantitative activity (300 nM IC50),300.0
TCF7L2,CHEMBL3038511,TCF4/beta-catenin,CHEMBL569102,,Small molecule,,,IC50,413.0,nM,,,,https://www.ebi.ac.uk/chembl/target_report_card/CHEMBL3038511/,ChEMBL activity retrieved; up to 100 records retained per target (source total 616),Recorded chemical activity or drug evidence for the target.,13.0,quantitative activity (413 nM IC50),413.0
TCF7L2,CHEMBL3038511,TCF4/beta-catenin,CHEMBL254381,,Small molecule,,,Kd,450.0,nM,,,,https://www.ebi.ac.uk/chembl/target_report_card/CHEMBL3038511/,ChEMBL activity retrieved; up to 100 records retained per target (source total 616),Recorded chemical activity or drug evidence for the target.,13.0,quantitative activity (450 nM Kd),450.0
TCF7L2,CHEMBL3038511,TCF4/beta-catenin,CHEMBL569103,,Small molecule,,,IC50,596.0,nM,,,,https://www.ebi.ac.uk/chembl/target_report_card/CHEMBL3038511/,ChEMBL activity retrieved; up to 100 records retained per target (source total 616),Recorded chemical activity or drug evidence for the target.,13.0,quantitative activity (596 nM IC50),596.0
TCF7L2,CHEMBL3038511,TCF4/beta-catenin,CHEMBL568853,,Small molecule,,,IC50,630.0,nM,,,,https://www.ebi.ac.uk/chembl/target_report_card/CHEMBL3038511/,ChEMBL activity retrieved; up to 100 records retained per target (source total 616),Recorded chemical activity or drug evidence for the target.,13.0,quantitative activity (630 nM IC50),630.0
TCF7L2,CHEMBL3038511,TCF4/beta-catenin,CHEMBL570417,,Small molecule,,,IC50,692.0,nM,,,,https://www.ebi.ac.uk/chembl/target_report_card/CHEMBL3038511/,ChEMBL activity retrieved; up to 100 records retained per target (source total 616),Recorded chemical activity or drug evidence for the target.,13.0,quantitative activity (692 nM IC50),692.0
TCF7L2,CHEMBL3038511,TCF4/beta-catenin,CHEMBL571994,,Small molecule,,,IC50,771.0,nM,,,,https://www.ebi.ac.uk/chembl/target_report_card/CHEMBL3038511/,ChEMBL activity retrieved; up to 100 records retained per target (source total 616),Recorded chemical activity or drug evidence for the target.,13.0,quantitative activity (771 nM IC50),771.0
TCF7L2,CHEMBL3038511,TCF4/beta-catenin,CHEMBL569754,,Small molecule,,,IC50,787.0,nM,,,,https://www.ebi.ac.uk/chembl/target_report_card/CHEMBL3038511/,ChEMBL activity retrieved; up to 100 records retained per target (source total 616),Recorded chemical activity or drug evidence for the target.,13.0,quantitative activity (787 nM IC50),787.0
TCF7L2,CHEMBL3038511,TCF4/beta-catenin,CHEMBL582809,,Small molecule,,,IC50,941.0,nM,,,,https://www.ebi.ac.uk/chembl/target_report_card/CHEMBL3038511/,ChEMBL activity retrieved; up to 100 records retained per target (source total 616),Recorded chemical activity or drug evidence for the target.,13.0,quantitative activity (941 nM IC50),941.0
TCF7L2,CHEMBL3038511,TCF4/beta-catenin,CHEMBL2018626,,Small molecule,,,IC50,1000.0,nM,,,,https://www.ebi.ac.uk/chembl/target_report_card/CHEMBL3038511/,ChEMBL activity retrieved; up to 100 records retained per target (source total 616),Recorded chemical activity or drug evidence for the target.,13.0,quantitative activity (1000 nM IC50),1000.0
UBR2,CHEMBL6193829,UBR/ALK tyrosine kinase receptor/Echinoderm microtubule-associated protein-like 4,CHEMBL5574519,,,,"{'action_type': 'DEGRADER', 'description': 'Binds to or antagonizes a receptor, leading to its degradation', 'parent_type': 'NEGATIVE MODULATOR'}",DC50,1320.0,nM,,,,https://www.ebi.ac.uk/chembl/target_report_card/CHEMBL6193829/,ChEMBL activity retrieved; up to 100 records retained per target (source total 4),Recorded chemical activity or drug evidence for the target.,10.0,"pharmacological action reported ({'action_type': 'DEGRADER', 'description': 'Binds to or antagonizes a receptor, leading to its degradation', 'parent_type': 'NEGATIVE MODULATOR'}); activity reported (DC50: 1320.0 nM)",
UBR2,CHEMBL6193829,UBR/ALK tyrosine kinase receptor/Echinoderm microtubule-associated protein-like 4,CHEMBL5574519,,,,"{'action_type': 'DEGRADER', 'description': 'Binds to or antagonizes a receptor, leading to its degradation', 'parent_type': 'NEGATIVE MODULATOR'}",Emax,91.0,%,,,,https://www.ebi.ac.uk/chembl/target_report_card/CHEMBL6193829/,ChEMBL activity retrieved; up to 100 records retained per target (source total 4),Recorded chemical activity or drug evidence for the target.,10.0,"pharmacological action reported ({'action_type': 'DEGRADER', 'description': 'Binds to or antagonizes a receptor, leading to its degradation', 'parent_type': 'NEGATIVE MODULATOR'}); activity reported (Emax: 91.0 %)",
UBR2,CHEMBL6193830,UBR/Epidermal growth factor receptor,CHEMBL5574519,,,,"{'action_type': 'DEGRADER', 'description': 'Binds to or antagonizes a receptor, leading to its degradation', 'parent_type': 'NEGATIVE MODULATOR'}",DC50,19660.0,nM,,,,https://www.ebi.ac.uk/chembl/target_report_card/CHEMBL6193830/,ChEMBL activity retrieved; up to 100 records retained per target (source total 4),Recorded chemical activity or drug evidence for the target.,10.0,"pharmacological action reported ({'action_type': 'DEGRADER', 'description': 'Binds to or antagonizes a receptor, leading to its degradation', 'parent_type': 'NEGATIVE MODULATOR'}); activity reported (DC50: 19660.0 nM)",
UBR2,CHEMBL6193830,UBR/Epidermal growth factor receptor,CHEMBL5574519,,,,"{'action_type': 'DEGRADER', 'description': 'Binds to or antagonizes a receptor, leading to its degradation', 'parent_type': 'NEGATIVE MODULATOR'}",Activity,52.0,%,,,,https://www.ebi.ac.uk/chembl/target_report_card/CHEMBL6193830/,ChEMBL activity retrieved; up to 100 records retained per target (source total 4),Recorded chemical activity or drug evidence for the target.,10.0,"pharmacological action reported ({'action_type': 'DEGRADER', 'description': 'Binds to or antagonizes a receptor, leading to its degradation', 'parent_type': 'NEGATIVE MODULATOR'}); activity reported (Activity: 52.0 %)",
UBR2,CHEMBL6066414,E3 ubiquitin-protein ligase UBR2,CHEMBL5532511,,,,"{'action_type': 'BINDING AGENT', 'description': 'Binds to a substance such as a cell surface antigen, targeting a drug to that location, but not necessarily affecting the functioning of the substance itself', 'parent_type': 'OTHER'}",Activity,,,,,,https://www.ebi.ac.uk/chembl/target_report_card/CHEMBL6066414/,ChEMBL activity retrieved; up to 100 records retained per target (source total 2),Recorded chemical activity or drug evidence for the target.,7.0,"pharmacological action reported ({'action_type': 'BINDING AGENT', 'description': 'Binds to a substance such as a cell surface antigen, targeting a drug to that location, but not necessarily affecting the functioning of the substance itself', 'parent_type': 'OTHER'})",
UBR2,CHEMBL6066414,E3 ubiquitin-protein ligase UBR2,CHEMBL5558313,,,,"{'action_type': 'BINDING AGENT', 'description': 'Binds to a substance such as a cell surface antigen, targeting a drug to that location, but not necessarily affecting the functioning of the substance itself', 'parent_type': 'OTHER'}",Activity,,,,,,https://www.ebi.ac.uk/chembl/target_report_card/CHEMBL6066414/,ChEMBL activity retrieved; up to 100 records retained per target (source total 2),Recorded chemical activity or drug evidence for the target.,7.0,"pharmacological action reported ({'action_type': 'BINDING AGENT', 'description': 'Binds to a substance such as a cell surface antigen, targeting a drug to that location, but not necessarily affecting the functioning of the substance itself', 'parent_type': 'OTHER'})",
UBR2,CHEMBL6193829,UBR/ALK tyrosine kinase receptor/Echinoderm microtubule-associated protein-like 4,CHEMBL5574519,,,,"{'action_type': 'DEGRADER', 'description': 'Binds to or antagonizes a receptor, leading to its degradation', 'parent_type': 'NEGATIVE MODULATOR'}",Activity,,,,,,https://www.ebi.ac.uk/chembl/target_report_card/CHEMBL6193829/,ChEMBL activity retrieved; up to 100 records retained per target (source total 4),Recorded chemical activity or drug evidence for the target.,7.0,"pharmacological action reported ({'action_type': 'DEGRADER', 'description': 'Binds to or antagonizes a receptor, leading to its degradation', 'parent_type': 'NEGATIVE MODULATOR'})",
UBR2,CHEMBL6193830,UBR/Epidermal growth factor receptor,CHEMBL5574519,,,,"{'action_type': 'DEGRADER', 'description': 'Binds to or antagonizes a receptor, leading to its degradation', 'parent_type': 'NEGATIVE MODULATOR'}",Activity,,,,,,https://www.ebi.ac.uk/chembl/target_report_card/CHEMBL6193830/,ChEMBL activity retrieved; up to 100 records retained per target (source total 4),Recorded chemical activity or drug evidence for the target.,7.0,"pharmacological action reported ({'action_type': 'DEGRADER', 'description': 'Binds to or antagonizes a receptor, leading to its degradation', 'parent_type': 'NEGATIVE MODULATOR'})",
