Gene,Ensembl_ID,Tissue,Expression_Value,Expression_Unit,Expression_Metric,GTEx_Tissue_Count,Highest_Expression_Tissue,Highest_Expression_Value,Source,Evidence_Status,Field_Purpose
GPR75,ENSG00000119737,Adipose_Subcutaneous,1.81455,TPM,Median (gtex_v8),54,Brain_Caudate_basal_ganglia,5.57985,https://gtexportal.org/home/gene/GPR75,GTEx median expression returned,Median gene expression measured across GTEx human tissues.
GPR75,ENSG00000119737,Adipose_Visceral_Omentum,1.64368,TPM,Median (gtex_v8),54,Brain_Caudate_basal_ganglia,5.57985,https://gtexportal.org/home/gene/GPR75,GTEx median expression returned,Median gene expression measured across GTEx human tissues.
GPR75,ENSG00000119737,Artery_Aorta,1.18296,TPM,Median (gtex_v8),54,Brain_Caudate_basal_ganglia,5.57985,https://gtexportal.org/home/gene/GPR75,GTEx median expression returned,Median gene expression measured across GTEx human tissues.
GPR75,ENSG00000119737,Artery_Coronary,1.6284,TPM,Median (gtex_v8),54,Brain_Caudate_basal_ganglia,5.57985,https://gtexportal.org/home/gene/GPR75,GTEx median expression returned,Median gene expression measured across GTEx human tissues.
GPR75,ENSG00000119737,Colon_Sigmoid,1.46659,TPM,Median (gtex_v8),54,Brain_Caudate_basal_ganglia,5.57985,https://gtexportal.org/home/gene/GPR75,GTEx median expression returned,Median gene expression measured across GTEx human tissues.
GPR75,ENSG00000119737,Colon_Transverse,1.15555,TPM,Median (gtex_v8),54,Brain_Caudate_basal_ganglia,5.57985,https://gtexportal.org/home/gene/GPR75,GTEx median expression returned,Median gene expression measured across GTEx human tissues.
GPR75,ENSG00000119737,Heart_Atrial_Appendage,0.725946,TPM,Median (gtex_v8),54,Brain_Caudate_basal_ganglia,5.57985,https://gtexportal.org/home/gene/GPR75,GTEx median expression returned,Median gene expression measured across GTEx human tissues.
GPR75,ENSG00000119737,Heart_Left_Ventricle,0.525744,TPM,Median (gtex_v8),54,Brain_Caudate_basal_ganglia,5.57985,https://gtexportal.org/home/gene/GPR75,GTEx median expression returned,Median gene expression measured across GTEx human tissues.
GPR75,ENSG00000119737,Liver,0.8110149999999999,TPM,Median (gtex_v8),54,Brain_Caudate_basal_ganglia,5.57985,https://gtexportal.org/home/gene/GPR75,GTEx median expression returned,Median gene expression measured across GTEx human tissues.
GPR75,ENSG00000119737,Muscle_Skeletal,0.822533,TPM,Median (gtex_v8),54,Brain_Caudate_basal_ganglia,5.57985,https://gtexportal.org/home/gene/GPR75,GTEx median expression returned,Median gene expression measured across GTEx human tissues.
GPR75,ENSG00000119737,Pancreas,0.984505,TPM,Median (gtex_v8),54,Brain_Caudate_basal_ganglia,5.57985,https://gtexportal.org/home/gene/GPR75,GTEx median expression returned,Median gene expression measured across GTEx human tissues.
GPR75,ENSG00000119737,Small_Intestine_Terminal_Ileum,1.57363,TPM,Median (gtex_v8),54,Brain_Caudate_basal_ganglia,5.57985,https://gtexportal.org/home/gene/GPR75,GTEx median expression returned,Median gene expression measured across GTEx human tissues.
GPR75,ENSG00000119737,Stomach,1.37043,TPM,Median (gtex_v8),54,Brain_Caudate_basal_ganglia,5.57985,https://gtexportal.org/home/gene/GPR75,GTEx median expression returned,Median gene expression measured across GTEx human tissues.
GPR75,ENSG00000119737,Whole_Blood,0.139382,TPM,Median (gtex_v8),54,Brain_Caudate_basal_ganglia,5.57985,https://gtexportal.org/home/gene/GPR75,GTEx median expression returned,Median gene expression measured across GTEx human tissues.
MC4R,ENSG00000166603,Colon_Transverse,0.04537,TPM,Median (gtex_v8),54,Brain_Hypothalamus,3.16848,https://gtexportal.org/home/gene/MC4R,GTEx median expression returned,Median gene expression measured across GTEx human tissues.
MC4R,ENSG00000166603,Small_Intestine_Terminal_Ileum,0.0410177,TPM,Median (gtex_v8),54,Brain_Hypothalamus,3.16848,https://gtexportal.org/home/gene/MC4R,GTEx median expression returned,Median gene expression measured across GTEx human tissues.
MC4R,ENSG00000166603,Stomach,0.0531346,TPM,Median (gtex_v8),54,Brain_Hypothalamus,3.16848,https://gtexportal.org/home/gene/MC4R,GTEx median expression returned,Median gene expression measured across GTEx human tissues.
LEP,ENSG00000174697,Adipose_Subcutaneous,198.827,TPM,Median (gtex_v8),54,Adipose_Subcutaneous,198.827,https://gtexportal.org/home/gene/LEP,GTEx median expression returned,Median gene expression measured across GTEx human tissues.
LEP,ENSG00000174697,Adipose_Visceral_Omentum,55.397,TPM,Median (gtex_v8),54,Adipose_Subcutaneous,198.827,https://gtexportal.org/home/gene/LEP,GTEx median expression returned,Median gene expression measured across GTEx human tissues.
LEP,ENSG00000174697,Artery_Aorta,0.369487,TPM,Median (gtex_v8),54,Adipose_Subcutaneous,198.827,https://gtexportal.org/home/gene/LEP,GTEx median expression returned,Median gene expression measured across GTEx human tissues.
LEP,ENSG00000174697,Artery_Coronary,3.47571,TPM,Median (gtex_v8),54,Adipose_Subcutaneous,198.827,https://gtexportal.org/home/gene/LEP,GTEx median expression returned,Median gene expression measured across GTEx human tissues.
LEP,ENSG00000174697,Colon_Sigmoid,0.117417,TPM,Median (gtex_v8),54,Adipose_Subcutaneous,198.827,https://gtexportal.org/home/gene/LEP,GTEx median expression returned,Median gene expression measured across GTEx human tissues.
LEP,ENSG00000174697,Colon_Transverse,0.217211,TPM,Median (gtex_v8),54,Adipose_Subcutaneous,198.827,https://gtexportal.org/home/gene/LEP,GTEx median expression returned,Median gene expression measured across GTEx human tissues.
LEP,ENSG00000174697,Heart_Atrial_Appendage,0.195053,TPM,Median (gtex_v8),54,Adipose_Subcutaneous,198.827,https://gtexportal.org/home/gene/LEP,GTEx median expression returned,Median gene expression measured across GTEx human tissues.
LEP,ENSG00000174697,Heart_Left_Ventricle,0.0599984,TPM,Median (gtex_v8),54,Adipose_Subcutaneous,198.827,https://gtexportal.org/home/gene/LEP,GTEx median expression returned,Median gene expression measured across GTEx human tissues.
LEP,ENSG00000174697,Liver,0.0249806,TPM,Median (gtex_v8),54,Adipose_Subcutaneous,198.827,https://gtexportal.org/home/gene/LEP,GTEx median expression returned,Median gene expression measured across GTEx human tissues.
LEP,ENSG00000174697,Muscle_Skeletal,0.18638,TPM,Median (gtex_v8),54,Adipose_Subcutaneous,198.827,https://gtexportal.org/home/gene/LEP,GTEx median expression returned,Median gene expression measured across GTEx human tissues.
LEP,ENSG00000174697,Pancreas,0.131568,TPM,Median (gtex_v8),54,Adipose_Subcutaneous,198.827,https://gtexportal.org/home/gene/LEP,GTEx median expression returned,Median gene expression measured across GTEx human tissues.
LEP,ENSG00000174697,Small_Intestine_Terminal_Ileum,0.194898,TPM,Median (gtex_v8),54,Adipose_Subcutaneous,198.827,https://gtexportal.org/home/gene/LEP,GTEx median expression returned,Median gene expression measured across GTEx human tissues.
LEP,ENSG00000174697,Stomach,0.1347539999999999,TPM,Median (gtex_v8),54,Adipose_Subcutaneous,198.827,https://gtexportal.org/home/gene/LEP,GTEx median expression returned,Median gene expression measured across GTEx human tissues.
LEP,ENSG00000174697,Whole_Blood,0.418224,TPM,Median (gtex_v8),54,Adipose_Subcutaneous,198.827,https://gtexportal.org/home/gene/LEP,GTEx median expression returned,Median gene expression measured across GTEx human tissues.
LEPR,ENSG00000116678,Adipose_Subcutaneous,8.06684,TPM,Median (gtex_v8),54,Nerve_Tibial,24.9201,https://gtexportal.org/home/gene/LEPR,GTEx median expression returned,Median gene expression measured across GTEx human tissues.
LEPR,ENSG00000116678,Adipose_Visceral_Omentum,10.0276,TPM,Median (gtex_v8),54,Nerve_Tibial,24.9201,https://gtexportal.org/home/gene/LEPR,GTEx median expression returned,Median gene expression measured across GTEx human tissues.
LEPR,ENSG00000116678,Artery_Aorta,6.667860000000001,TPM,Median (gtex_v8),54,Nerve_Tibial,24.9201,https://gtexportal.org/home/gene/LEPR,GTEx median expression returned,Median gene expression measured across GTEx human tissues.
LEPR,ENSG00000116678,Artery_Coronary,9.56733,TPM,Median (gtex_v8),54,Nerve_Tibial,24.9201,https://gtexportal.org/home/gene/LEPR,GTEx median expression returned,Median gene expression measured across GTEx human tissues.
LEPR,ENSG00000116678,Colon_Sigmoid,3.85325,TPM,Median (gtex_v8),54,Nerve_Tibial,24.9201,https://gtexportal.org/home/gene/LEPR,GTEx median expression returned,Median gene expression measured across GTEx human tissues.
LEPR,ENSG00000116678,Colon_Transverse,2.1524400000000004,TPM,Median (gtex_v8),54,Nerve_Tibial,24.9201,https://gtexportal.org/home/gene/LEPR,GTEx median expression returned,Median gene expression measured across GTEx human tissues.
LEPR,ENSG00000116678,Heart_Atrial_Appendage,2.3379,TPM,Median (gtex_v8),54,Nerve_Tibial,24.9201,https://gtexportal.org/home/gene/LEPR,GTEx median expression returned,Median gene expression measured across GTEx human tissues.
LEPR,ENSG00000116678,Heart_Left_Ventricle,0.660137,TPM,Median (gtex_v8),54,Nerve_Tibial,24.9201,https://gtexportal.org/home/gene/LEPR,GTEx median expression returned,Median gene expression measured across GTEx human tissues.
LEPR,ENSG00000116678,Liver,11.4446,TPM,Median (gtex_v8),54,Nerve_Tibial,24.9201,https://gtexportal.org/home/gene/LEPR,GTEx median expression returned,Median gene expression measured across GTEx human tissues.
LEPR,ENSG00000116678,Muscle_Skeletal,0.579761,TPM,Median (gtex_v8),54,Nerve_Tibial,24.9201,https://gtexportal.org/home/gene/LEPR,GTEx median expression returned,Median gene expression measured across GTEx human tissues.
LEPR,ENSG00000116678,Pancreas,0.5622659999999999,TPM,Median (gtex_v8),54,Nerve_Tibial,24.9201,https://gtexportal.org/home/gene/LEPR,GTEx median expression returned,Median gene expression measured across GTEx human tissues.
LEPR,ENSG00000116678,Small_Intestine_Terminal_Ileum,2.70417,TPM,Median (gtex_v8),54,Nerve_Tibial,24.9201,https://gtexportal.org/home/gene/LEPR,GTEx median expression returned,Median gene expression measured across GTEx human tissues.
LEPR,ENSG00000116678,Stomach,6.655060000000001,TPM,Median (gtex_v8),54,Nerve_Tibial,24.9201,https://gtexportal.org/home/gene/LEPR,GTEx median expression returned,Median gene expression measured across GTEx human tissues.
LEPR,ENSG00000116678,Whole_Blood,0.216932,TPM,Median (gtex_v8),54,Nerve_Tibial,24.9201,https://gtexportal.org/home/gene/LEPR,GTEx median expression returned,Median gene expression measured across GTEx human tissues.
POMC,ENSG00000115138,Adipose_Subcutaneous,2.9183,TPM,Median (gtex_v8),54,Pituitary,29208.2,https://gtexportal.org/home/gene/POMC,GTEx median expression returned,Median gene expression measured across GTEx human tissues.
POMC,ENSG00000115138,Adipose_Visceral_Omentum,5.77071,TPM,Median (gtex_v8),54,Pituitary,29208.2,https://gtexportal.org/home/gene/POMC,GTEx median expression returned,Median gene expression measured across GTEx human tissues.
POMC,ENSG00000115138,Artery_Aorta,2.63215,TPM,Median (gtex_v8),54,Pituitary,29208.2,https://gtexportal.org/home/gene/POMC,GTEx median expression returned,Median gene expression measured across GTEx human tissues.
POMC,ENSG00000115138,Artery_Coronary,2.42243,TPM,Median (gtex_v8),54,Pituitary,29208.2,https://gtexportal.org/home/gene/POMC,GTEx median expression returned,Median gene expression measured across GTEx human tissues.
POMC,ENSG00000115138,Colon_Sigmoid,5.92002,TPM,Median (gtex_v8),54,Pituitary,29208.2,https://gtexportal.org/home/gene/POMC,GTEx median expression returned,Median gene expression measured across GTEx human tissues.
POMC,ENSG00000115138,Colon_Transverse,3.60299,TPM,Median (gtex_v8),54,Pituitary,29208.2,https://gtexportal.org/home/gene/POMC,GTEx median expression returned,Median gene expression measured across GTEx human tissues.
POMC,ENSG00000115138,Heart_Atrial_Appendage,4.48869,TPM,Median (gtex_v8),54,Pituitary,29208.2,https://gtexportal.org/home/gene/POMC,GTEx median expression returned,Median gene expression measured across GTEx human tissues.
POMC,ENSG00000115138,Heart_Left_Ventricle,2.86861,TPM,Median (gtex_v8),54,Pituitary,29208.2,https://gtexportal.org/home/gene/POMC,GTEx median expression returned,Median gene expression measured across GTEx human tissues.
POMC,ENSG00000115138,Liver,1.61565,TPM,Median (gtex_v8),54,Pituitary,29208.2,https://gtexportal.org/home/gene/POMC,GTEx median expression returned,Median gene expression measured across GTEx human tissues.
POMC,ENSG00000115138,Muscle_Skeletal,1.65763,TPM,Median (gtex_v8),54,Pituitary,29208.2,https://gtexportal.org/home/gene/POMC,GTEx median expression returned,Median gene expression measured across GTEx human tissues.
POMC,ENSG00000115138,Pancreas,6.22939,TPM,Median (gtex_v8),54,Pituitary,29208.2,https://gtexportal.org/home/gene/POMC,GTEx median expression returned,Median gene expression measured across GTEx human tissues.
POMC,ENSG00000115138,Small_Intestine_Terminal_Ileum,4.4357,TPM,Median (gtex_v8),54,Pituitary,29208.2,https://gtexportal.org/home/gene/POMC,GTEx median expression returned,Median gene expression measured across GTEx human tissues.
POMC,ENSG00000115138,Stomach,3.11123,TPM,Median (gtex_v8),54,Pituitary,29208.2,https://gtexportal.org/home/gene/POMC,GTEx median expression returned,Median gene expression measured across GTEx human tissues.
POMC,ENSG00000115138,Whole_Blood,2.1361,TPM,Median (gtex_v8),54,Pituitary,29208.2,https://gtexportal.org/home/gene/POMC,GTEx median expression returned,Median gene expression measured across GTEx human tissues.
PPARG,ENSG00000132170,Adipose_Subcutaneous,111.145,TPM,Median (gtex_v8),54,Adipose_Subcutaneous,111.145,https://gtexportal.org/home/gene/PPARG,GTEx median expression returned,Median gene expression measured across GTEx human tissues.
PPARG,ENSG00000132170,Adipose_Visceral_Omentum,100.821,TPM,Median (gtex_v8),54,Adipose_Subcutaneous,111.145,https://gtexportal.org/home/gene/PPARG,GTEx median expression returned,Median gene expression measured across GTEx human tissues.
PPARG,ENSG00000132170,Artery_Aorta,4.4123,TPM,Median (gtex_v8),54,Adipose_Subcutaneous,111.145,https://gtexportal.org/home/gene/PPARG,GTEx median expression returned,Median gene expression measured across GTEx human tissues.
PPARG,ENSG00000132170,Artery_Coronary,11.6175,TPM,Median (gtex_v8),54,Adipose_Subcutaneous,111.145,https://gtexportal.org/home/gene/PPARG,GTEx median expression returned,Median gene expression measured across GTEx human tissues.
PPARG,ENSG00000132170,Colon_Sigmoid,5.91594,TPM,Median (gtex_v8),54,Adipose_Subcutaneous,111.145,https://gtexportal.org/home/gene/PPARG,GTEx median expression returned,Median gene expression measured across GTEx human tissues.
PPARG,ENSG00000132170,Colon_Transverse,21.578000000000003,TPM,Median (gtex_v8),54,Adipose_Subcutaneous,111.145,https://gtexportal.org/home/gene/PPARG,GTEx median expression returned,Median gene expression measured across GTEx human tissues.
PPARG,ENSG00000132170,Heart_Atrial_Appendage,5.21659,TPM,Median (gtex_v8),54,Adipose_Subcutaneous,111.145,https://gtexportal.org/home/gene/PPARG,GTEx median expression returned,Median gene expression measured across GTEx human tissues.
PPARG,ENSG00000132170,Heart_Left_Ventricle,4.71655,TPM,Median (gtex_v8),54,Adipose_Subcutaneous,111.145,https://gtexportal.org/home/gene/PPARG,GTEx median expression returned,Median gene expression measured across GTEx human tissues.
PPARG,ENSG00000132170,Liver,3.55026,TPM,Median (gtex_v8),54,Adipose_Subcutaneous,111.145,https://gtexportal.org/home/gene/PPARG,GTEx median expression returned,Median gene expression measured across GTEx human tissues.
PPARG,ENSG00000132170,Muscle_Skeletal,2.09687,TPM,Median (gtex_v8),54,Adipose_Subcutaneous,111.145,https://gtexportal.org/home/gene/PPARG,GTEx median expression returned,Median gene expression measured across GTEx human tissues.
PPARG,ENSG00000132170,Pancreas,0.8927,TPM,Median (gtex_v8),54,Adipose_Subcutaneous,111.145,https://gtexportal.org/home/gene/PPARG,GTEx median expression returned,Median gene expression measured across GTEx human tissues.
PPARG,ENSG00000132170,Small_Intestine_Terminal_Ileum,9.23883,TPM,Median (gtex_v8),54,Adipose_Subcutaneous,111.145,https://gtexportal.org/home/gene/PPARG,GTEx median expression returned,Median gene expression measured across GTEx human tissues.
PPARG,ENSG00000132170,Stomach,10.4628,TPM,Median (gtex_v8),54,Adipose_Subcutaneous,111.145,https://gtexportal.org/home/gene/PPARG,GTEx median expression returned,Median gene expression measured across GTEx human tissues.
PPARG,ENSG00000132170,Whole_Blood,1.7768,TPM,Median (gtex_v8),54,Adipose_Subcutaneous,111.145,https://gtexportal.org/home/gene/PPARG,GTEx median expression returned,Median gene expression measured across GTEx human tissues.
FTO,ENSG00000140718,Adipose_Subcutaneous,7.15525,TPM,Median (gtex_v8),54,Brain_Cerebellar_Hemisphere,13.6294,https://gtexportal.org/home/gene/FTO,GTEx median expression returned,Median gene expression measured across GTEx human tissues.
FTO,ENSG00000140718,Adipose_Visceral_Omentum,5.432580000000001,TPM,Median (gtex_v8),54,Brain_Cerebellar_Hemisphere,13.6294,https://gtexportal.org/home/gene/FTO,GTEx median expression returned,Median gene expression measured across GTEx human tissues.
FTO,ENSG00000140718,Artery_Aorta,8.59244,TPM,Median (gtex_v8),54,Brain_Cerebellar_Hemisphere,13.6294,https://gtexportal.org/home/gene/FTO,GTEx median expression returned,Median gene expression measured across GTEx human tissues.
FTO,ENSG00000140718,Artery_Coronary,8.2688,TPM,Median (gtex_v8),54,Brain_Cerebellar_Hemisphere,13.6294,https://gtexportal.org/home/gene/FTO,GTEx median expression returned,Median gene expression measured across GTEx human tissues.
FTO,ENSG00000140718,Colon_Sigmoid,6.48773,TPM,Median (gtex_v8),54,Brain_Cerebellar_Hemisphere,13.6294,https://gtexportal.org/home/gene/FTO,GTEx median expression returned,Median gene expression measured across GTEx human tissues.
FTO,ENSG00000140718,Colon_Transverse,3.33097,TPM,Median (gtex_v8),54,Brain_Cerebellar_Hemisphere,13.6294,https://gtexportal.org/home/gene/FTO,GTEx median expression returned,Median gene expression measured across GTEx human tissues.
FTO,ENSG00000140718,Heart_Atrial_Appendage,3.3008,TPM,Median (gtex_v8),54,Brain_Cerebellar_Hemisphere,13.6294,https://gtexportal.org/home/gene/FTO,GTEx median expression returned,Median gene expression measured across GTEx human tissues.
FTO,ENSG00000140718,Heart_Left_Ventricle,2.40296,TPM,Median (gtex_v8),54,Brain_Cerebellar_Hemisphere,13.6294,https://gtexportal.org/home/gene/FTO,GTEx median expression returned,Median gene expression measured across GTEx human tissues.
FTO,ENSG00000140718,Liver,1.44702,TPM,Median (gtex_v8),54,Brain_Cerebellar_Hemisphere,13.6294,https://gtexportal.org/home/gene/FTO,GTEx median expression returned,Median gene expression measured across GTEx human tissues.
FTO,ENSG00000140718,Muscle_Skeletal,3.88467,TPM,Median (gtex_v8),54,Brain_Cerebellar_Hemisphere,13.6294,https://gtexportal.org/home/gene/FTO,GTEx median expression returned,Median gene expression measured across GTEx human tissues.
FTO,ENSG00000140718,Pancreas,1.59675,TPM,Median (gtex_v8),54,Brain_Cerebellar_Hemisphere,13.6294,https://gtexportal.org/home/gene/FTO,GTEx median expression returned,Median gene expression measured across GTEx human tissues.
FTO,ENSG00000140718,Small_Intestine_Terminal_Ileum,3.26162,TPM,Median (gtex_v8),54,Brain_Cerebellar_Hemisphere,13.6294,https://gtexportal.org/home/gene/FTO,GTEx median expression returned,Median gene expression measured across GTEx human tissues.
FTO,ENSG00000140718,Stomach,2.46785,TPM,Median (gtex_v8),54,Brain_Cerebellar_Hemisphere,13.6294,https://gtexportal.org/home/gene/FTO,GTEx median expression returned,Median gene expression measured across GTEx human tissues.
FTO,ENSG00000140718,Whole_Blood,0.640792,TPM,Median (gtex_v8),54,Brain_Cerebellar_Hemisphere,13.6294,https://gtexportal.org/home/gene/FTO,GTEx median expression returned,Median gene expression measured across GTEx human tissues.
SH2B1,ENSG00000178188,Adipose_Subcutaneous,28.1144,TPM,Median (gtex_v8),54,Brain_Cerebellum,75.686,https://gtexportal.org/home/gene/SH2B1,GTEx median expression returned,Median gene expression measured across GTEx human tissues.
SH2B1,ENSG00000178188,Adipose_Visceral_Omentum,22.7601,TPM,Median (gtex_v8),54,Brain_Cerebellum,75.686,https://gtexportal.org/home/gene/SH2B1,GTEx median expression returned,Median gene expression measured across GTEx human tissues.
SH2B1,ENSG00000178188,Artery_Aorta,36.8456,TPM,Median (gtex_v8),54,Brain_Cerebellum,75.686,https://gtexportal.org/home/gene/SH2B1,GTEx median expression returned,Median gene expression measured across GTEx human tissues.
SH2B1,ENSG00000178188,Artery_Coronary,33.9457,TPM,Median (gtex_v8),54,Brain_Cerebellum,75.686,https://gtexportal.org/home/gene/SH2B1,GTEx median expression returned,Median gene expression measured across GTEx human tissues.
SH2B1,ENSG00000178188,Colon_Sigmoid,41.9289,TPM,Median (gtex_v8),54,Brain_Cerebellum,75.686,https://gtexportal.org/home/gene/SH2B1,GTEx median expression returned,Median gene expression measured across GTEx human tissues.
SH2B1,ENSG00000178188,Colon_Transverse,38.7941,TPM,Median (gtex_v8),54,Brain_Cerebellum,75.686,https://gtexportal.org/home/gene/SH2B1,GTEx median expression returned,Median gene expression measured across GTEx human tissues.
SH2B1,ENSG00000178188,Heart_Atrial_Appendage,16.6129,TPM,Median (gtex_v8),54,Brain_Cerebellum,75.686,https://gtexportal.org/home/gene/SH2B1,GTEx median expression returned,Median gene expression measured across GTEx human tissues.
SH2B1,ENSG00000178188,Heart_Left_Ventricle,13.0742,TPM,Median (gtex_v8),54,Brain_Cerebellum,75.686,https://gtexportal.org/home/gene/SH2B1,GTEx median expression returned,Median gene expression measured across GTEx human tissues.
SH2B1,ENSG00000178188,Liver,12.9793,TPM,Median (gtex_v8),54,Brain_Cerebellum,75.686,https://gtexportal.org/home/gene/SH2B1,GTEx median expression returned,Median gene expression measured across GTEx human tissues.
SH2B1,ENSG00000178188,Muscle_Skeletal,15.8085,TPM,Median (gtex_v8),54,Brain_Cerebellum,75.686,https://gtexportal.org/home/gene/SH2B1,GTEx median expression returned,Median gene expression measured across GTEx human tissues.
SH2B1,ENSG00000178188,Pancreas,15.4192,TPM,Median (gtex_v8),54,Brain_Cerebellum,75.686,https://gtexportal.org/home/gene/SH2B1,GTEx median expression returned,Median gene expression measured across GTEx human tissues.
SH2B1,ENSG00000178188,Small_Intestine_Terminal_Ileum,40.9828,TPM,Median (gtex_v8),54,Brain_Cerebellum,75.686,https://gtexportal.org/home/gene/SH2B1,GTEx median expression returned,Median gene expression measured across GTEx human tissues.
SH2B1,ENSG00000178188,Stomach,30.078000000000003,TPM,Median (gtex_v8),54,Brain_Cerebellum,75.686,https://gtexportal.org/home/gene/SH2B1,GTEx median expression returned,Median gene expression measured across GTEx human tissues.
SH2B1,ENSG00000178188,Whole_Blood,10.9275,TPM,Median (gtex_v8),54,Brain_Cerebellum,75.686,https://gtexportal.org/home/gene/SH2B1,GTEx median expression returned,Median gene expression measured across GTEx human tissues.
PCSK1,ENSG00000175426,Adipose_Subcutaneous,1.42993,TPM,Median (gtex_v8),54,Brain_Hypothalamus,22.2835,https://gtexportal.org/home/gene/PCSK1,GTEx median expression returned,Median gene expression measured across GTEx human tissues.
PCSK1,ENSG00000175426,Adipose_Visceral_Omentum,0.4356319999999999,TPM,Median (gtex_v8),54,Brain_Hypothalamus,22.2835,https://gtexportal.org/home/gene/PCSK1,GTEx median expression returned,Median gene expression measured across GTEx human tissues.
PCSK1,ENSG00000175426,Artery_Aorta,1.28171,TPM,Median (gtex_v8),54,Brain_Hypothalamus,22.2835,https://gtexportal.org/home/gene/PCSK1,GTEx median expression returned,Median gene expression measured across GTEx human tissues.
PCSK1,ENSG00000175426,Artery_Coronary,3.85932,TPM,Median (gtex_v8),54,Brain_Hypothalamus,22.2835,https://gtexportal.org/home/gene/PCSK1,GTEx median expression returned,Median gene expression measured across GTEx human tissues.
PCSK1,ENSG00000175426,Colon_Sigmoid,0.836693,TPM,Median (gtex_v8),54,Brain_Hypothalamus,22.2835,https://gtexportal.org/home/gene/PCSK1,GTEx median expression returned,Median gene expression measured across GTEx human tissues.
PCSK1,ENSG00000175426,Colon_Transverse,0.497667,TPM,Median (gtex_v8),54,Brain_Hypothalamus,22.2835,https://gtexportal.org/home/gene/PCSK1,GTEx median expression returned,Median gene expression measured across GTEx human tissues.
PCSK1,ENSG00000175426,Heart_Atrial_Appendage,0.47046,TPM,Median (gtex_v8),54,Brain_Hypothalamus,22.2835,https://gtexportal.org/home/gene/PCSK1,GTEx median expression returned,Median gene expression measured across GTEx human tissues.
PCSK1,ENSG00000175426,Heart_Left_Ventricle,0.0700787,TPM,Median (gtex_v8),54,Brain_Hypothalamus,22.2835,https://gtexportal.org/home/gene/PCSK1,GTEx median expression returned,Median gene expression measured across GTEx human tissues.
PCSK1,ENSG00000175426,Liver,0.0389364,TPM,Median (gtex_v8),54,Brain_Hypothalamus,22.2835,https://gtexportal.org/home/gene/PCSK1,GTEx median expression returned,Median gene expression measured across GTEx human tissues.
PCSK1,ENSG00000175426,Muscle_Skeletal,0.0638556,TPM,Median (gtex_v8),54,Brain_Hypothalamus,22.2835,https://gtexportal.org/home/gene/PCSK1,GTEx median expression returned,Median gene expression measured across GTEx human tissues.
PCSK1,ENSG00000175426,Pancreas,2.01508,TPM,Median (gtex_v8),54,Brain_Hypothalamus,22.2835,https://gtexportal.org/home/gene/PCSK1,GTEx median expression returned,Median gene expression measured across GTEx human tissues.
PCSK1,ENSG00000175426,Small_Intestine_Terminal_Ileum,1.51174,TPM,Median (gtex_v8),54,Brain_Hypothalamus,22.2835,https://gtexportal.org/home/gene/PCSK1,GTEx median expression returned,Median gene expression measured across GTEx human tissues.
PCSK1,ENSG00000175426,Stomach,0.5326529999999999,TPM,Median (gtex_v8),54,Brain_Hypothalamus,22.2835,https://gtexportal.org/home/gene/PCSK1,GTEx median expression returned,Median gene expression measured across GTEx human tissues.
PCSK1,ENSG00000175426,Whole_Blood,0.00825149,TPM,Median (gtex_v8),54,Brain_Hypothalamus,22.2835,https://gtexportal.org/home/gene/PCSK1,GTEx median expression returned,Median gene expression measured across GTEx human tissues.
ADCY3,ENSG00000138031,Adipose_Subcutaneous,67.3393,TPM,Median (gtex_v8),54,Nerve_Tibial,108.326,https://gtexportal.org/home/gene/ADCY3,GTEx median expression returned,Median gene expression measured across GTEx human tissues.
ADCY3,ENSG00000138031,Adipose_Visceral_Omentum,61.9861,TPM,Median (gtex_v8),54,Nerve_Tibial,108.326,https://gtexportal.org/home/gene/ADCY3,GTEx median expression returned,Median gene expression measured across GTEx human tissues.
ADCY3,ENSG00000138031,Artery_Aorta,29.6652,TPM,Median (gtex_v8),54,Nerve_Tibial,108.326,https://gtexportal.org/home/gene/ADCY3,GTEx median expression returned,Median gene expression measured across GTEx human tissues.
ADCY3,ENSG00000138031,Artery_Coronary,32.2976,TPM,Median (gtex_v8),54,Nerve_Tibial,108.326,https://gtexportal.org/home/gene/ADCY3,GTEx median expression returned,Median gene expression measured across GTEx human tissues.
ADCY3,ENSG00000138031,Colon_Sigmoid,18.1657,TPM,Median (gtex_v8),54,Nerve_Tibial,108.326,https://gtexportal.org/home/gene/ADCY3,GTEx median expression returned,Median gene expression measured across GTEx human tissues.
ADCY3,ENSG00000138031,Colon_Transverse,15.6598,TPM,Median (gtex_v8),54,Nerve_Tibial,108.326,https://gtexportal.org/home/gene/ADCY3,GTEx median expression returned,Median gene expression measured across GTEx human tissues.
ADCY3,ENSG00000138031,Heart_Atrial_Appendage,10.8152,TPM,Median (gtex_v8),54,Nerve_Tibial,108.326,https://gtexportal.org/home/gene/ADCY3,GTEx median expression returned,Median gene expression measured across GTEx human tissues.
ADCY3,ENSG00000138031,Heart_Left_Ventricle,7.14328,TPM,Median (gtex_v8),54,Nerve_Tibial,108.326,https://gtexportal.org/home/gene/ADCY3,GTEx median expression returned,Median gene expression measured across GTEx human tissues.
ADCY3,ENSG00000138031,Liver,1.26767,TPM,Median (gtex_v8),54,Nerve_Tibial,108.326,https://gtexportal.org/home/gene/ADCY3,GTEx median expression returned,Median gene expression measured across GTEx human tissues.
ADCY3,ENSG00000138031,Muscle_Skeletal,4.7822,TPM,Median (gtex_v8),54,Nerve_Tibial,108.326,https://gtexportal.org/home/gene/ADCY3,GTEx median expression returned,Median gene expression measured across GTEx human tissues.
ADCY3,ENSG00000138031,Pancreas,4.20448,TPM,Median (gtex_v8),54,Nerve_Tibial,108.326,https://gtexportal.org/home/gene/ADCY3,GTEx median expression returned,Median gene expression measured across GTEx human tissues.
ADCY3,ENSG00000138031,Small_Intestine_Terminal_Ileum,23.1192,TPM,Median (gtex_v8),54,Nerve_Tibial,108.326,https://gtexportal.org/home/gene/ADCY3,GTEx median expression returned,Median gene expression measured across GTEx human tissues.
ADCY3,ENSG00000138031,Stomach,10.9987,TPM,Median (gtex_v8),54,Nerve_Tibial,108.326,https://gtexportal.org/home/gene/ADCY3,GTEx median expression returned,Median gene expression measured across GTEx human tissues.
ADCY3,ENSG00000138031,Whole_Blood,2.91442,TPM,Median (gtex_v8),54,Nerve_Tibial,108.326,https://gtexportal.org/home/gene/ADCY3,GTEx median expression returned,Median gene expression measured across GTEx human tissues.
GIPR,ENSG00000010310,Adipose_Subcutaneous,6.120769999999999,TPM,Median (gtex_v8),54,Cells_EBV-transformed_lymphocytes,23.7693,https://gtexportal.org/home/gene/GIPR,GTEx median expression returned,Median gene expression measured across GTEx human tissues.
GIPR,ENSG00000010310,Adipose_Visceral_Omentum,10.7711,TPM,Median (gtex_v8),54,Cells_EBV-transformed_lymphocytes,23.7693,https://gtexportal.org/home/gene/GIPR,GTEx median expression returned,Median gene expression measured across GTEx human tissues.
GIPR,ENSG00000010310,Artery_Aorta,0.315585,TPM,Median (gtex_v8),54,Cells_EBV-transformed_lymphocytes,23.7693,https://gtexportal.org/home/gene/GIPR,GTEx median expression returned,Median gene expression measured across GTEx human tissues.
GIPR,ENSG00000010310,Artery_Coronary,0.565663,TPM,Median (gtex_v8),54,Cells_EBV-transformed_lymphocytes,23.7693,https://gtexportal.org/home/gene/GIPR,GTEx median expression returned,Median gene expression measured across GTEx human tissues.
GIPR,ENSG00000010310,Colon_Sigmoid,0.279892,TPM,Median (gtex_v8),54,Cells_EBV-transformed_lymphocytes,23.7693,https://gtexportal.org/home/gene/GIPR,GTEx median expression returned,Median gene expression measured across GTEx human tissues.
GIPR,ENSG00000010310,Colon_Transverse,6.03707,TPM,Median (gtex_v8),54,Cells_EBV-transformed_lymphocytes,23.7693,https://gtexportal.org/home/gene/GIPR,GTEx median expression returned,Median gene expression measured across GTEx human tissues.
GIPR,ENSG00000010310,Heart_Atrial_Appendage,9.32876,TPM,Median (gtex_v8),54,Cells_EBV-transformed_lymphocytes,23.7693,https://gtexportal.org/home/gene/GIPR,GTEx median expression returned,Median gene expression measured across GTEx human tissues.
GIPR,ENSG00000010310,Heart_Left_Ventricle,2.10188,TPM,Median (gtex_v8),54,Cells_EBV-transformed_lymphocytes,23.7693,https://gtexportal.org/home/gene/GIPR,GTEx median expression returned,Median gene expression measured across GTEx human tissues.
GIPR,ENSG00000010310,Liver,0.321825,TPM,Median (gtex_v8),54,Cells_EBV-transformed_lymphocytes,23.7693,https://gtexportal.org/home/gene/GIPR,GTEx median expression returned,Median gene expression measured across GTEx human tissues.
GIPR,ENSG00000010310,Muscle_Skeletal,0.0931877,TPM,Median (gtex_v8),54,Cells_EBV-transformed_lymphocytes,23.7693,https://gtexportal.org/home/gene/GIPR,GTEx median expression returned,Median gene expression measured across GTEx human tissues.
GIPR,ENSG00000010310,Pancreas,4.77631,TPM,Median (gtex_v8),54,Cells_EBV-transformed_lymphocytes,23.7693,https://gtexportal.org/home/gene/GIPR,GTEx median expression returned,Median gene expression measured across GTEx human tissues.
GIPR,ENSG00000010310,Small_Intestine_Terminal_Ileum,5.1631,TPM,Median (gtex_v8),54,Cells_EBV-transformed_lymphocytes,23.7693,https://gtexportal.org/home/gene/GIPR,GTEx median expression returned,Median gene expression measured across GTEx human tissues.
GIPR,ENSG00000010310,Stomach,8.53266,TPM,Median (gtex_v8),54,Cells_EBV-transformed_lymphocytes,23.7693,https://gtexportal.org/home/gene/GIPR,GTEx median expression returned,Median gene expression measured across GTEx human tissues.
GIPR,ENSG00000010310,Whole_Blood,0.959234,TPM,Median (gtex_v8),54,Cells_EBV-transformed_lymphocytes,23.7693,https://gtexportal.org/home/gene/GIPR,GTEx median expression returned,Median gene expression measured across GTEx human tissues.
BDNF,ENSG00000176697,Adipose_Subcutaneous,0.145097,TPM,Median (gtex_v8),54,Brain_Cerebellar_Hemisphere,5.84741,https://gtexportal.org/home/gene/BDNF,GTEx median expression returned,Median gene expression measured across GTEx human tissues.
BDNF,ENSG00000176697,Adipose_Visceral_Omentum,0.324943,TPM,Median (gtex_v8),54,Brain_Cerebellar_Hemisphere,5.84741,https://gtexportal.org/home/gene/BDNF,GTEx median expression returned,Median gene expression measured across GTEx human tissues.
BDNF,ENSG00000176697,Artery_Aorta,2.65236,TPM,Median (gtex_v8),54,Brain_Cerebellar_Hemisphere,5.84741,https://gtexportal.org/home/gene/BDNF,GTEx median expression returned,Median gene expression measured across GTEx human tissues.
BDNF,ENSG00000176697,Artery_Coronary,0.6594810000000001,TPM,Median (gtex_v8),54,Brain_Cerebellar_Hemisphere,5.84741,https://gtexportal.org/home/gene/BDNF,GTEx median expression returned,Median gene expression measured across GTEx human tissues.
BDNF,ENSG00000176697,Colon_Sigmoid,0.271805,TPM,Median (gtex_v8),54,Brain_Cerebellar_Hemisphere,5.84741,https://gtexportal.org/home/gene/BDNF,GTEx median expression returned,Median gene expression measured across GTEx human tissues.
BDNF,ENSG00000176697,Colon_Transverse,0.172556,TPM,Median (gtex_v8),54,Brain_Cerebellar_Hemisphere,5.84741,https://gtexportal.org/home/gene/BDNF,GTEx median expression returned,Median gene expression measured across GTEx human tissues.
BDNF,ENSG00000176697,Heart_Atrial_Appendage,0.0856405,TPM,Median (gtex_v8),54,Brain_Cerebellar_Hemisphere,5.84741,https://gtexportal.org/home/gene/BDNF,GTEx median expression returned,Median gene expression measured across GTEx human tissues.
BDNF,ENSG00000176697,Heart_Left_Ventricle,0.8729459999999999,TPM,Median (gtex_v8),54,Brain_Cerebellar_Hemisphere,5.84741,https://gtexportal.org/home/gene/BDNF,GTEx median expression returned,Median gene expression measured across GTEx human tissues.
BDNF,ENSG00000176697,Liver,0.0434151,TPM,Median (gtex_v8),54,Brain_Cerebellar_Hemisphere,5.84741,https://gtexportal.org/home/gene/BDNF,GTEx median expression returned,Median gene expression measured across GTEx human tissues.
BDNF,ENSG00000176697,Muscle_Skeletal,0.0511744,TPM,Median (gtex_v8),54,Brain_Cerebellar_Hemisphere,5.84741,https://gtexportal.org/home/gene/BDNF,GTEx median expression returned,Median gene expression measured across GTEx human tissues.
BDNF,ENSG00000176697,Pancreas,0.0558073,TPM,Median (gtex_v8),54,Brain_Cerebellar_Hemisphere,5.84741,https://gtexportal.org/home/gene/BDNF,GTEx median expression returned,Median gene expression measured across GTEx human tissues.
BDNF,ENSG00000176697,Small_Intestine_Terminal_Ileum,0.11513,TPM,Median (gtex_v8),54,Brain_Cerebellar_Hemisphere,5.84741,https://gtexportal.org/home/gene/BDNF,GTEx median expression returned,Median gene expression measured across GTEx human tissues.
BDNF,ENSG00000176697,Stomach,0.1567579999999999,TPM,Median (gtex_v8),54,Brain_Cerebellar_Hemisphere,5.84741,https://gtexportal.org/home/gene/BDNF,GTEx median expression returned,Median gene expression measured across GTEx human tissues.
BDNF,ENSG00000176697,Whole_Blood,0.00476276,TPM,Median (gtex_v8),54,Brain_Cerebellar_Hemisphere,5.84741,https://gtexportal.org/home/gene/BDNF,GTEx median expression returned,Median gene expression measured across GTEx human tissues.
SIM1,ENSG00000112246,Adipose_Subcutaneous,3.04546,TPM,Median (gtex_v8),54,Cells_Cultured_fibroblasts,5.967280000000001,https://gtexportal.org/home/gene/SIM1,GTEx median expression returned,Median gene expression measured across GTEx human tissues.
SIM1,ENSG00000112246,Liver,0.017127,TPM,Median (gtex_v8),54,Cells_Cultured_fibroblasts,5.967280000000001,https://gtexportal.org/home/gene/SIM1,GTEx median expression returned,Median gene expression measured across GTEx human tissues.
SIM1,ENSG00000112246,Muscle_Skeletal,0.200032,TPM,Median (gtex_v8),54,Cells_Cultured_fibroblasts,5.967280000000001,https://gtexportal.org/home/gene/SIM1,GTEx median expression returned,Median gene expression measured across GTEx human tissues.
SIM1,ENSG00000112246,Pancreas,0.93534,TPM,Median (gtex_v8),54,Cells_Cultured_fibroblasts,5.967280000000001,https://gtexportal.org/home/gene/SIM1,GTEx median expression returned,Median gene expression measured across GTEx human tissues.
SIM1,ENSG00000112246,Small_Intestine_Terminal_Ileum,0.0159698,TPM,Median (gtex_v8),54,Cells_Cultured_fibroblasts,5.967280000000001,https://gtexportal.org/home/gene/SIM1,GTEx median expression returned,Median gene expression measured across GTEx human tissues.
TCF7L2,ENSG00000148737,Adipose_Subcutaneous,33.8583,TPM,Median (gtex_v8),54,Artery_Tibial,38.7564,https://gtexportal.org/home/gene/TCF7L2,GTEx median expression returned,Median gene expression measured across GTEx human tissues.
TCF7L2,ENSG00000148737,Adipose_Visceral_Omentum,21.6798,TPM,Median (gtex_v8),54,Artery_Tibial,38.7564,https://gtexportal.org/home/gene/TCF7L2,GTEx median expression returned,Median gene expression measured across GTEx human tissues.
TCF7L2,ENSG00000148737,Artery_Aorta,29.9993,TPM,Median (gtex_v8),54,Artery_Tibial,38.7564,https://gtexportal.org/home/gene/TCF7L2,GTEx median expression returned,Median gene expression measured across GTEx human tissues.
TCF7L2,ENSG00000148737,Artery_Coronary,26.0756,TPM,Median (gtex_v8),54,Artery_Tibial,38.7564,https://gtexportal.org/home/gene/TCF7L2,GTEx median expression returned,Median gene expression measured across GTEx human tissues.
TCF7L2,ENSG00000148737,Colon_Sigmoid,20.7627,TPM,Median (gtex_v8),54,Artery_Tibial,38.7564,https://gtexportal.org/home/gene/TCF7L2,GTEx median expression returned,Median gene expression measured across GTEx human tissues.
TCF7L2,ENSG00000148737,Colon_Transverse,21.4852,TPM,Median (gtex_v8),54,Artery_Tibial,38.7564,https://gtexportal.org/home/gene/TCF7L2,GTEx median expression returned,Median gene expression measured across GTEx human tissues.
TCF7L2,ENSG00000148737,Heart_Atrial_Appendage,6.37634,TPM,Median (gtex_v8),54,Artery_Tibial,38.7564,https://gtexportal.org/home/gene/TCF7L2,GTEx median expression returned,Median gene expression measured across GTEx human tissues.
TCF7L2,ENSG00000148737,Heart_Left_Ventricle,3.24948,TPM,Median (gtex_v8),54,Artery_Tibial,38.7564,https://gtexportal.org/home/gene/TCF7L2,GTEx median expression returned,Median gene expression measured across GTEx human tissues.
TCF7L2,ENSG00000148737,Liver,9.70064,TPM,Median (gtex_v8),54,Artery_Tibial,38.7564,https://gtexportal.org/home/gene/TCF7L2,GTEx median expression returned,Median gene expression measured across GTEx human tissues.
TCF7L2,ENSG00000148737,Muscle_Skeletal,3.25418,TPM,Median (gtex_v8),54,Artery_Tibial,38.7564,https://gtexportal.org/home/gene/TCF7L2,GTEx median expression returned,Median gene expression measured across GTEx human tissues.
TCF7L2,ENSG00000148737,Pancreas,4.94085,TPM,Median (gtex_v8),54,Artery_Tibial,38.7564,https://gtexportal.org/home/gene/TCF7L2,GTEx median expression returned,Median gene expression measured across GTEx human tissues.
TCF7L2,ENSG00000148737,Small_Intestine_Terminal_Ileum,17.21,TPM,Median (gtex_v8),54,Artery_Tibial,38.7564,https://gtexportal.org/home/gene/TCF7L2,GTEx median expression returned,Median gene expression measured across GTEx human tissues.
TCF7L2,ENSG00000148737,Stomach,12.9237,TPM,Median (gtex_v8),54,Artery_Tibial,38.7564,https://gtexportal.org/home/gene/TCF7L2,GTEx median expression returned,Median gene expression measured across GTEx human tissues.
TCF7L2,ENSG00000148737,Whole_Blood,2.2543900000000003,TPM,Median (gtex_v8),54,Artery_Tibial,38.7564,https://gtexportal.org/home/gene/TCF7L2,GTEx median expression returned,Median gene expression measured across GTEx human tissues.
KSR2,ENSG00000171435,Adipose_Subcutaneous,0.0145994,TPM,Median (gtex_v8),54,Pituitary,16.7976,https://gtexportal.org/home/gene/KSR2,GTEx median expression returned,Median gene expression measured across GTEx human tissues.
KSR2,ENSG00000171435,Adipose_Visceral_Omentum,0.0125711,TPM,Median (gtex_v8),54,Pituitary,16.7976,https://gtexportal.org/home/gene/KSR2,GTEx median expression returned,Median gene expression measured across GTEx human tissues.
KSR2,ENSG00000171435,Artery_Aorta,0.00756787,TPM,Median (gtex_v8),54,Pituitary,16.7976,https://gtexportal.org/home/gene/KSR2,GTEx median expression returned,Median gene expression measured across GTEx human tissues.
KSR2,ENSG00000171435,Artery_Coronary,0.00507744,TPM,Median (gtex_v8),54,Pituitary,16.7976,https://gtexportal.org/home/gene/KSR2,GTEx median expression returned,Median gene expression measured across GTEx human tissues.
KSR2,ENSG00000171435,Colon_Sigmoid,0.173208,TPM,Median (gtex_v8),54,Pituitary,16.7976,https://gtexportal.org/home/gene/KSR2,GTEx median expression returned,Median gene expression measured across GTEx human tissues.
KSR2,ENSG00000171435,Colon_Transverse,0.236157,TPM,Median (gtex_v8),54,Pituitary,16.7976,https://gtexportal.org/home/gene/KSR2,GTEx median expression returned,Median gene expression measured across GTEx human tissues.
KSR2,ENSG00000171435,Heart_Atrial_Appendage,0.0231838,TPM,Median (gtex_v8),54,Pituitary,16.7976,https://gtexportal.org/home/gene/KSR2,GTEx median expression returned,Median gene expression measured across GTEx human tissues.
KSR2,ENSG00000171435,Heart_Left_Ventricle,0.00240569,TPM,Median (gtex_v8),54,Pituitary,16.7976,https://gtexportal.org/home/gene/KSR2,GTEx median expression returned,Median gene expression measured across GTEx human tissues.
KSR2,ENSG00000171435,Liver,0.0101812999999999,TPM,Median (gtex_v8),54,Pituitary,16.7976,https://gtexportal.org/home/gene/KSR2,GTEx median expression returned,Median gene expression measured across GTEx human tissues.
KSR2,ENSG00000171435,Muscle_Skeletal,0.014971,TPM,Median (gtex_v8),54,Pituitary,16.7976,https://gtexportal.org/home/gene/KSR2,GTEx median expression returned,Median gene expression measured across GTEx human tissues.
KSR2,ENSG00000171435,Pancreas,0.366528,TPM,Median (gtex_v8),54,Pituitary,16.7976,https://gtexportal.org/home/gene/KSR2,GTEx median expression returned,Median gene expression measured across GTEx human tissues.
KSR2,ENSG00000171435,Small_Intestine_Terminal_Ileum,0.141042,TPM,Median (gtex_v8),54,Pituitary,16.7976,https://gtexportal.org/home/gene/KSR2,GTEx median expression returned,Median gene expression measured across GTEx human tissues.
KSR2,ENSG00000171435,Stomach,0.144253,TPM,Median (gtex_v8),54,Pituitary,16.7976,https://gtexportal.org/home/gene/KSR2,GTEx median expression returned,Median gene expression measured across GTEx human tissues.
KSR2,ENSG00000171435,Whole_Blood,0.00321836,TPM,Median (gtex_v8),54,Pituitary,16.7976,https://gtexportal.org/home/gene/KSR2,GTEx median expression returned,Median gene expression measured across GTEx human tissues.
MRAP2,ENSG00000135324,Adipose_Subcutaneous,1.50513,TPM,Median (gtex_v8),54,Artery_Aorta,203.005,https://gtexportal.org/home/gene/MRAP2,GTEx median expression returned,Median gene expression measured across GTEx human tissues.
MRAP2,ENSG00000135324,Adipose_Visceral_Omentum,0.5540930000000001,TPM,Median (gtex_v8),54,Artery_Aorta,203.005,https://gtexportal.org/home/gene/MRAP2,GTEx median expression returned,Median gene expression measured across GTEx human tissues.
MRAP2,ENSG00000135324,Artery_Aorta,203.005,TPM,Median (gtex_v8),54,Artery_Aorta,203.005,https://gtexportal.org/home/gene/MRAP2,GTEx median expression returned,Median gene expression measured across GTEx human tissues.
MRAP2,ENSG00000135324,Artery_Coronary,38.6261,TPM,Median (gtex_v8),54,Artery_Aorta,203.005,https://gtexportal.org/home/gene/MRAP2,GTEx median expression returned,Median gene expression measured across GTEx human tissues.
MRAP2,ENSG00000135324,Colon_Sigmoid,1.2666,TPM,Median (gtex_v8),54,Artery_Aorta,203.005,https://gtexportal.org/home/gene/MRAP2,GTEx median expression returned,Median gene expression measured across GTEx human tissues.
MRAP2,ENSG00000135324,Colon_Transverse,3.54169,TPM,Median (gtex_v8),54,Artery_Aorta,203.005,https://gtexportal.org/home/gene/MRAP2,GTEx median expression returned,Median gene expression measured across GTEx human tissues.
MRAP2,ENSG00000135324,Heart_Atrial_Appendage,0.927984,TPM,Median (gtex_v8),54,Artery_Aorta,203.005,https://gtexportal.org/home/gene/MRAP2,GTEx median expression returned,Median gene expression measured across GTEx human tissues.
MRAP2,ENSG00000135324,Heart_Left_Ventricle,0.226857,TPM,Median (gtex_v8),54,Artery_Aorta,203.005,https://gtexportal.org/home/gene/MRAP2,GTEx median expression returned,Median gene expression measured across GTEx human tissues.
MRAP2,ENSG00000135324,Liver,0.0922949,TPM,Median (gtex_v8),54,Artery_Aorta,203.005,https://gtexportal.org/home/gene/MRAP2,GTEx median expression returned,Median gene expression measured across GTEx human tissues.
MRAP2,ENSG00000135324,Muscle_Skeletal,0.364349,TPM,Median (gtex_v8),54,Artery_Aorta,203.005,https://gtexportal.org/home/gene/MRAP2,GTEx median expression returned,Median gene expression measured across GTEx human tissues.
MRAP2,ENSG00000135324,Pancreas,1.97832,TPM,Median (gtex_v8),54,Artery_Aorta,203.005,https://gtexportal.org/home/gene/MRAP2,GTEx median expression returned,Median gene expression measured across GTEx human tissues.
MRAP2,ENSG00000135324,Small_Intestine_Terminal_Ileum,3.26323,TPM,Median (gtex_v8),54,Artery_Aorta,203.005,https://gtexportal.org/home/gene/MRAP2,GTEx median expression returned,Median gene expression measured across GTEx human tissues.
MRAP2,ENSG00000135324,Stomach,3.29801,TPM,Median (gtex_v8),54,Artery_Aorta,203.005,https://gtexportal.org/home/gene/MRAP2,GTEx median expression returned,Median gene expression measured across GTEx human tissues.
MRAP2,ENSG00000135324,Whole_Blood,0.0619028,TPM,Median (gtex_v8),54,Artery_Aorta,203.005,https://gtexportal.org/home/gene/MRAP2,GTEx median expression returned,Median gene expression measured across GTEx human tissues.
TMEM18,ENSG00000151353,Adipose_Subcutaneous,21.4933,TPM,Median (gtex_v8),54,Ovary,40.8698,https://gtexportal.org/home/gene/TMEM18,GTEx median expression returned,Median gene expression measured across GTEx human tissues.
TMEM18,ENSG00000151353,Adipose_Visceral_Omentum,19.6412,TPM,Median (gtex_v8),54,Ovary,40.8698,https://gtexportal.org/home/gene/TMEM18,GTEx median expression returned,Median gene expression measured across GTEx human tissues.
TMEM18,ENSG00000151353,Artery_Aorta,18.8718,TPM,Median (gtex_v8),54,Ovary,40.8698,https://gtexportal.org/home/gene/TMEM18,GTEx median expression returned,Median gene expression measured across GTEx human tissues.
TMEM18,ENSG00000151353,Artery_Coronary,19.9962,TPM,Median (gtex_v8),54,Ovary,40.8698,https://gtexportal.org/home/gene/TMEM18,GTEx median expression returned,Median gene expression measured across GTEx human tissues.
TMEM18,ENSG00000151353,Colon_Sigmoid,15.7524,TPM,Median (gtex_v8),54,Ovary,40.8698,https://gtexportal.org/home/gene/TMEM18,GTEx median expression returned,Median gene expression measured across GTEx human tissues.
TMEM18,ENSG00000151353,Colon_Transverse,13.6042,TPM,Median (gtex_v8),54,Ovary,40.8698,https://gtexportal.org/home/gene/TMEM18,GTEx median expression returned,Median gene expression measured across GTEx human tissues.
TMEM18,ENSG00000151353,Heart_Atrial_Appendage,5.99037,TPM,Median (gtex_v8),54,Ovary,40.8698,https://gtexportal.org/home/gene/TMEM18,GTEx median expression returned,Median gene expression measured across GTEx human tissues.
TMEM18,ENSG00000151353,Heart_Left_Ventricle,4.2384900000000005,TPM,Median (gtex_v8),54,Ovary,40.8698,https://gtexportal.org/home/gene/TMEM18,GTEx median expression returned,Median gene expression measured across GTEx human tissues.
TMEM18,ENSG00000151353,Liver,6.42325,TPM,Median (gtex_v8),54,Ovary,40.8698,https://gtexportal.org/home/gene/TMEM18,GTEx median expression returned,Median gene expression measured across GTEx human tissues.
TMEM18,ENSG00000151353,Muscle_Skeletal,8.65193,TPM,Median (gtex_v8),54,Ovary,40.8698,https://gtexportal.org/home/gene/TMEM18,GTEx median expression returned,Median gene expression measured across GTEx human tissues.
TMEM18,ENSG00000151353,Pancreas,11.0611,TPM,Median (gtex_v8),54,Ovary,40.8698,https://gtexportal.org/home/gene/TMEM18,GTEx median expression returned,Median gene expression measured across GTEx human tissues.
TMEM18,ENSG00000151353,Small_Intestine_Terminal_Ileum,14.8962,TPM,Median (gtex_v8),54,Ovary,40.8698,https://gtexportal.org/home/gene/TMEM18,GTEx median expression returned,Median gene expression measured across GTEx human tissues.
TMEM18,ENSG00000151353,Stomach,12.6923,TPM,Median (gtex_v8),54,Ovary,40.8698,https://gtexportal.org/home/gene/TMEM18,GTEx median expression returned,Median gene expression measured across GTEx human tissues.
TMEM18,ENSG00000151353,Whole_Blood,3.00535,TPM,Median (gtex_v8),54,Ovary,40.8698,https://gtexportal.org/home/gene/TMEM18,GTEx median expression returned,Median gene expression measured across GTEx human tissues.
SLC39A8,ENSG00000138821,Adipose_Subcutaneous,9.31818,TPM,Median (gtex_v8),54,Lung,85.8152,https://gtexportal.org/home/gene/SLC39A8,GTEx median expression returned,Median gene expression measured across GTEx human tissues.
SLC39A8,ENSG00000138821,Adipose_Visceral_Omentum,25.0267,TPM,Median (gtex_v8),54,Lung,85.8152,https://gtexportal.org/home/gene/SLC39A8,GTEx median expression returned,Median gene expression measured across GTEx human tissues.
SLC39A8,ENSG00000138821,Artery_Aorta,4.01807,TPM,Median (gtex_v8),54,Lung,85.8152,https://gtexportal.org/home/gene/SLC39A8,GTEx median expression returned,Median gene expression measured across GTEx human tissues.
SLC39A8,ENSG00000138821,Artery_Coronary,4.56995,TPM,Median (gtex_v8),54,Lung,85.8152,https://gtexportal.org/home/gene/SLC39A8,GTEx median expression returned,Median gene expression measured across GTEx human tissues.
SLC39A8,ENSG00000138821,Colon_Sigmoid,2.32758,TPM,Median (gtex_v8),54,Lung,85.8152,https://gtexportal.org/home/gene/SLC39A8,GTEx median expression returned,Median gene expression measured across GTEx human tissues.
SLC39A8,ENSG00000138821,Colon_Transverse,9.88218,TPM,Median (gtex_v8),54,Lung,85.8152,https://gtexportal.org/home/gene/SLC39A8,GTEx median expression returned,Median gene expression measured across GTEx human tissues.
SLC39A8,ENSG00000138821,Heart_Atrial_Appendage,14.408,TPM,Median (gtex_v8),54,Lung,85.8152,https://gtexportal.org/home/gene/SLC39A8,GTEx median expression returned,Median gene expression measured across GTEx human tissues.
SLC39A8,ENSG00000138821,Heart_Left_Ventricle,0.648187,TPM,Median (gtex_v8),54,Lung,85.8152,https://gtexportal.org/home/gene/SLC39A8,GTEx median expression returned,Median gene expression measured across GTEx human tissues.
SLC39A8,ENSG00000138821,Liver,5.94754,TPM,Median (gtex_v8),54,Lung,85.8152,https://gtexportal.org/home/gene/SLC39A8,GTEx median expression returned,Median gene expression measured across GTEx human tissues.
SLC39A8,ENSG00000138821,Muscle_Skeletal,0.413502,TPM,Median (gtex_v8),54,Lung,85.8152,https://gtexportal.org/home/gene/SLC39A8,GTEx median expression returned,Median gene expression measured across GTEx human tissues.
SLC39A8,ENSG00000138821,Pancreas,15.8361,TPM,Median (gtex_v8),54,Lung,85.8152,https://gtexportal.org/home/gene/SLC39A8,GTEx median expression returned,Median gene expression measured across GTEx human tissues.
SLC39A8,ENSG00000138821,Small_Intestine_Terminal_Ileum,5.1544,TPM,Median (gtex_v8),54,Lung,85.8152,https://gtexportal.org/home/gene/SLC39A8,GTEx median expression returned,Median gene expression measured across GTEx human tissues.
SLC39A8,ENSG00000138821,Stomach,1.54926,TPM,Median (gtex_v8),54,Lung,85.8152,https://gtexportal.org/home/gene/SLC39A8,GTEx median expression returned,Median gene expression measured across GTEx human tissues.
SLC39A8,ENSG00000138821,Whole_Blood,2.81676,TPM,Median (gtex_v8),54,Lung,85.8152,https://gtexportal.org/home/gene/SLC39A8,GTEx median expression returned,Median gene expression measured across GTEx human tissues.
PDE3B,ENSG00000152270,Adipose_Subcutaneous,17.0137,TPM,Median (gtex_v8),54,Colon_Sigmoid,25.6482,https://gtexportal.org/home/gene/PDE3B,GTEx median expression returned,Median gene expression measured across GTEx human tissues.
PDE3B,ENSG00000152270,Adipose_Visceral_Omentum,10.8872,TPM,Median (gtex_v8),54,Colon_Sigmoid,25.6482,https://gtexportal.org/home/gene/PDE3B,GTEx median expression returned,Median gene expression measured across GTEx human tissues.
PDE3B,ENSG00000152270,Artery_Aorta,5.85918,TPM,Median (gtex_v8),54,Colon_Sigmoid,25.6482,https://gtexportal.org/home/gene/PDE3B,GTEx median expression returned,Median gene expression measured across GTEx human tissues.
PDE3B,ENSG00000152270,Artery_Coronary,2.14213,TPM,Median (gtex_v8),54,Colon_Sigmoid,25.6482,https://gtexportal.org/home/gene/PDE3B,GTEx median expression returned,Median gene expression measured across GTEx human tissues.
PDE3B,ENSG00000152270,Colon_Sigmoid,25.6482,TPM,Median (gtex_v8),54,Colon_Sigmoid,25.6482,https://gtexportal.org/home/gene/PDE3B,GTEx median expression returned,Median gene expression measured across GTEx human tissues.
PDE3B,ENSG00000152270,Colon_Transverse,10.323,TPM,Median (gtex_v8),54,Colon_Sigmoid,25.6482,https://gtexportal.org/home/gene/PDE3B,GTEx median expression returned,Median gene expression measured across GTEx human tissues.
PDE3B,ENSG00000152270,Heart_Atrial_Appendage,2.16401,TPM,Median (gtex_v8),54,Colon_Sigmoid,25.6482,https://gtexportal.org/home/gene/PDE3B,GTEx median expression returned,Median gene expression measured across GTEx human tissues.
PDE3B,ENSG00000152270,Heart_Left_Ventricle,0.937207,TPM,Median (gtex_v8),54,Colon_Sigmoid,25.6482,https://gtexportal.org/home/gene/PDE3B,GTEx median expression returned,Median gene expression measured across GTEx human tissues.
PDE3B,ENSG00000152270,Liver,5.56019,TPM,Median (gtex_v8),54,Colon_Sigmoid,25.6482,https://gtexportal.org/home/gene/PDE3B,GTEx median expression returned,Median gene expression measured across GTEx human tissues.
PDE3B,ENSG00000152270,Muscle_Skeletal,0.119145,TPM,Median (gtex_v8),54,Colon_Sigmoid,25.6482,https://gtexportal.org/home/gene/PDE3B,GTEx median expression returned,Median gene expression measured across GTEx human tissues.
PDE3B,ENSG00000152270,Pancreas,2.7227200000000003,TPM,Median (gtex_v8),54,Colon_Sigmoid,25.6482,https://gtexportal.org/home/gene/PDE3B,GTEx median expression returned,Median gene expression measured across GTEx human tissues.
PDE3B,ENSG00000152270,Small_Intestine_Terminal_Ileum,4.7091,TPM,Median (gtex_v8),54,Colon_Sigmoid,25.6482,https://gtexportal.org/home/gene/PDE3B,GTEx median expression returned,Median gene expression measured across GTEx human tissues.
PDE3B,ENSG00000152270,Stomach,1.5061,TPM,Median (gtex_v8),54,Colon_Sigmoid,25.6482,https://gtexportal.org/home/gene/PDE3B,GTEx median expression returned,Median gene expression measured across GTEx human tissues.
PDE3B,ENSG00000152270,Whole_Blood,3.43539,TPM,Median (gtex_v8),54,Colon_Sigmoid,25.6482,https://gtexportal.org/home/gene/PDE3B,GTEx median expression returned,Median gene expression measured across GTEx human tissues.
HMGA2,ENSG00000149948,Adipose_Subcutaneous,0.1175819999999999,TPM,Median (gtex_v8),54,Cells_Cultured_fibroblasts,14.4246,https://gtexportal.org/home/gene/HMGA2,GTEx median expression returned,Median gene expression measured across GTEx human tissues.
HMGA2,ENSG00000149948,Adipose_Visceral_Omentum,0.0225297,TPM,Median (gtex_v8),54,Cells_Cultured_fibroblasts,14.4246,https://gtexportal.org/home/gene/HMGA2,GTEx median expression returned,Median gene expression measured across GTEx human tissues.
HMGA2,ENSG00000149948,Artery_Aorta,0.0472953,TPM,Median (gtex_v8),54,Cells_Cultured_fibroblasts,14.4246,https://gtexportal.org/home/gene/HMGA2,GTEx median expression returned,Median gene expression measured across GTEx human tissues.
HMGA2,ENSG00000149948,Artery_Coronary,0.0663029,TPM,Median (gtex_v8),54,Cells_Cultured_fibroblasts,14.4246,https://gtexportal.org/home/gene/HMGA2,GTEx median expression returned,Median gene expression measured across GTEx human tissues.
HMGA2,ENSG00000149948,Colon_Sigmoid,0.1246569999999999,TPM,Median (gtex_v8),54,Cells_Cultured_fibroblasts,14.4246,https://gtexportal.org/home/gene/HMGA2,GTEx median expression returned,Median gene expression measured across GTEx human tissues.
HMGA2,ENSG00000149948,Colon_Transverse,0.6332899999999999,TPM,Median (gtex_v8),54,Cells_Cultured_fibroblasts,14.4246,https://gtexportal.org/home/gene/HMGA2,GTEx median expression returned,Median gene expression measured across GTEx human tissues.
HMGA2,ENSG00000149948,Heart_Atrial_Appendage,0.0150697,TPM,Median (gtex_v8),54,Cells_Cultured_fibroblasts,14.4246,https://gtexportal.org/home/gene/HMGA2,GTEx median expression returned,Median gene expression measured across GTEx human tissues.
HMGA2,ENSG00000149948,Heart_Left_Ventricle,0.00511895,TPM,Median (gtex_v8),54,Cells_Cultured_fibroblasts,14.4246,https://gtexportal.org/home/gene/HMGA2,GTEx median expression returned,Median gene expression measured across GTEx human tissues.
HMGA2,ENSG00000149948,Liver,0.0054741999999999,TPM,Median (gtex_v8),54,Cells_Cultured_fibroblasts,14.4246,https://gtexportal.org/home/gene/HMGA2,GTEx median expression returned,Median gene expression measured across GTEx human tissues.
HMGA2,ENSG00000149948,Muscle_Skeletal,0.0039813,TPM,Median (gtex_v8),54,Cells_Cultured_fibroblasts,14.4246,https://gtexportal.org/home/gene/HMGA2,GTEx median expression returned,Median gene expression measured across GTEx human tissues.
HMGA2,ENSG00000149948,Pancreas,0.0613880999999999,TPM,Median (gtex_v8),54,Cells_Cultured_fibroblasts,14.4246,https://gtexportal.org/home/gene/HMGA2,GTEx median expression returned,Median gene expression measured across GTEx human tissues.
HMGA2,ENSG00000149948,Small_Intestine_Terminal_Ileum,0.249086,TPM,Median (gtex_v8),54,Cells_Cultured_fibroblasts,14.4246,https://gtexportal.org/home/gene/HMGA2,GTEx median expression returned,Median gene expression measured across GTEx human tissues.
HMGA2,ENSG00000149948,Stomach,0.152123,TPM,Median (gtex_v8),54,Cells_Cultured_fibroblasts,14.4246,https://gtexportal.org/home/gene/HMGA2,GTEx median expression returned,Median gene expression measured across GTEx human tissues.
HMGA2,ENSG00000149948,Whole_Blood,0.00519514,TPM,Median (gtex_v8),54,Cells_Cultured_fibroblasts,14.4246,https://gtexportal.org/home/gene/HMGA2,GTEx median expression returned,Median gene expression measured across GTEx human tissues.
CALCR,ENSG00000004948,Adipose_Subcutaneous,0.095691,TPM,Median (gtex_v8),54,Brain_Hypothalamus,3.18899,https://gtexportal.org/home/gene/CALCR,GTEx median expression returned,Median gene expression measured across GTEx human tissues.
CALCR,ENSG00000004948,Adipose_Visceral_Omentum,0.0544966999999999,TPM,Median (gtex_v8),54,Brain_Hypothalamus,3.18899,https://gtexportal.org/home/gene/CALCR,GTEx median expression returned,Median gene expression measured across GTEx human tissues.
CALCR,ENSG00000004948,Artery_Aorta,0.0783132,TPM,Median (gtex_v8),54,Brain_Hypothalamus,3.18899,https://gtexportal.org/home/gene/CALCR,GTEx median expression returned,Median gene expression measured across GTEx human tissues.
CALCR,ENSG00000004948,Artery_Coronary,0.0527044,TPM,Median (gtex_v8),54,Brain_Hypothalamus,3.18899,https://gtexportal.org/home/gene/CALCR,GTEx median expression returned,Median gene expression measured across GTEx human tissues.
CALCR,ENSG00000004948,Colon_Sigmoid,0.0186199,TPM,Median (gtex_v8),54,Brain_Hypothalamus,3.18899,https://gtexportal.org/home/gene/CALCR,GTEx median expression returned,Median gene expression measured across GTEx human tissues.
CALCR,ENSG00000004948,Colon_Transverse,0.0178852,TPM,Median (gtex_v8),54,Brain_Hypothalamus,3.18899,https://gtexportal.org/home/gene/CALCR,GTEx median expression returned,Median gene expression measured across GTEx human tissues.
CALCR,ENSG00000004948,Heart_Atrial_Appendage,0.0186033,TPM,Median (gtex_v8),54,Brain_Hypothalamus,3.18899,https://gtexportal.org/home/gene/CALCR,GTEx median expression returned,Median gene expression measured across GTEx human tissues.
CALCR,ENSG00000004948,Muscle_Skeletal,0.175417,TPM,Median (gtex_v8),54,Brain_Hypothalamus,3.18899,https://gtexportal.org/home/gene/CALCR,GTEx median expression returned,Median gene expression measured across GTEx human tissues.
CALCR,ENSG00000004948,Small_Intestine_Terminal_Ileum,0.0322327,TPM,Median (gtex_v8),54,Brain_Hypothalamus,3.18899,https://gtexportal.org/home/gene/CALCR,GTEx median expression returned,Median gene expression measured across GTEx human tissues.
CALCR,ENSG00000004948,Stomach,0.01057,TPM,Median (gtex_v8),54,Brain_Hypothalamus,3.18899,https://gtexportal.org/home/gene/CALCR,GTEx median expression returned,Median gene expression measured across GTEx human tissues.
TFAP2B,ENSG00000008196,Adipose_Subcutaneous,0.120505,TPM,Median (gtex_v8),54,Kidney_Medulla,17.3736,https://gtexportal.org/home/gene/TFAP2B,GTEx median expression returned,Median gene expression measured across GTEx human tissues.
TFAP2B,ENSG00000008196,Adipose_Visceral_Omentum,0.0153058999999999,TPM,Median (gtex_v8),54,Kidney_Medulla,17.3736,https://gtexportal.org/home/gene/TFAP2B,GTEx median expression returned,Median gene expression measured across GTEx human tissues.
TFAP2B,ENSG00000008196,Artery_Aorta,0.0162329,TPM,Median (gtex_v8),54,Kidney_Medulla,17.3736,https://gtexportal.org/home/gene/TFAP2B,GTEx median expression returned,Median gene expression measured across GTEx human tissues.
TFAP2B,ENSG00000008196,Artery_Coronary,0.024293,TPM,Median (gtex_v8),54,Kidney_Medulla,17.3736,https://gtexportal.org/home/gene/TFAP2B,GTEx median expression returned,Median gene expression measured across GTEx human tissues.
TFAP2B,ENSG00000008196,Colon_Sigmoid,0.120779,TPM,Median (gtex_v8),54,Kidney_Medulla,17.3736,https://gtexportal.org/home/gene/TFAP2B,GTEx median expression returned,Median gene expression measured across GTEx human tissues.
TFAP2B,ENSG00000008196,Colon_Transverse,0.014672,TPM,Median (gtex_v8),54,Kidney_Medulla,17.3736,https://gtexportal.org/home/gene/TFAP2B,GTEx median expression returned,Median gene expression measured across GTEx human tissues.
TFAP2B,ENSG00000008196,Heart_Atrial_Appendage,0.0152988,TPM,Median (gtex_v8),54,Kidney_Medulla,17.3736,https://gtexportal.org/home/gene/TFAP2B,GTEx median expression returned,Median gene expression measured across GTEx human tissues.
TFAP2B,ENSG00000008196,Heart_Left_Ventricle,0.00508147,TPM,Median (gtex_v8),54,Kidney_Medulla,17.3736,https://gtexportal.org/home/gene/TFAP2B,GTEx median expression returned,Median gene expression measured across GTEx human tissues.
SEC16B,ENSG00000120341,Adipose_Subcutaneous,7.09726,TPM,Median (gtex_v8),54,Liver,25.1391,https://gtexportal.org/home/gene/SEC16B,GTEx median expression returned,Median gene expression measured across GTEx human tissues.
SEC16B,ENSG00000120341,Adipose_Visceral_Omentum,5.234369999999999,TPM,Median (gtex_v8),54,Liver,25.1391,https://gtexportal.org/home/gene/SEC16B,GTEx median expression returned,Median gene expression measured across GTEx human tissues.
SEC16B,ENSG00000120341,Artery_Aorta,6.9207,TPM,Median (gtex_v8),54,Liver,25.1391,https://gtexportal.org/home/gene/SEC16B,GTEx median expression returned,Median gene expression measured across GTEx human tissues.
SEC16B,ENSG00000120341,Artery_Coronary,5.52145,TPM,Median (gtex_v8),54,Liver,25.1391,https://gtexportal.org/home/gene/SEC16B,GTEx median expression returned,Median gene expression measured across GTEx human tissues.
SEC16B,ENSG00000120341,Colon_Sigmoid,4.58429,TPM,Median (gtex_v8),54,Liver,25.1391,https://gtexportal.org/home/gene/SEC16B,GTEx median expression returned,Median gene expression measured across GTEx human tissues.
SEC16B,ENSG00000120341,Colon_Transverse,5.88957,TPM,Median (gtex_v8),54,Liver,25.1391,https://gtexportal.org/home/gene/SEC16B,GTEx median expression returned,Median gene expression measured across GTEx human tissues.
SEC16B,ENSG00000120341,Heart_Atrial_Appendage,3.5108300000000003,TPM,Median (gtex_v8),54,Liver,25.1391,https://gtexportal.org/home/gene/SEC16B,GTEx median expression returned,Median gene expression measured across GTEx human tissues.
SEC16B,ENSG00000120341,Heart_Left_Ventricle,2.50312,TPM,Median (gtex_v8),54,Liver,25.1391,https://gtexportal.org/home/gene/SEC16B,GTEx median expression returned,Median gene expression measured across GTEx human tissues.
SEC16B,ENSG00000120341,Liver,25.1391,TPM,Median (gtex_v8),54,Liver,25.1391,https://gtexportal.org/home/gene/SEC16B,GTEx median expression returned,Median gene expression measured across GTEx human tissues.
SEC16B,ENSG00000120341,Muscle_Skeletal,2.76437,TPM,Median (gtex_v8),54,Liver,25.1391,https://gtexportal.org/home/gene/SEC16B,GTEx median expression returned,Median gene expression measured across GTEx human tissues.
SEC16B,ENSG00000120341,Pancreas,7.66477,TPM,Median (gtex_v8),54,Liver,25.1391,https://gtexportal.org/home/gene/SEC16B,GTEx median expression returned,Median gene expression measured across GTEx human tissues.
SEC16B,ENSG00000120341,Small_Intestine_Terminal_Ileum,9.80243,TPM,Median (gtex_v8),54,Liver,25.1391,https://gtexportal.org/home/gene/SEC16B,GTEx median expression returned,Median gene expression measured across GTEx human tissues.
SEC16B,ENSG00000120341,Stomach,8.74131,TPM,Median (gtex_v8),54,Liver,25.1391,https://gtexportal.org/home/gene/SEC16B,GTEx median expression returned,Median gene expression measured across GTEx human tissues.
SEC16B,ENSG00000120341,Whole_Blood,0.060404,TPM,Median (gtex_v8),54,Liver,25.1391,https://gtexportal.org/home/gene/SEC16B,GTEx median expression returned,Median gene expression measured across GTEx human tissues.
FAIM2,ENSG00000135472,Adipose_Subcutaneous,0.447233,TPM,Median (gtex_v8),54,Brain_Frontal_Cortex_BA9,345.38699999999994,https://gtexportal.org/home/gene/FAIM2,GTEx median expression returned,Median gene expression measured across GTEx human tissues.
FAIM2,ENSG00000135472,Adipose_Visceral_Omentum,1.96916,TPM,Median (gtex_v8),54,Brain_Frontal_Cortex_BA9,345.38699999999994,https://gtexportal.org/home/gene/FAIM2,GTEx median expression returned,Median gene expression measured across GTEx human tissues.
FAIM2,ENSG00000135472,Artery_Aorta,1.296,TPM,Median (gtex_v8),54,Brain_Frontal_Cortex_BA9,345.38699999999994,https://gtexportal.org/home/gene/FAIM2,GTEx median expression returned,Median gene expression measured across GTEx human tissues.
FAIM2,ENSG00000135472,Artery_Coronary,7.193460000000001,TPM,Median (gtex_v8),54,Brain_Frontal_Cortex_BA9,345.38699999999994,https://gtexportal.org/home/gene/FAIM2,GTEx median expression returned,Median gene expression measured across GTEx human tissues.
FAIM2,ENSG00000135472,Colon_Sigmoid,7.079039999999999,TPM,Median (gtex_v8),54,Brain_Frontal_Cortex_BA9,345.38699999999994,https://gtexportal.org/home/gene/FAIM2,GTEx median expression returned,Median gene expression measured across GTEx human tissues.
FAIM2,ENSG00000135472,Colon_Transverse,3.76076,TPM,Median (gtex_v8),54,Brain_Frontal_Cortex_BA9,345.38699999999994,https://gtexportal.org/home/gene/FAIM2,GTEx median expression returned,Median gene expression measured across GTEx human tissues.
FAIM2,ENSG00000135472,Heart_Atrial_Appendage,12.0791,TPM,Median (gtex_v8),54,Brain_Frontal_Cortex_BA9,345.38699999999994,https://gtexportal.org/home/gene/FAIM2,GTEx median expression returned,Median gene expression measured across GTEx human tissues.
FAIM2,ENSG00000135472,Heart_Left_Ventricle,1.96032,TPM,Median (gtex_v8),54,Brain_Frontal_Cortex_BA9,345.38699999999994,https://gtexportal.org/home/gene/FAIM2,GTEx median expression returned,Median gene expression measured across GTEx human tissues.
FAIM2,ENSG00000135472,Liver,0.068062,TPM,Median (gtex_v8),54,Brain_Frontal_Cortex_BA9,345.38699999999994,https://gtexportal.org/home/gene/FAIM2,GTEx median expression returned,Median gene expression measured across GTEx human tissues.
FAIM2,ENSG00000135472,Muscle_Skeletal,0.19374,TPM,Median (gtex_v8),54,Brain_Frontal_Cortex_BA9,345.38699999999994,https://gtexportal.org/home/gene/FAIM2,GTEx median expression returned,Median gene expression measured across GTEx human tissues.
FAIM2,ENSG00000135472,Pancreas,0.359223,TPM,Median (gtex_v8),54,Brain_Frontal_Cortex_BA9,345.38699999999994,https://gtexportal.org/home/gene/FAIM2,GTEx median expression returned,Median gene expression measured across GTEx human tissues.
FAIM2,ENSG00000135472,Small_Intestine_Terminal_Ileum,3.36648,TPM,Median (gtex_v8),54,Brain_Frontal_Cortex_BA9,345.38699999999994,https://gtexportal.org/home/gene/FAIM2,GTEx median expression returned,Median gene expression measured across GTEx human tissues.
FAIM2,ENSG00000135472,Stomach,1.3098,TPM,Median (gtex_v8),54,Brain_Frontal_Cortex_BA9,345.38699999999994,https://gtexportal.org/home/gene/FAIM2,GTEx median expression returned,Median gene expression measured across GTEx human tissues.
FAIM2,ENSG00000135472,Whole_Blood,0.0746554,TPM,Median (gtex_v8),54,Brain_Frontal_Cortex_BA9,345.38699999999994,https://gtexportal.org/home/gene/FAIM2,GTEx median expression returned,Median gene expression measured across GTEx human tissues.
ZFHX3,ENSG00000140836,Adipose_Subcutaneous,9.64991,TPM,Median (gtex_v8),54,Artery_Tibial,34.3032,https://gtexportal.org/home/gene/ZFHX3,GTEx median expression returned,Median gene expression measured across GTEx human tissues.
ZFHX3,ENSG00000140836,Adipose_Visceral_Omentum,4.91248,TPM,Median (gtex_v8),54,Artery_Tibial,34.3032,https://gtexportal.org/home/gene/ZFHX3,GTEx median expression returned,Median gene expression measured across GTEx human tissues.
ZFHX3,ENSG00000140836,Artery_Aorta,19.9794,TPM,Median (gtex_v8),54,Artery_Tibial,34.3032,https://gtexportal.org/home/gene/ZFHX3,GTEx median expression returned,Median gene expression measured across GTEx human tissues.
ZFHX3,ENSG00000140836,Artery_Coronary,19.7725,TPM,Median (gtex_v8),54,Artery_Tibial,34.3032,https://gtexportal.org/home/gene/ZFHX3,GTEx median expression returned,Median gene expression measured across GTEx human tissues.
ZFHX3,ENSG00000140836,Colon_Sigmoid,10.7826,TPM,Median (gtex_v8),54,Artery_Tibial,34.3032,https://gtexportal.org/home/gene/ZFHX3,GTEx median expression returned,Median gene expression measured across GTEx human tissues.
ZFHX3,ENSG00000140836,Colon_Transverse,5.50591,TPM,Median (gtex_v8),54,Artery_Tibial,34.3032,https://gtexportal.org/home/gene/ZFHX3,GTEx median expression returned,Median gene expression measured across GTEx human tissues.
ZFHX3,ENSG00000140836,Heart_Atrial_Appendage,2.96746,TPM,Median (gtex_v8),54,Artery_Tibial,34.3032,https://gtexportal.org/home/gene/ZFHX3,GTEx median expression returned,Median gene expression measured across GTEx human tissues.
ZFHX3,ENSG00000140836,Heart_Left_Ventricle,1.88553,TPM,Median (gtex_v8),54,Artery_Tibial,34.3032,https://gtexportal.org/home/gene/ZFHX3,GTEx median expression returned,Median gene expression measured across GTEx human tissues.
ZFHX3,ENSG00000140836,Liver,1.81842,TPM,Median (gtex_v8),54,Artery_Tibial,34.3032,https://gtexportal.org/home/gene/ZFHX3,GTEx median expression returned,Median gene expression measured across GTEx human tissues.
ZFHX3,ENSG00000140836,Muscle_Skeletal,6.531569999999999,TPM,Median (gtex_v8),54,Artery_Tibial,34.3032,https://gtexportal.org/home/gene/ZFHX3,GTEx median expression returned,Median gene expression measured across GTEx human tissues.
ZFHX3,ENSG00000140836,Pancreas,2.5144,TPM,Median (gtex_v8),54,Artery_Tibial,34.3032,https://gtexportal.org/home/gene/ZFHX3,GTEx median expression returned,Median gene expression measured across GTEx human tissues.
ZFHX3,ENSG00000140836,Small_Intestine_Terminal_Ileum,3.70164,TPM,Median (gtex_v8),54,Artery_Tibial,34.3032,https://gtexportal.org/home/gene/ZFHX3,GTEx median expression returned,Median gene expression measured across GTEx human tissues.
ZFHX3,ENSG00000140836,Stomach,3.12728,TPM,Median (gtex_v8),54,Artery_Tibial,34.3032,https://gtexportal.org/home/gene/ZFHX3,GTEx median expression returned,Median gene expression measured across GTEx human tissues.
ZFHX3,ENSG00000140836,Whole_Blood,0.2384099999999999,TPM,Median (gtex_v8),54,Artery_Tibial,34.3032,https://gtexportal.org/home/gene/ZFHX3,GTEx median expression returned,Median gene expression measured across GTEx human tissues.
NRXN3,ENSG00000021645,Adipose_Subcutaneous,0.339565,TPM,Median (gtex_v8),54,Brain_Cerebellar_Hemisphere,80.237,https://gtexportal.org/home/gene/NRXN3,GTEx median expression returned,Median gene expression measured across GTEx human tissues.
NRXN3,ENSG00000021645,Adipose_Visceral_Omentum,0.191557,TPM,Median (gtex_v8),54,Brain_Cerebellar_Hemisphere,80.237,https://gtexportal.org/home/gene/NRXN3,GTEx median expression returned,Median gene expression measured across GTEx human tissues.
NRXN3,ENSG00000021645,Artery_Aorta,3.71985,TPM,Median (gtex_v8),54,Brain_Cerebellar_Hemisphere,80.237,https://gtexportal.org/home/gene/NRXN3,GTEx median expression returned,Median gene expression measured across GTEx human tissues.
NRXN3,ENSG00000021645,Artery_Coronary,2.08586,TPM,Median (gtex_v8),54,Brain_Cerebellar_Hemisphere,80.237,https://gtexportal.org/home/gene/NRXN3,GTEx median expression returned,Median gene expression measured across GTEx human tissues.
NRXN3,ENSG00000021645,Colon_Sigmoid,11.8758,TPM,Median (gtex_v8),54,Brain_Cerebellar_Hemisphere,80.237,https://gtexportal.org/home/gene/NRXN3,GTEx median expression returned,Median gene expression measured across GTEx human tissues.
NRXN3,ENSG00000021645,Colon_Transverse,3.02533,TPM,Median (gtex_v8),54,Brain_Cerebellar_Hemisphere,80.237,https://gtexportal.org/home/gene/NRXN3,GTEx median expression returned,Median gene expression measured across GTEx human tissues.
NRXN3,ENSG00000021645,Heart_Atrial_Appendage,0.738336,TPM,Median (gtex_v8),54,Brain_Cerebellar_Hemisphere,80.237,https://gtexportal.org/home/gene/NRXN3,GTEx median expression returned,Median gene expression measured across GTEx human tissues.
NRXN3,ENSG00000021645,Heart_Left_Ventricle,0.135944,TPM,Median (gtex_v8),54,Brain_Cerebellar_Hemisphere,80.237,https://gtexportal.org/home/gene/NRXN3,GTEx median expression returned,Median gene expression measured across GTEx human tissues.
NRXN3,ENSG00000021645,Liver,0.0545229,TPM,Median (gtex_v8),54,Brain_Cerebellar_Hemisphere,80.237,https://gtexportal.org/home/gene/NRXN3,GTEx median expression returned,Median gene expression measured across GTEx human tissues.
NRXN3,ENSG00000021645,Muscle_Skeletal,0.0450731,TPM,Median (gtex_v8),54,Brain_Cerebellar_Hemisphere,80.237,https://gtexportal.org/home/gene/NRXN3,GTEx median expression returned,Median gene expression measured across GTEx human tissues.
NRXN3,ENSG00000021645,Pancreas,0.290054,TPM,Median (gtex_v8),54,Brain_Cerebellar_Hemisphere,80.237,https://gtexportal.org/home/gene/NRXN3,GTEx median expression returned,Median gene expression measured across GTEx human tissues.
NRXN3,ENSG00000021645,Small_Intestine_Terminal_Ileum,1.25212,TPM,Median (gtex_v8),54,Brain_Cerebellar_Hemisphere,80.237,https://gtexportal.org/home/gene/NRXN3,GTEx median expression returned,Median gene expression measured across GTEx human tissues.
NRXN3,ENSG00000021645,Stomach,0.544571,TPM,Median (gtex_v8),54,Brain_Cerebellar_Hemisphere,80.237,https://gtexportal.org/home/gene/NRXN3,GTEx median expression returned,Median gene expression measured across GTEx human tissues.
NRXN3,ENSG00000021645,Whole_Blood,0.0176713,TPM,Median (gtex_v8),54,Brain_Cerebellar_Hemisphere,80.237,https://gtexportal.org/home/gene/NRXN3,GTEx median expression returned,Median gene expression measured across GTEx human tissues.
ETV5,ENSG00000244405,Adipose_Subcutaneous,10.4278,TPM,Median (gtex_v8),54,Pituitary,41.2498,https://gtexportal.org/home/gene/ETV5,GTEx median expression returned,Median gene expression measured across GTEx human tissues.
ETV5,ENSG00000244405,Adipose_Visceral_Omentum,7.6061,TPM,Median (gtex_v8),54,Pituitary,41.2498,https://gtexportal.org/home/gene/ETV5,GTEx median expression returned,Median gene expression measured across GTEx human tissues.
ETV5,ENSG00000244405,Artery_Aorta,16.4571,TPM,Median (gtex_v8),54,Pituitary,41.2498,https://gtexportal.org/home/gene/ETV5,GTEx median expression returned,Median gene expression measured across GTEx human tissues.
ETV5,ENSG00000244405,Artery_Coronary,10.6173,TPM,Median (gtex_v8),54,Pituitary,41.2498,https://gtexportal.org/home/gene/ETV5,GTEx median expression returned,Median gene expression measured across GTEx human tissues.
ETV5,ENSG00000244405,Colon_Sigmoid,4.60889,TPM,Median (gtex_v8),54,Pituitary,41.2498,https://gtexportal.org/home/gene/ETV5,GTEx median expression returned,Median gene expression measured across GTEx human tissues.
ETV5,ENSG00000244405,Colon_Transverse,3.45587,TPM,Median (gtex_v8),54,Pituitary,41.2498,https://gtexportal.org/home/gene/ETV5,GTEx median expression returned,Median gene expression measured across GTEx human tissues.
ETV5,ENSG00000244405,Heart_Atrial_Appendage,4.58665,TPM,Median (gtex_v8),54,Pituitary,41.2498,https://gtexportal.org/home/gene/ETV5,GTEx median expression returned,Median gene expression measured across GTEx human tissues.
ETV5,ENSG00000244405,Heart_Left_Ventricle,1.66992,TPM,Median (gtex_v8),54,Pituitary,41.2498,https://gtexportal.org/home/gene/ETV5,GTEx median expression returned,Median gene expression measured across GTEx human tissues.
ETV5,ENSG00000244405,Liver,2.24305,TPM,Median (gtex_v8),54,Pituitary,41.2498,https://gtexportal.org/home/gene/ETV5,GTEx median expression returned,Median gene expression measured across GTEx human tissues.
ETV5,ENSG00000244405,Muscle_Skeletal,5.8442300000000005,TPM,Median (gtex_v8),54,Pituitary,41.2498,https://gtexportal.org/home/gene/ETV5,GTEx median expression returned,Median gene expression measured across GTEx human tissues.
ETV5,ENSG00000244405,Pancreas,7.9971,TPM,Median (gtex_v8),54,Pituitary,41.2498,https://gtexportal.org/home/gene/ETV5,GTEx median expression returned,Median gene expression measured across GTEx human tissues.
ETV5,ENSG00000244405,Small_Intestine_Terminal_Ileum,4.31591,TPM,Median (gtex_v8),54,Pituitary,41.2498,https://gtexportal.org/home/gene/ETV5,GTEx median expression returned,Median gene expression measured across GTEx human tissues.
ETV5,ENSG00000244405,Stomach,5.56492,TPM,Median (gtex_v8),54,Pituitary,41.2498,https://gtexportal.org/home/gene/ETV5,GTEx median expression returned,Median gene expression measured across GTEx human tissues.
ETV5,ENSG00000244405,Whole_Blood,0.256791,TPM,Median (gtex_v8),54,Pituitary,41.2498,https://gtexportal.org/home/gene/ETV5,GTEx median expression returned,Median gene expression measured across GTEx human tissues.
NEGR1,ENSG00000172260,Adipose_Subcutaneous,14.8572,TPM,Median (gtex_v8),54,Nerve_Tibial,24.9081,https://gtexportal.org/home/gene/NEGR1,GTEx median expression returned,Median gene expression measured across GTEx human tissues.
NEGR1,ENSG00000172260,Adipose_Visceral_Omentum,11.6853,TPM,Median (gtex_v8),54,Nerve_Tibial,24.9081,https://gtexportal.org/home/gene/NEGR1,GTEx median expression returned,Median gene expression measured across GTEx human tissues.
NEGR1,ENSG00000172260,Artery_Aorta,9.32437,TPM,Median (gtex_v8),54,Nerve_Tibial,24.9081,https://gtexportal.org/home/gene/NEGR1,GTEx median expression returned,Median gene expression measured across GTEx human tissues.
NEGR1,ENSG00000172260,Artery_Coronary,10.3473,TPM,Median (gtex_v8),54,Nerve_Tibial,24.9081,https://gtexportal.org/home/gene/NEGR1,GTEx median expression returned,Median gene expression measured across GTEx human tissues.
NEGR1,ENSG00000172260,Colon_Sigmoid,16.5488,TPM,Median (gtex_v8),54,Nerve_Tibial,24.9081,https://gtexportal.org/home/gene/NEGR1,GTEx median expression returned,Median gene expression measured across GTEx human tissues.
NEGR1,ENSG00000172260,Colon_Transverse,6.40055,TPM,Median (gtex_v8),54,Nerve_Tibial,24.9081,https://gtexportal.org/home/gene/NEGR1,GTEx median expression returned,Median gene expression measured across GTEx human tissues.
NEGR1,ENSG00000172260,Heart_Atrial_Appendage,4.69033,TPM,Median (gtex_v8),54,Nerve_Tibial,24.9081,https://gtexportal.org/home/gene/NEGR1,GTEx median expression returned,Median gene expression measured across GTEx human tissues.
NEGR1,ENSG00000172260,Heart_Left_Ventricle,1.46272,TPM,Median (gtex_v8),54,Nerve_Tibial,24.9081,https://gtexportal.org/home/gene/NEGR1,GTEx median expression returned,Median gene expression measured across GTEx human tissues.
NEGR1,ENSG00000172260,Liver,0.0512539999999999,TPM,Median (gtex_v8),54,Nerve_Tibial,24.9081,https://gtexportal.org/home/gene/NEGR1,GTEx median expression returned,Median gene expression measured across GTEx human tissues.
NEGR1,ENSG00000172260,Muscle_Skeletal,1.12607,TPM,Median (gtex_v8),54,Nerve_Tibial,24.9081,https://gtexportal.org/home/gene/NEGR1,GTEx median expression returned,Median gene expression measured across GTEx human tissues.
NEGR1,ENSG00000172260,Pancreas,0.783213,TPM,Median (gtex_v8),54,Nerve_Tibial,24.9081,https://gtexportal.org/home/gene/NEGR1,GTEx median expression returned,Median gene expression measured across GTEx human tissues.
NEGR1,ENSG00000172260,Small_Intestine_Terminal_Ileum,2.40929,TPM,Median (gtex_v8),54,Nerve_Tibial,24.9081,https://gtexportal.org/home/gene/NEGR1,GTEx median expression returned,Median gene expression measured across GTEx human tissues.
NEGR1,ENSG00000172260,Stomach,2.64347,TPM,Median (gtex_v8),54,Nerve_Tibial,24.9081,https://gtexportal.org/home/gene/NEGR1,GTEx median expression returned,Median gene expression measured across GTEx human tissues.
NEGR1,ENSG00000172260,Whole_Blood,0.0388591999999999,TPM,Median (gtex_v8),54,Nerve_Tibial,24.9081,https://gtexportal.org/home/gene/NEGR1,GTEx median expression returned,Median gene expression measured across GTEx human tissues.
NPC1,ENSG00000141458,Adipose_Subcutaneous,16.0672,TPM,Median (gtex_v8),54,Brain_Spinal_cord_cervical_c-1,39.4447,https://gtexportal.org/home/gene/NPC1,GTEx median expression returned,Median gene expression measured across GTEx human tissues.
NPC1,ENSG00000141458,Adipose_Visceral_Omentum,13.4469,TPM,Median (gtex_v8),54,Brain_Spinal_cord_cervical_c-1,39.4447,https://gtexportal.org/home/gene/NPC1,GTEx median expression returned,Median gene expression measured across GTEx human tissues.
NPC1,ENSG00000141458,Artery_Aorta,20.186,TPM,Median (gtex_v8),54,Brain_Spinal_cord_cervical_c-1,39.4447,https://gtexportal.org/home/gene/NPC1,GTEx median expression returned,Median gene expression measured across GTEx human tissues.
NPC1,ENSG00000141458,Artery_Coronary,16.8547,TPM,Median (gtex_v8),54,Brain_Spinal_cord_cervical_c-1,39.4447,https://gtexportal.org/home/gene/NPC1,GTEx median expression returned,Median gene expression measured across GTEx human tissues.
NPC1,ENSG00000141458,Colon_Sigmoid,11.4549,TPM,Median (gtex_v8),54,Brain_Spinal_cord_cervical_c-1,39.4447,https://gtexportal.org/home/gene/NPC1,GTEx median expression returned,Median gene expression measured across GTEx human tissues.
NPC1,ENSG00000141458,Colon_Transverse,8.92008,TPM,Median (gtex_v8),54,Brain_Spinal_cord_cervical_c-1,39.4447,https://gtexportal.org/home/gene/NPC1,GTEx median expression returned,Median gene expression measured across GTEx human tissues.
NPC1,ENSG00000141458,Heart_Atrial_Appendage,4.8254,TPM,Median (gtex_v8),54,Brain_Spinal_cord_cervical_c-1,39.4447,https://gtexportal.org/home/gene/NPC1,GTEx median expression returned,Median gene expression measured across GTEx human tissues.
NPC1,ENSG00000141458,Heart_Left_Ventricle,3.0364,TPM,Median (gtex_v8),54,Brain_Spinal_cord_cervical_c-1,39.4447,https://gtexportal.org/home/gene/NPC1,GTEx median expression returned,Median gene expression measured across GTEx human tissues.
NPC1,ENSG00000141458,Liver,3.9991,TPM,Median (gtex_v8),54,Brain_Spinal_cord_cervical_c-1,39.4447,https://gtexportal.org/home/gene/NPC1,GTEx median expression returned,Median gene expression measured across GTEx human tissues.
NPC1,ENSG00000141458,Muscle_Skeletal,7.88011,TPM,Median (gtex_v8),54,Brain_Spinal_cord_cervical_c-1,39.4447,https://gtexportal.org/home/gene/NPC1,GTEx median expression returned,Median gene expression measured across GTEx human tissues.
NPC1,ENSG00000141458,Pancreas,3.1948,TPM,Median (gtex_v8),54,Brain_Spinal_cord_cervical_c-1,39.4447,https://gtexportal.org/home/gene/NPC1,GTEx median expression returned,Median gene expression measured across GTEx human tissues.
NPC1,ENSG00000141458,Small_Intestine_Terminal_Ileum,12.6929,TPM,Median (gtex_v8),54,Brain_Spinal_cord_cervical_c-1,39.4447,https://gtexportal.org/home/gene/NPC1,GTEx median expression returned,Median gene expression measured across GTEx human tissues.
NPC1,ENSG00000141458,Stomach,11.6824,TPM,Median (gtex_v8),54,Brain_Spinal_cord_cervical_c-1,39.4447,https://gtexportal.org/home/gene/NPC1,GTEx median expression returned,Median gene expression measured across GTEx human tissues.
NPC1,ENSG00000141458,Whole_Blood,4.20245,TPM,Median (gtex_v8),54,Brain_Spinal_cord_cervical_c-1,39.4447,https://gtexportal.org/home/gene/NPC1,GTEx median expression returned,Median gene expression measured across GTEx human tissues.
ADCY5,ENSG00000173175,Adipose_Subcutaneous,22.4217,TPM,Median (gtex_v8),54,Esophagus_Gastroesophageal_Junction,129.668,https://gtexportal.org/home/gene/ADCY5,GTEx median expression returned,Median gene expression measured across GTEx human tissues.
ADCY5,ENSG00000173175,Adipose_Visceral_Omentum,16.4461,TPM,Median (gtex_v8),54,Esophagus_Gastroesophageal_Junction,129.668,https://gtexportal.org/home/gene/ADCY5,GTEx median expression returned,Median gene expression measured across GTEx human tissues.
ADCY5,ENSG00000173175,Artery_Aorta,71.7199,TPM,Median (gtex_v8),54,Esophagus_Gastroesophageal_Junction,129.668,https://gtexportal.org/home/gene/ADCY5,GTEx median expression returned,Median gene expression measured across GTEx human tissues.
ADCY5,ENSG00000173175,Artery_Coronary,66.6304,TPM,Median (gtex_v8),54,Esophagus_Gastroesophageal_Junction,129.668,https://gtexportal.org/home/gene/ADCY5,GTEx median expression returned,Median gene expression measured across GTEx human tissues.
ADCY5,ENSG00000173175,Colon_Sigmoid,56.3437,TPM,Median (gtex_v8),54,Esophagus_Gastroesophageal_Junction,129.668,https://gtexportal.org/home/gene/ADCY5,GTEx median expression returned,Median gene expression measured across GTEx human tissues.
ADCY5,ENSG00000173175,Colon_Transverse,19.48,TPM,Median (gtex_v8),54,Esophagus_Gastroesophageal_Junction,129.668,https://gtexportal.org/home/gene/ADCY5,GTEx median expression returned,Median gene expression measured across GTEx human tissues.
ADCY5,ENSG00000173175,Heart_Atrial_Appendage,45.3951,TPM,Median (gtex_v8),54,Esophagus_Gastroesophageal_Junction,129.668,https://gtexportal.org/home/gene/ADCY5,GTEx median expression returned,Median gene expression measured across GTEx human tissues.
ADCY5,ENSG00000173175,Heart_Left_Ventricle,39.7901,TPM,Median (gtex_v8),54,Esophagus_Gastroesophageal_Junction,129.668,https://gtexportal.org/home/gene/ADCY5,GTEx median expression returned,Median gene expression measured across GTEx human tissues.
ADCY5,ENSG00000173175,Liver,1.87942,TPM,Median (gtex_v8),54,Esophagus_Gastroesophageal_Junction,129.668,https://gtexportal.org/home/gene/ADCY5,GTEx median expression returned,Median gene expression measured across GTEx human tissues.
ADCY5,ENSG00000173175,Muscle_Skeletal,1.70567,TPM,Median (gtex_v8),54,Esophagus_Gastroesophageal_Junction,129.668,https://gtexportal.org/home/gene/ADCY5,GTEx median expression returned,Median gene expression measured across GTEx human tissues.
ADCY5,ENSG00000173175,Pancreas,3.87675,TPM,Median (gtex_v8),54,Esophagus_Gastroesophageal_Junction,129.668,https://gtexportal.org/home/gene/ADCY5,GTEx median expression returned,Median gene expression measured across GTEx human tissues.
ADCY5,ENSG00000173175,Small_Intestine_Terminal_Ileum,9.7841,TPM,Median (gtex_v8),54,Esophagus_Gastroesophageal_Junction,129.668,https://gtexportal.org/home/gene/ADCY5,GTEx median expression returned,Median gene expression measured across GTEx human tissues.
ADCY5,ENSG00000173175,Stomach,8.14668,TPM,Median (gtex_v8),54,Esophagus_Gastroesophageal_Junction,129.668,https://gtexportal.org/home/gene/ADCY5,GTEx median expression returned,Median gene expression measured across GTEx human tissues.
ADCY5,ENSG00000173175,Whole_Blood,0.102416,TPM,Median (gtex_v8),54,Esophagus_Gastroesophageal_Junction,129.668,https://gtexportal.org/home/gene/ADCY5,GTEx median expression returned,Median gene expression measured across GTEx human tissues.
SPARC,ENSG00000113140,Adipose_Subcutaneous,1446.4,TPM,Median (gtex_v8),54,Artery_Aorta,2798.48,https://gtexportal.org/home/gene/SPARC,GTEx median expression returned,Median gene expression measured across GTEx human tissues.
SPARC,ENSG00000113140,Adipose_Visceral_Omentum,1016.18,TPM,Median (gtex_v8),54,Artery_Aorta,2798.48,https://gtexportal.org/home/gene/SPARC,GTEx median expression returned,Median gene expression measured across GTEx human tissues.
SPARC,ENSG00000113140,Artery_Aorta,2798.48,TPM,Median (gtex_v8),54,Artery_Aorta,2798.48,https://gtexportal.org/home/gene/SPARC,GTEx median expression returned,Median gene expression measured across GTEx human tissues.
SPARC,ENSG00000113140,Artery_Coronary,1738.13,TPM,Median (gtex_v8),54,Artery_Aorta,2798.48,https://gtexportal.org/home/gene/SPARC,GTEx median expression returned,Median gene expression measured across GTEx human tissues.
SPARC,ENSG00000113140,Colon_Sigmoid,557.923,TPM,Median (gtex_v8),54,Artery_Aorta,2798.48,https://gtexportal.org/home/gene/SPARC,GTEx median expression returned,Median gene expression measured across GTEx human tissues.
SPARC,ENSG00000113140,Colon_Transverse,254.45,TPM,Median (gtex_v8),54,Artery_Aorta,2798.48,https://gtexportal.org/home/gene/SPARC,GTEx median expression returned,Median gene expression measured across GTEx human tissues.
SPARC,ENSG00000113140,Heart_Atrial_Appendage,365.251,TPM,Median (gtex_v8),54,Artery_Aorta,2798.48,https://gtexportal.org/home/gene/SPARC,GTEx median expression returned,Median gene expression measured across GTEx human tissues.
SPARC,ENSG00000113140,Heart_Left_Ventricle,181.225,TPM,Median (gtex_v8),54,Artery_Aorta,2798.48,https://gtexportal.org/home/gene/SPARC,GTEx median expression returned,Median gene expression measured across GTEx human tissues.
SPARC,ENSG00000113140,Liver,57.5384,TPM,Median (gtex_v8),54,Artery_Aorta,2798.48,https://gtexportal.org/home/gene/SPARC,GTEx median expression returned,Median gene expression measured across GTEx human tissues.
SPARC,ENSG00000113140,Muscle_Skeletal,112.317,TPM,Median (gtex_v8),54,Artery_Aorta,2798.48,https://gtexportal.org/home/gene/SPARC,GTEx median expression returned,Median gene expression measured across GTEx human tissues.
SPARC,ENSG00000113140,Pancreas,45.2356,TPM,Median (gtex_v8),54,Artery_Aorta,2798.48,https://gtexportal.org/home/gene/SPARC,GTEx median expression returned,Median gene expression measured across GTEx human tissues.
SPARC,ENSG00000113140,Small_Intestine_Terminal_Ileum,203.064,TPM,Median (gtex_v8),54,Artery_Aorta,2798.48,https://gtexportal.org/home/gene/SPARC,GTEx median expression returned,Median gene expression measured across GTEx human tissues.
SPARC,ENSG00000113140,Stomach,134.25,TPM,Median (gtex_v8),54,Artery_Aorta,2798.48,https://gtexportal.org/home/gene/SPARC,GTEx median expression returned,Median gene expression measured across GTEx human tissues.
SPARC,ENSG00000113140,Whole_Blood,33.4514,TPM,Median (gtex_v8),54,Artery_Aorta,2798.48,https://gtexportal.org/home/gene/SPARC,GTEx median expression returned,Median gene expression measured across GTEx human tissues.
RPTOR,ENSG00000141564,Adipose_Subcutaneous,9.04332,TPM,Median (gtex_v8),54,Colon_Sigmoid,18.8553,https://gtexportal.org/home/gene/RPTOR,GTEx median expression returned,Median gene expression measured across GTEx human tissues.
RPTOR,ENSG00000141564,Adipose_Visceral_Omentum,7.664510000000001,TPM,Median (gtex_v8),54,Colon_Sigmoid,18.8553,https://gtexportal.org/home/gene/RPTOR,GTEx median expression returned,Median gene expression measured across GTEx human tissues.
RPTOR,ENSG00000141564,Artery_Aorta,11.3153,TPM,Median (gtex_v8),54,Colon_Sigmoid,18.8553,https://gtexportal.org/home/gene/RPTOR,GTEx median expression returned,Median gene expression measured across GTEx human tissues.
RPTOR,ENSG00000141564,Artery_Coronary,11.1363,TPM,Median (gtex_v8),54,Colon_Sigmoid,18.8553,https://gtexportal.org/home/gene/RPTOR,GTEx median expression returned,Median gene expression measured across GTEx human tissues.
RPTOR,ENSG00000141564,Colon_Sigmoid,18.8553,TPM,Median (gtex_v8),54,Colon_Sigmoid,18.8553,https://gtexportal.org/home/gene/RPTOR,GTEx median expression returned,Median gene expression measured across GTEx human tissues.
RPTOR,ENSG00000141564,Colon_Transverse,8.66465,TPM,Median (gtex_v8),54,Colon_Sigmoid,18.8553,https://gtexportal.org/home/gene/RPTOR,GTEx median expression returned,Median gene expression measured across GTEx human tissues.
RPTOR,ENSG00000141564,Heart_Atrial_Appendage,5.90345,TPM,Median (gtex_v8),54,Colon_Sigmoid,18.8553,https://gtexportal.org/home/gene/RPTOR,GTEx median expression returned,Median gene expression measured across GTEx human tissues.
RPTOR,ENSG00000141564,Heart_Left_Ventricle,4.95291,TPM,Median (gtex_v8),54,Colon_Sigmoid,18.8553,https://gtexportal.org/home/gene/RPTOR,GTEx median expression returned,Median gene expression measured across GTEx human tissues.
RPTOR,ENSG00000141564,Liver,3.82301,TPM,Median (gtex_v8),54,Colon_Sigmoid,18.8553,https://gtexportal.org/home/gene/RPTOR,GTEx median expression returned,Median gene expression measured across GTEx human tissues.
RPTOR,ENSG00000141564,Muscle_Skeletal,14.0589,TPM,Median (gtex_v8),54,Colon_Sigmoid,18.8553,https://gtexportal.org/home/gene/RPTOR,GTEx median expression returned,Median gene expression measured across GTEx human tissues.
RPTOR,ENSG00000141564,Pancreas,3.18202,TPM,Median (gtex_v8),54,Colon_Sigmoid,18.8553,https://gtexportal.org/home/gene/RPTOR,GTEx median expression returned,Median gene expression measured across GTEx human tissues.
RPTOR,ENSG00000141564,Small_Intestine_Terminal_Ileum,8.29303,TPM,Median (gtex_v8),54,Colon_Sigmoid,18.8553,https://gtexportal.org/home/gene/RPTOR,GTEx median expression returned,Median gene expression measured across GTEx human tissues.
RPTOR,ENSG00000141564,Stomach,6.951919999999999,TPM,Median (gtex_v8),54,Colon_Sigmoid,18.8553,https://gtexportal.org/home/gene/RPTOR,GTEx median expression returned,Median gene expression measured across GTEx human tissues.
RPTOR,ENSG00000141564,Whole_Blood,2.10543,TPM,Median (gtex_v8),54,Colon_Sigmoid,18.8553,https://gtexportal.org/home/gene/RPTOR,GTEx median expression returned,Median gene expression measured across GTEx human tissues.
KCTD15,ENSG00000153885,Adipose_Subcutaneous,12.8319,TPM,Median (gtex_v8),54,Uterus,50.8031,https://gtexportal.org/home/gene/KCTD15,GTEx median expression returned,Median gene expression measured across GTEx human tissues.
KCTD15,ENSG00000153885,Adipose_Visceral_Omentum,15.6128,TPM,Median (gtex_v8),54,Uterus,50.8031,https://gtexportal.org/home/gene/KCTD15,GTEx median expression returned,Median gene expression measured across GTEx human tissues.
KCTD15,ENSG00000153885,Artery_Aorta,22.2788,TPM,Median (gtex_v8),54,Uterus,50.8031,https://gtexportal.org/home/gene/KCTD15,GTEx median expression returned,Median gene expression measured across GTEx human tissues.
KCTD15,ENSG00000153885,Artery_Coronary,27.6743,TPM,Median (gtex_v8),54,Uterus,50.8031,https://gtexportal.org/home/gene/KCTD15,GTEx median expression returned,Median gene expression measured across GTEx human tissues.
KCTD15,ENSG00000153885,Colon_Sigmoid,38.9797,TPM,Median (gtex_v8),54,Uterus,50.8031,https://gtexportal.org/home/gene/KCTD15,GTEx median expression returned,Median gene expression measured across GTEx human tissues.
KCTD15,ENSG00000153885,Colon_Transverse,17.2442,TPM,Median (gtex_v8),54,Uterus,50.8031,https://gtexportal.org/home/gene/KCTD15,GTEx median expression returned,Median gene expression measured across GTEx human tissues.
KCTD15,ENSG00000153885,Heart_Atrial_Appendage,7.58386,TPM,Median (gtex_v8),54,Uterus,50.8031,https://gtexportal.org/home/gene/KCTD15,GTEx median expression returned,Median gene expression measured across GTEx human tissues.
KCTD15,ENSG00000153885,Heart_Left_Ventricle,4.79898,TPM,Median (gtex_v8),54,Uterus,50.8031,https://gtexportal.org/home/gene/KCTD15,GTEx median expression returned,Median gene expression measured across GTEx human tissues.
KCTD15,ENSG00000153885,Liver,4.283519999999999,TPM,Median (gtex_v8),54,Uterus,50.8031,https://gtexportal.org/home/gene/KCTD15,GTEx median expression returned,Median gene expression measured across GTEx human tissues.
KCTD15,ENSG00000153885,Muscle_Skeletal,1.97802,TPM,Median (gtex_v8),54,Uterus,50.8031,https://gtexportal.org/home/gene/KCTD15,GTEx median expression returned,Median gene expression measured across GTEx human tissues.
KCTD15,ENSG00000153885,Pancreas,11.1808,TPM,Median (gtex_v8),54,Uterus,50.8031,https://gtexportal.org/home/gene/KCTD15,GTEx median expression returned,Median gene expression measured across GTEx human tissues.
KCTD15,ENSG00000153885,Small_Intestine_Terminal_Ileum,10.1616,TPM,Median (gtex_v8),54,Uterus,50.8031,https://gtexportal.org/home/gene/KCTD15,GTEx median expression returned,Median gene expression measured across GTEx human tissues.
KCTD15,ENSG00000153885,Stomach,12.8239,TPM,Median (gtex_v8),54,Uterus,50.8031,https://gtexportal.org/home/gene/KCTD15,GTEx median expression returned,Median gene expression measured across GTEx human tissues.
KCTD15,ENSG00000153885,Whole_Blood,1.04741,TPM,Median (gtex_v8),54,Uterus,50.8031,https://gtexportal.org/home/gene/KCTD15,GTEx median expression returned,Median gene expression measured across GTEx human tissues.
DPP9,ENSG00000142002,Adipose_Subcutaneous,24.7767,TPM,Median (gtex_v8),54,Cells_Cultured_fibroblasts,40.582,https://gtexportal.org/home/gene/DPP9,GTEx median expression returned,Median gene expression measured across GTEx human tissues.
DPP9,ENSG00000142002,Adipose_Visceral_Omentum,21.5767,TPM,Median (gtex_v8),54,Cells_Cultured_fibroblasts,40.582,https://gtexportal.org/home/gene/DPP9,GTEx median expression returned,Median gene expression measured across GTEx human tissues.
DPP9,ENSG00000142002,Artery_Aorta,28.925,TPM,Median (gtex_v8),54,Cells_Cultured_fibroblasts,40.582,https://gtexportal.org/home/gene/DPP9,GTEx median expression returned,Median gene expression measured across GTEx human tissues.
DPP9,ENSG00000142002,Artery_Coronary,26.2721,TPM,Median (gtex_v8),54,Cells_Cultured_fibroblasts,40.582,https://gtexportal.org/home/gene/DPP9,GTEx median expression returned,Median gene expression measured across GTEx human tissues.
DPP9,ENSG00000142002,Colon_Sigmoid,27.1052,TPM,Median (gtex_v8),54,Cells_Cultured_fibroblasts,40.582,https://gtexportal.org/home/gene/DPP9,GTEx median expression returned,Median gene expression measured across GTEx human tissues.
DPP9,ENSG00000142002,Colon_Transverse,24.7787,TPM,Median (gtex_v8),54,Cells_Cultured_fibroblasts,40.582,https://gtexportal.org/home/gene/DPP9,GTEx median expression returned,Median gene expression measured across GTEx human tissues.
DPP9,ENSG00000142002,Heart_Atrial_Appendage,12.8481,TPM,Median (gtex_v8),54,Cells_Cultured_fibroblasts,40.582,https://gtexportal.org/home/gene/DPP9,GTEx median expression returned,Median gene expression measured across GTEx human tissues.
DPP9,ENSG00000142002,Heart_Left_Ventricle,13.8903,TPM,Median (gtex_v8),54,Cells_Cultured_fibroblasts,40.582,https://gtexportal.org/home/gene/DPP9,GTEx median expression returned,Median gene expression measured across GTEx human tissues.
DPP9,ENSG00000142002,Liver,25.7614,TPM,Median (gtex_v8),54,Cells_Cultured_fibroblasts,40.582,https://gtexportal.org/home/gene/DPP9,GTEx median expression returned,Median gene expression measured across GTEx human tissues.
DPP9,ENSG00000142002,Muscle_Skeletal,33.9693,TPM,Median (gtex_v8),54,Cells_Cultured_fibroblasts,40.582,https://gtexportal.org/home/gene/DPP9,GTEx median expression returned,Median gene expression measured across GTEx human tissues.
DPP9,ENSG00000142002,Pancreas,9.14776,TPM,Median (gtex_v8),54,Cells_Cultured_fibroblasts,40.582,https://gtexportal.org/home/gene/DPP9,GTEx median expression returned,Median gene expression measured across GTEx human tissues.
DPP9,ENSG00000142002,Small_Intestine_Terminal_Ileum,29.6149,TPM,Median (gtex_v8),54,Cells_Cultured_fibroblasts,40.582,https://gtexportal.org/home/gene/DPP9,GTEx median expression returned,Median gene expression measured across GTEx human tissues.
DPP9,ENSG00000142002,Stomach,18.9639,TPM,Median (gtex_v8),54,Cells_Cultured_fibroblasts,40.582,https://gtexportal.org/home/gene/DPP9,GTEx median expression returned,Median gene expression measured across GTEx human tissues.
DPP9,ENSG00000142002,Whole_Blood,13.2108,TPM,Median (gtex_v8),54,Cells_Cultured_fibroblasts,40.582,https://gtexportal.org/home/gene/DPP9,GTEx median expression returned,Median gene expression measured across GTEx human tissues.
GNPDA2,ENSG00000163281,Adipose_Subcutaneous,7.83432,TPM,Median (gtex_v8),54,Brain_Cerebellar_Hemisphere,16.7019,https://gtexportal.org/home/gene/GNPDA2,GTEx median expression returned,Median gene expression measured across GTEx human tissues.
GNPDA2,ENSG00000163281,Adipose_Visceral_Omentum,6.289630000000001,TPM,Median (gtex_v8),54,Brain_Cerebellar_Hemisphere,16.7019,https://gtexportal.org/home/gene/GNPDA2,GTEx median expression returned,Median gene expression measured across GTEx human tissues.
GNPDA2,ENSG00000163281,Artery_Aorta,9.01026,TPM,Median (gtex_v8),54,Brain_Cerebellar_Hemisphere,16.7019,https://gtexportal.org/home/gene/GNPDA2,GTEx median expression returned,Median gene expression measured across GTEx human tissues.
GNPDA2,ENSG00000163281,Artery_Coronary,9.20816,TPM,Median (gtex_v8),54,Brain_Cerebellar_Hemisphere,16.7019,https://gtexportal.org/home/gene/GNPDA2,GTEx median expression returned,Median gene expression measured across GTEx human tissues.
GNPDA2,ENSG00000163281,Colon_Sigmoid,8.720239999999999,TPM,Median (gtex_v8),54,Brain_Cerebellar_Hemisphere,16.7019,https://gtexportal.org/home/gene/GNPDA2,GTEx median expression returned,Median gene expression measured across GTEx human tissues.
GNPDA2,ENSG00000163281,Colon_Transverse,4.746519999999999,TPM,Median (gtex_v8),54,Brain_Cerebellar_Hemisphere,16.7019,https://gtexportal.org/home/gene/GNPDA2,GTEx median expression returned,Median gene expression measured across GTEx human tissues.
GNPDA2,ENSG00000163281,Heart_Atrial_Appendage,4.12861,TPM,Median (gtex_v8),54,Brain_Cerebellar_Hemisphere,16.7019,https://gtexportal.org/home/gene/GNPDA2,GTEx median expression returned,Median gene expression measured across GTEx human tissues.
GNPDA2,ENSG00000163281,Heart_Left_Ventricle,2.62417,TPM,Median (gtex_v8),54,Brain_Cerebellar_Hemisphere,16.7019,https://gtexportal.org/home/gene/GNPDA2,GTEx median expression returned,Median gene expression measured across GTEx human tissues.
GNPDA2,ENSG00000163281,Liver,0.947123,TPM,Median (gtex_v8),54,Brain_Cerebellar_Hemisphere,16.7019,https://gtexportal.org/home/gene/GNPDA2,GTEx median expression returned,Median gene expression measured across GTEx human tissues.
GNPDA2,ENSG00000163281,Muscle_Skeletal,3.29786,TPM,Median (gtex_v8),54,Brain_Cerebellar_Hemisphere,16.7019,https://gtexportal.org/home/gene/GNPDA2,GTEx median expression returned,Median gene expression measured across GTEx human tissues.
GNPDA2,ENSG00000163281,Pancreas,1.7551900000000002,TPM,Median (gtex_v8),54,Brain_Cerebellar_Hemisphere,16.7019,https://gtexportal.org/home/gene/GNPDA2,GTEx median expression returned,Median gene expression measured across GTEx human tissues.
GNPDA2,ENSG00000163281,Small_Intestine_Terminal_Ileum,5.55007,TPM,Median (gtex_v8),54,Brain_Cerebellar_Hemisphere,16.7019,https://gtexportal.org/home/gene/GNPDA2,GTEx median expression returned,Median gene expression measured across GTEx human tissues.
GNPDA2,ENSG00000163281,Stomach,4.1081,TPM,Median (gtex_v8),54,Brain_Cerebellar_Hemisphere,16.7019,https://gtexportal.org/home/gene/GNPDA2,GTEx median expression returned,Median gene expression measured across GTEx human tissues.
GNPDA2,ENSG00000163281,Whole_Blood,0.522649,TPM,Median (gtex_v8),54,Brain_Cerebellar_Hemisphere,16.7019,https://gtexportal.org/home/gene/GNPDA2,GTEx median expression returned,Median gene expression measured across GTEx human tissues.
ADCY9,ENSG00000162104,Adipose_Subcutaneous,12.588,TPM,Median (gtex_v8),54,Artery_Aorta,40.3336,https://gtexportal.org/home/gene/ADCY9,GTEx median expression returned,Median gene expression measured across GTEx human tissues.
ADCY9,ENSG00000162104,Adipose_Visceral_Omentum,9.03875,TPM,Median (gtex_v8),54,Artery_Aorta,40.3336,https://gtexportal.org/home/gene/ADCY9,GTEx median expression returned,Median gene expression measured across GTEx human tissues.
ADCY9,ENSG00000162104,Artery_Aorta,40.3336,TPM,Median (gtex_v8),54,Artery_Aorta,40.3336,https://gtexportal.org/home/gene/ADCY9,GTEx median expression returned,Median gene expression measured across GTEx human tissues.
ADCY9,ENSG00000162104,Artery_Coronary,26.3232,TPM,Median (gtex_v8),54,Artery_Aorta,40.3336,https://gtexportal.org/home/gene/ADCY9,GTEx median expression returned,Median gene expression measured across GTEx human tissues.
ADCY9,ENSG00000162104,Colon_Sigmoid,14.7742,TPM,Median (gtex_v8),54,Artery_Aorta,40.3336,https://gtexportal.org/home/gene/ADCY9,GTEx median expression returned,Median gene expression measured across GTEx human tissues.
ADCY9,ENSG00000162104,Colon_Transverse,11.8372,TPM,Median (gtex_v8),54,Artery_Aorta,40.3336,https://gtexportal.org/home/gene/ADCY9,GTEx median expression returned,Median gene expression measured across GTEx human tissues.
ADCY9,ENSG00000162104,Heart_Atrial_Appendage,9.05674,TPM,Median (gtex_v8),54,Artery_Aorta,40.3336,https://gtexportal.org/home/gene/ADCY9,GTEx median expression returned,Median gene expression measured across GTEx human tissues.
ADCY9,ENSG00000162104,Heart_Left_Ventricle,10.3801,TPM,Median (gtex_v8),54,Artery_Aorta,40.3336,https://gtexportal.org/home/gene/ADCY9,GTEx median expression returned,Median gene expression measured across GTEx human tissues.
ADCY9,ENSG00000162104,Liver,8.0295,TPM,Median (gtex_v8),54,Artery_Aorta,40.3336,https://gtexportal.org/home/gene/ADCY9,GTEx median expression returned,Median gene expression measured across GTEx human tissues.
ADCY9,ENSG00000162104,Muscle_Skeletal,31.1219,TPM,Median (gtex_v8),54,Artery_Aorta,40.3336,https://gtexportal.org/home/gene/ADCY9,GTEx median expression returned,Median gene expression measured across GTEx human tissues.
ADCY9,ENSG00000162104,Pancreas,8.287939999999999,TPM,Median (gtex_v8),54,Artery_Aorta,40.3336,https://gtexportal.org/home/gene/ADCY9,GTEx median expression returned,Median gene expression measured across GTEx human tissues.
ADCY9,ENSG00000162104,Small_Intestine_Terminal_Ileum,10.9159,TPM,Median (gtex_v8),54,Artery_Aorta,40.3336,https://gtexportal.org/home/gene/ADCY9,GTEx median expression returned,Median gene expression measured across GTEx human tissues.
ADCY9,ENSG00000162104,Stomach,5.4046,TPM,Median (gtex_v8),54,Artery_Aorta,40.3336,https://gtexportal.org/home/gene/ADCY9,GTEx median expression returned,Median gene expression measured across GTEx human tissues.
ADCY9,ENSG00000162104,Whole_Blood,1.0474,TPM,Median (gtex_v8),54,Artery_Aorta,40.3336,https://gtexportal.org/home/gene/ADCY9,GTEx median expression returned,Median gene expression measured across GTEx human tissues.
MAP2K5,ENSG00000137764,Adipose_Subcutaneous,13.7606,TPM,Median (gtex_v8),54,Testis,20.6921,https://gtexportal.org/home/gene/MAP2K5,GTEx median expression returned,Median gene expression measured across GTEx human tissues.
MAP2K5,ENSG00000137764,Adipose_Visceral_Omentum,9.87187,TPM,Median (gtex_v8),54,Testis,20.6921,https://gtexportal.org/home/gene/MAP2K5,GTEx median expression returned,Median gene expression measured across GTEx human tissues.
MAP2K5,ENSG00000137764,Artery_Aorta,12.0543,TPM,Median (gtex_v8),54,Testis,20.6921,https://gtexportal.org/home/gene/MAP2K5,GTEx median expression returned,Median gene expression measured across GTEx human tissues.
MAP2K5,ENSG00000137764,Artery_Coronary,11.6265,TPM,Median (gtex_v8),54,Testis,20.6921,https://gtexportal.org/home/gene/MAP2K5,GTEx median expression returned,Median gene expression measured across GTEx human tissues.
MAP2K5,ENSG00000137764,Colon_Sigmoid,15.0254,TPM,Median (gtex_v8),54,Testis,20.6921,https://gtexportal.org/home/gene/MAP2K5,GTEx median expression returned,Median gene expression measured across GTEx human tissues.
MAP2K5,ENSG00000137764,Colon_Transverse,9.69719,TPM,Median (gtex_v8),54,Testis,20.6921,https://gtexportal.org/home/gene/MAP2K5,GTEx median expression returned,Median gene expression measured across GTEx human tissues.
MAP2K5,ENSG00000137764,Heart_Atrial_Appendage,5.85893,TPM,Median (gtex_v8),54,Testis,20.6921,https://gtexportal.org/home/gene/MAP2K5,GTEx median expression returned,Median gene expression measured across GTEx human tissues.
MAP2K5,ENSG00000137764,Heart_Left_Ventricle,5.72449,TPM,Median (gtex_v8),54,Testis,20.6921,https://gtexportal.org/home/gene/MAP2K5,GTEx median expression returned,Median gene expression measured across GTEx human tissues.
MAP2K5,ENSG00000137764,Liver,4.10662,TPM,Median (gtex_v8),54,Testis,20.6921,https://gtexportal.org/home/gene/MAP2K5,GTEx median expression returned,Median gene expression measured across GTEx human tissues.
MAP2K5,ENSG00000137764,Muscle_Skeletal,9.15246,TPM,Median (gtex_v8),54,Testis,20.6921,https://gtexportal.org/home/gene/MAP2K5,GTEx median expression returned,Median gene expression measured across GTEx human tissues.
MAP2K5,ENSG00000137764,Pancreas,4.91162,TPM,Median (gtex_v8),54,Testis,20.6921,https://gtexportal.org/home/gene/MAP2K5,GTEx median expression returned,Median gene expression measured across GTEx human tissues.
MAP2K5,ENSG00000137764,Small_Intestine_Terminal_Ileum,9.07197,TPM,Median (gtex_v8),54,Testis,20.6921,https://gtexportal.org/home/gene/MAP2K5,GTEx median expression returned,Median gene expression measured across GTEx human tissues.
MAP2K5,ENSG00000137764,Stomach,7.98123,TPM,Median (gtex_v8),54,Testis,20.6921,https://gtexportal.org/home/gene/MAP2K5,GTEx median expression returned,Median gene expression measured across GTEx human tissues.
MAP2K5,ENSG00000137764,Whole_Blood,3.30076,TPM,Median (gtex_v8),54,Testis,20.6921,https://gtexportal.org/home/gene/MAP2K5,GTEx median expression returned,Median gene expression measured across GTEx human tissues.
FGF19,ENSG00000162344,Small_Intestine_Terminal_Ileum,0.195548,TPM,Median (gtex_v8),54,Testis,0.456456,https://gtexportal.org/home/gene/FGF19,GTEx median expression returned,Median gene expression measured across GTEx human tissues.
CCND2,ENSG00000118971,Adipose_Subcutaneous,20.8423,TPM,Median (gtex_v8),54,Cells_EBV-transformed_lymphocytes,134.512,https://gtexportal.org/home/gene/CCND2,GTEx median expression returned,Median gene expression measured across GTEx human tissues.
CCND2,ENSG00000118971,Adipose_Visceral_Omentum,34.6072,TPM,Median (gtex_v8),54,Cells_EBV-transformed_lymphocytes,134.512,https://gtexportal.org/home/gene/CCND2,GTEx median expression returned,Median gene expression measured across GTEx human tissues.
CCND2,ENSG00000118971,Artery_Aorta,62.7961,TPM,Median (gtex_v8),54,Cells_EBV-transformed_lymphocytes,134.512,https://gtexportal.org/home/gene/CCND2,GTEx median expression returned,Median gene expression measured across GTEx human tissues.
CCND2,ENSG00000118971,Artery_Coronary,44.2296,TPM,Median (gtex_v8),54,Cells_EBV-transformed_lymphocytes,134.512,https://gtexportal.org/home/gene/CCND2,GTEx median expression returned,Median gene expression measured across GTEx human tissues.
CCND2,ENSG00000118971,Colon_Sigmoid,76.2839,TPM,Median (gtex_v8),54,Cells_EBV-transformed_lymphocytes,134.512,https://gtexportal.org/home/gene/CCND2,GTEx median expression returned,Median gene expression measured across GTEx human tissues.
CCND2,ENSG00000118971,Colon_Transverse,48.5348,TPM,Median (gtex_v8),54,Cells_EBV-transformed_lymphocytes,134.512,https://gtexportal.org/home/gene/CCND2,GTEx median expression returned,Median gene expression measured across GTEx human tissues.
CCND2,ENSG00000118971,Heart_Atrial_Appendage,38.9952,TPM,Median (gtex_v8),54,Cells_EBV-transformed_lymphocytes,134.512,https://gtexportal.org/home/gene/CCND2,GTEx median expression returned,Median gene expression measured across GTEx human tissues.
CCND2,ENSG00000118971,Heart_Left_Ventricle,34.9939,TPM,Median (gtex_v8),54,Cells_EBV-transformed_lymphocytes,134.512,https://gtexportal.org/home/gene/CCND2,GTEx median expression returned,Median gene expression measured across GTEx human tissues.
CCND2,ENSG00000118971,Liver,1.23616,TPM,Median (gtex_v8),54,Cells_EBV-transformed_lymphocytes,134.512,https://gtexportal.org/home/gene/CCND2,GTEx median expression returned,Median gene expression measured across GTEx human tissues.
CCND2,ENSG00000118971,Muscle_Skeletal,1.24351,TPM,Median (gtex_v8),54,Cells_EBV-transformed_lymphocytes,134.512,https://gtexportal.org/home/gene/CCND2,GTEx median expression returned,Median gene expression measured across GTEx human tissues.
CCND2,ENSG00000118971,Pancreas,16.0411,TPM,Median (gtex_v8),54,Cells_EBV-transformed_lymphocytes,134.512,https://gtexportal.org/home/gene/CCND2,GTEx median expression returned,Median gene expression measured across GTEx human tissues.
CCND2,ENSG00000118971,Small_Intestine_Terminal_Ileum,43.1025,TPM,Median (gtex_v8),54,Cells_EBV-transformed_lymphocytes,134.512,https://gtexportal.org/home/gene/CCND2,GTEx median expression returned,Median gene expression measured across GTEx human tissues.
CCND2,ENSG00000118971,Stomach,9.2421,TPM,Median (gtex_v8),54,Cells_EBV-transformed_lymphocytes,134.512,https://gtexportal.org/home/gene/CCND2,GTEx median expression returned,Median gene expression measured across GTEx human tissues.
CCND2,ENSG00000118971,Whole_Blood,8.299660000000001,TPM,Median (gtex_v8),54,Cells_EBV-transformed_lymphocytes,134.512,https://gtexportal.org/home/gene/CCND2,GTEx median expression returned,Median gene expression measured across GTEx human tissues.
LINGO2,ENSG00000174482,Adipose_Subcutaneous,0.070133,TPM,Median (gtex_v10),54,Uterus,15.6044,https://gtexportal.org/home/gene/LINGO2,GTEx median expression returned,Median gene expression measured across GTEx human tissues.
LINGO2,ENSG00000174482,Adipose_Visceral_Omentum,0.027759,TPM,Median (gtex_v10),54,Uterus,15.6044,https://gtexportal.org/home/gene/LINGO2,GTEx median expression returned,Median gene expression measured across GTEx human tissues.
LINGO2,ENSG00000174482,Artery_Coronary,0.0126705,TPM,Median (gtex_v10),54,Uterus,15.6044,https://gtexportal.org/home/gene/LINGO2,GTEx median expression returned,Median gene expression measured across GTEx human tissues.
LINGO2,ENSG00000174482,Colon_Sigmoid,0.248225,TPM,Median (gtex_v10),54,Uterus,15.6044,https://gtexportal.org/home/gene/LINGO2,GTEx median expression returned,Median gene expression measured across GTEx human tissues.
LINGO2,ENSG00000174482,Colon_Transverse,0.093795,TPM,Median (gtex_v10),54,Uterus,15.6044,https://gtexportal.org/home/gene/LINGO2,GTEx median expression returned,Median gene expression measured across GTEx human tissues.
LINGO2,ENSG00000174482,Heart_Left_Ventricle,0.010318,TPM,Median (gtex_v10),54,Uterus,15.6044,https://gtexportal.org/home/gene/LINGO2,GTEx median expression returned,Median gene expression measured across GTEx human tissues.
LINGO2,ENSG00000174482,Liver,0.0154985,TPM,Median (gtex_v10),54,Uterus,15.6044,https://gtexportal.org/home/gene/LINGO2,GTEx median expression returned,Median gene expression measured across GTEx human tissues.
LINGO2,ENSG00000174482,Pancreas,0.0861835,TPM,Median (gtex_v10),54,Uterus,15.6044,https://gtexportal.org/home/gene/LINGO2,GTEx median expression returned,Median gene expression measured across GTEx human tissues.
LINGO2,ENSG00000174482,Small_Intestine_Terminal_Ileum,0.041645,TPM,Median (gtex_v10),54,Uterus,15.6044,https://gtexportal.org/home/gene/LINGO2,GTEx median expression returned,Median gene expression measured across GTEx human tissues.
LINGO2,ENSG00000174482,Stomach,0.658014,TPM,Median (gtex_v10),54,Uterus,15.6044,https://gtexportal.org/home/gene/LINGO2,GTEx median expression returned,Median gene expression measured across GTEx human tissues.
LINGO2,ENSG00000174482,Whole_Blood,0.121556,TPM,Median (gtex_v10),54,Uterus,15.6044,https://gtexportal.org/home/gene/LINGO2,GTEx median expression returned,Median gene expression measured across GTEx human tissues.
ANO4,ENSG00000151572,Adipose_Subcutaneous,0.469059,TPM,Median (gtex_v8),54,Brain_Hippocampus,6.61333,https://gtexportal.org/home/gene/ANO4,GTEx median expression returned,Median gene expression measured across GTEx human tissues.
ANO4,ENSG00000151572,Adipose_Visceral_Omentum,0.4932979999999999,TPM,Median (gtex_v8),54,Brain_Hippocampus,6.61333,https://gtexportal.org/home/gene/ANO4,GTEx median expression returned,Median gene expression measured across GTEx human tissues.
ANO4,ENSG00000151572,Artery_Aorta,0.0625831,TPM,Median (gtex_v8),54,Brain_Hippocampus,6.61333,https://gtexportal.org/home/gene/ANO4,GTEx median expression returned,Median gene expression measured across GTEx human tissues.
ANO4,ENSG00000151572,Artery_Coronary,0.12117,TPM,Median (gtex_v8),54,Brain_Hippocampus,6.61333,https://gtexportal.org/home/gene/ANO4,GTEx median expression returned,Median gene expression measured across GTEx human tissues.
ANO4,ENSG00000151572,Colon_Sigmoid,0.261531,TPM,Median (gtex_v8),54,Brain_Hippocampus,6.61333,https://gtexportal.org/home/gene/ANO4,GTEx median expression returned,Median gene expression measured across GTEx human tissues.
ANO4,ENSG00000151572,Colon_Transverse,0.135257,TPM,Median (gtex_v8),54,Brain_Hippocampus,6.61333,https://gtexportal.org/home/gene/ANO4,GTEx median expression returned,Median gene expression measured across GTEx human tissues.
ANO4,ENSG00000151572,Heart_Atrial_Appendage,0.1241839999999999,TPM,Median (gtex_v8),54,Brain_Hippocampus,6.61333,https://gtexportal.org/home/gene/ANO4,GTEx median expression returned,Median gene expression measured across GTEx human tissues.
ANO4,ENSG00000151572,Heart_Left_Ventricle,0.0279442,TPM,Median (gtex_v8),54,Brain_Hippocampus,6.61333,https://gtexportal.org/home/gene/ANO4,GTEx median expression returned,Median gene expression measured across GTEx human tissues.
ANO4,ENSG00000151572,Liver,0.0103361,TPM,Median (gtex_v8),54,Brain_Hippocampus,6.61333,https://gtexportal.org/home/gene/ANO4,GTEx median expression returned,Median gene expression measured across GTEx human tissues.
ANO4,ENSG00000151572,Muscle_Skeletal,0.0405482,TPM,Median (gtex_v8),54,Brain_Hippocampus,6.61333,https://gtexportal.org/home/gene/ANO4,GTEx median expression returned,Median gene expression measured across GTEx human tissues.
ANO4,ENSG00000151572,Pancreas,0.179231,TPM,Median (gtex_v8),54,Brain_Hippocampus,6.61333,https://gtexportal.org/home/gene/ANO4,GTEx median expression returned,Median gene expression measured across GTEx human tissues.
ANO4,ENSG00000151572,Small_Intestine_Terminal_Ileum,0.0773216,TPM,Median (gtex_v8),54,Brain_Hippocampus,6.61333,https://gtexportal.org/home/gene/ANO4,GTEx median expression returned,Median gene expression measured across GTEx human tissues.
ANO4,ENSG00000151572,Stomach,0.0391131,TPM,Median (gtex_v8),54,Brain_Hippocampus,6.61333,https://gtexportal.org/home/gene/ANO4,GTEx median expression returned,Median gene expression measured across GTEx human tissues.
UBR2,ENSG00000024048,Adipose_Subcutaneous,21.1266,TPM,Median (gtex_v8),54,Nerve_Tibial,27.3201,https://gtexportal.org/home/gene/UBR2,GTEx median expression returned,Median gene expression measured across GTEx human tissues.
UBR2,ENSG00000024048,Adipose_Visceral_Omentum,16.5372,TPM,Median (gtex_v8),54,Nerve_Tibial,27.3201,https://gtexportal.org/home/gene/UBR2,GTEx median expression returned,Median gene expression measured across GTEx human tissues.
UBR2,ENSG00000024048,Artery_Aorta,20.4157,TPM,Median (gtex_v8),54,Nerve_Tibial,27.3201,https://gtexportal.org/home/gene/UBR2,GTEx median expression returned,Median gene expression measured across GTEx human tissues.
UBR2,ENSG00000024048,Artery_Coronary,20.106,TPM,Median (gtex_v8),54,Nerve_Tibial,27.3201,https://gtexportal.org/home/gene/UBR2,GTEx median expression returned,Median gene expression measured across GTEx human tissues.
UBR2,ENSG00000024048,Colon_Sigmoid,22.0395,TPM,Median (gtex_v8),54,Nerve_Tibial,27.3201,https://gtexportal.org/home/gene/UBR2,GTEx median expression returned,Median gene expression measured across GTEx human tissues.
UBR2,ENSG00000024048,Colon_Transverse,18.3874,TPM,Median (gtex_v8),54,Nerve_Tibial,27.3201,https://gtexportal.org/home/gene/UBR2,GTEx median expression returned,Median gene expression measured across GTEx human tissues.
UBR2,ENSG00000024048,Heart_Atrial_Appendage,9.29201,TPM,Median (gtex_v8),54,Nerve_Tibial,27.3201,https://gtexportal.org/home/gene/UBR2,GTEx median expression returned,Median gene expression measured across GTEx human tissues.
UBR2,ENSG00000024048,Heart_Left_Ventricle,7.637189999999999,TPM,Median (gtex_v8),54,Nerve_Tibial,27.3201,https://gtexportal.org/home/gene/UBR2,GTEx median expression returned,Median gene expression measured across GTEx human tissues.
UBR2,ENSG00000024048,Liver,8.38931,TPM,Median (gtex_v8),54,Nerve_Tibial,27.3201,https://gtexportal.org/home/gene/UBR2,GTEx median expression returned,Median gene expression measured across GTEx human tissues.
UBR2,ENSG00000024048,Muscle_Skeletal,16.5723,TPM,Median (gtex_v8),54,Nerve_Tibial,27.3201,https://gtexportal.org/home/gene/UBR2,GTEx median expression returned,Median gene expression measured across GTEx human tissues.
UBR2,ENSG00000024048,Pancreas,9.99336,TPM,Median (gtex_v8),54,Nerve_Tibial,27.3201,https://gtexportal.org/home/gene/UBR2,GTEx median expression returned,Median gene expression measured across GTEx human tissues.
UBR2,ENSG00000024048,Small_Intestine_Terminal_Ileum,21.2098,TPM,Median (gtex_v8),54,Nerve_Tibial,27.3201,https://gtexportal.org/home/gene/UBR2,GTEx median expression returned,Median gene expression measured across GTEx human tissues.
UBR2,ENSG00000024048,Stomach,14.7334,TPM,Median (gtex_v8),54,Nerve_Tibial,27.3201,https://gtexportal.org/home/gene/UBR2,GTEx median expression returned,Median gene expression measured across GTEx human tissues.
UBR2,ENSG00000024048,Whole_Blood,19.6465,TPM,Median (gtex_v8),54,Nerve_Tibial,27.3201,https://gtexportal.org/home/gene/UBR2,GTEx median expression returned,Median gene expression measured across GTEx human tissues.
ROBO1,ENSG00000169855,Adipose_Subcutaneous,11.1656,TPM,Median (gtex_v8),54,Cells_Cultured_fibroblasts,25.009,https://gtexportal.org/home/gene/ROBO1,GTEx median expression returned,Median gene expression measured across GTEx human tissues.
ROBO1,ENSG00000169855,Adipose_Visceral_Omentum,8.31301,TPM,Median (gtex_v8),54,Cells_Cultured_fibroblasts,25.009,https://gtexportal.org/home/gene/ROBO1,GTEx median expression returned,Median gene expression measured across GTEx human tissues.
ROBO1,ENSG00000169855,Artery_Aorta,12.0798,TPM,Median (gtex_v8),54,Cells_Cultured_fibroblasts,25.009,https://gtexportal.org/home/gene/ROBO1,GTEx median expression returned,Median gene expression measured across GTEx human tissues.
ROBO1,ENSG00000169855,Artery_Coronary,13.0913,TPM,Median (gtex_v8),54,Cells_Cultured_fibroblasts,25.009,https://gtexportal.org/home/gene/ROBO1,GTEx median expression returned,Median gene expression measured across GTEx human tissues.
ROBO1,ENSG00000169855,Colon_Sigmoid,13.6328,TPM,Median (gtex_v8),54,Cells_Cultured_fibroblasts,25.009,https://gtexportal.org/home/gene/ROBO1,GTEx median expression returned,Median gene expression measured across GTEx human tissues.
ROBO1,ENSG00000169855,Colon_Transverse,5.5716,TPM,Median (gtex_v8),54,Cells_Cultured_fibroblasts,25.009,https://gtexportal.org/home/gene/ROBO1,GTEx median expression returned,Median gene expression measured across GTEx human tissues.
ROBO1,ENSG00000169855,Heart_Atrial_Appendage,5.63071,TPM,Median (gtex_v8),54,Cells_Cultured_fibroblasts,25.009,https://gtexportal.org/home/gene/ROBO1,GTEx median expression returned,Median gene expression measured across GTEx human tissues.
ROBO1,ENSG00000169855,Heart_Left_Ventricle,1.45251,TPM,Median (gtex_v8),54,Cells_Cultured_fibroblasts,25.009,https://gtexportal.org/home/gene/ROBO1,GTEx median expression returned,Median gene expression measured across GTEx human tissues.
ROBO1,ENSG00000169855,Liver,0.827191,TPM,Median (gtex_v8),54,Cells_Cultured_fibroblasts,25.009,https://gtexportal.org/home/gene/ROBO1,GTEx median expression returned,Median gene expression measured across GTEx human tissues.
ROBO1,ENSG00000169855,Muscle_Skeletal,1.96907,TPM,Median (gtex_v8),54,Cells_Cultured_fibroblasts,25.009,https://gtexportal.org/home/gene/ROBO1,GTEx median expression returned,Median gene expression measured across GTEx human tissues.
ROBO1,ENSG00000169855,Pancreas,0.694203,TPM,Median (gtex_v8),54,Cells_Cultured_fibroblasts,25.009,https://gtexportal.org/home/gene/ROBO1,GTEx median expression returned,Median gene expression measured across GTEx human tissues.
ROBO1,ENSG00000169855,Small_Intestine_Terminal_Ileum,6.84477,TPM,Median (gtex_v8),54,Cells_Cultured_fibroblasts,25.009,https://gtexportal.org/home/gene/ROBO1,GTEx median expression returned,Median gene expression measured across GTEx human tissues.
ROBO1,ENSG00000169855,Stomach,2.66278,TPM,Median (gtex_v8),54,Cells_Cultured_fibroblasts,25.009,https://gtexportal.org/home/gene/ROBO1,GTEx median expression returned,Median gene expression measured across GTEx human tissues.
ROBO1,ENSG00000169855,Whole_Blood,0.0348333,TPM,Median (gtex_v8),54,Cells_Cultured_fibroblasts,25.009,https://gtexportal.org/home/gene/ROBO1,GTEx median expression returned,Median gene expression measured across GTEx human tissues.
ANKRD27,ENSG00000105186,Adipose_Subcutaneous,12.677,TPM,Median (gtex_v8),54,Cells_EBV-transformed_lymphocytes,26.0848,https://gtexportal.org/home/gene/ANKRD27,GTEx median expression returned,Median gene expression measured across GTEx human tissues.
ANKRD27,ENSG00000105186,Adipose_Visceral_Omentum,11.2578,TPM,Median (gtex_v8),54,Cells_EBV-transformed_lymphocytes,26.0848,https://gtexportal.org/home/gene/ANKRD27,GTEx median expression returned,Median gene expression measured across GTEx human tissues.
ANKRD27,ENSG00000105186,Artery_Aorta,15.5353,TPM,Median (gtex_v8),54,Cells_EBV-transformed_lymphocytes,26.0848,https://gtexportal.org/home/gene/ANKRD27,GTEx median expression returned,Median gene expression measured across GTEx human tissues.
ANKRD27,ENSG00000105186,Artery_Coronary,14.8189,TPM,Median (gtex_v8),54,Cells_EBV-transformed_lymphocytes,26.0848,https://gtexportal.org/home/gene/ANKRD27,GTEx median expression returned,Median gene expression measured across GTEx human tissues.
ANKRD27,ENSG00000105186,Colon_Sigmoid,23.5679,TPM,Median (gtex_v8),54,Cells_EBV-transformed_lymphocytes,26.0848,https://gtexportal.org/home/gene/ANKRD27,GTEx median expression returned,Median gene expression measured across GTEx human tissues.
ANKRD27,ENSG00000105186,Colon_Transverse,14.3324,TPM,Median (gtex_v8),54,Cells_EBV-transformed_lymphocytes,26.0848,https://gtexportal.org/home/gene/ANKRD27,GTEx median expression returned,Median gene expression measured across GTEx human tissues.
ANKRD27,ENSG00000105186,Heart_Atrial_Appendage,5.39346,TPM,Median (gtex_v8),54,Cells_EBV-transformed_lymphocytes,26.0848,https://gtexportal.org/home/gene/ANKRD27,GTEx median expression returned,Median gene expression measured across GTEx human tissues.
ANKRD27,ENSG00000105186,Heart_Left_Ventricle,4.1976,TPM,Median (gtex_v8),54,Cells_EBV-transformed_lymphocytes,26.0848,https://gtexportal.org/home/gene/ANKRD27,GTEx median expression returned,Median gene expression measured across GTEx human tissues.
ANKRD27,ENSG00000105186,Liver,2.26925,TPM,Median (gtex_v8),54,Cells_EBV-transformed_lymphocytes,26.0848,https://gtexportal.org/home/gene/ANKRD27,GTEx median expression returned,Median gene expression measured across GTEx human tissues.
ANKRD27,ENSG00000105186,Muscle_Skeletal,10.6841,TPM,Median (gtex_v8),54,Cells_EBV-transformed_lymphocytes,26.0848,https://gtexportal.org/home/gene/ANKRD27,GTEx median expression returned,Median gene expression measured across GTEx human tissues.
ANKRD27,ENSG00000105186,Pancreas,3.42812,TPM,Median (gtex_v8),54,Cells_EBV-transformed_lymphocytes,26.0848,https://gtexportal.org/home/gene/ANKRD27,GTEx median expression returned,Median gene expression measured across GTEx human tissues.
ANKRD27,ENSG00000105186,Small_Intestine_Terminal_Ileum,12.5166,TPM,Median (gtex_v8),54,Cells_EBV-transformed_lymphocytes,26.0848,https://gtexportal.org/home/gene/ANKRD27,GTEx median expression returned,Median gene expression measured across GTEx human tissues.
ANKRD27,ENSG00000105186,Stomach,9.80389,TPM,Median (gtex_v8),54,Cells_EBV-transformed_lymphocytes,26.0848,https://gtexportal.org/home/gene/ANKRD27,GTEx median expression returned,Median gene expression measured across GTEx human tissues.
ANKRD27,ENSG00000105186,Whole_Blood,5.2178,TPM,Median (gtex_v8),54,Cells_EBV-transformed_lymphocytes,26.0848,https://gtexportal.org/home/gene/ANKRD27,GTEx median expression returned,Median gene expression measured across GTEx human tissues.
BLTP1,ENSG00000138688,Adipose_Subcutaneous,20.3337,TPM,Median (gtex_v8),54,Pituitary,33.5492,https://gtexportal.org/home/gene/BLTP1,GTEx median expression returned,Median gene expression measured across GTEx human tissues.
BLTP1,ENSG00000138688,Adipose_Visceral_Omentum,16.6904,TPM,Median (gtex_v8),54,Pituitary,33.5492,https://gtexportal.org/home/gene/BLTP1,GTEx median expression returned,Median gene expression measured across GTEx human tissues.
BLTP1,ENSG00000138688,Artery_Aorta,22.6275,TPM,Median (gtex_v8),54,Pituitary,33.5492,https://gtexportal.org/home/gene/BLTP1,GTEx median expression returned,Median gene expression measured across GTEx human tissues.
BLTP1,ENSG00000138688,Artery_Coronary,21.6555,TPM,Median (gtex_v8),54,Pituitary,33.5492,https://gtexportal.org/home/gene/BLTP1,GTEx median expression returned,Median gene expression measured across GTEx human tissues.
BLTP1,ENSG00000138688,Colon_Sigmoid,20.3559,TPM,Median (gtex_v8),54,Pituitary,33.5492,https://gtexportal.org/home/gene/BLTP1,GTEx median expression returned,Median gene expression measured across GTEx human tissues.
BLTP1,ENSG00000138688,Colon_Transverse,14.6427,TPM,Median (gtex_v8),54,Pituitary,33.5492,https://gtexportal.org/home/gene/BLTP1,GTEx median expression returned,Median gene expression measured across GTEx human tissues.
BLTP1,ENSG00000138688,Heart_Atrial_Appendage,7.82625,TPM,Median (gtex_v8),54,Pituitary,33.5492,https://gtexportal.org/home/gene/BLTP1,GTEx median expression returned,Median gene expression measured across GTEx human tissues.
BLTP1,ENSG00000138688,Heart_Left_Ventricle,4.45285,TPM,Median (gtex_v8),54,Pituitary,33.5492,https://gtexportal.org/home/gene/BLTP1,GTEx median expression returned,Median gene expression measured across GTEx human tissues.
BLTP1,ENSG00000138688,Liver,4.19535,TPM,Median (gtex_v8),54,Pituitary,33.5492,https://gtexportal.org/home/gene/BLTP1,GTEx median expression returned,Median gene expression measured across GTEx human tissues.
BLTP1,ENSG00000138688,Muscle_Skeletal,8.59055,TPM,Median (gtex_v8),54,Pituitary,33.5492,https://gtexportal.org/home/gene/BLTP1,GTEx median expression returned,Median gene expression measured across GTEx human tissues.
BLTP1,ENSG00000138688,Pancreas,6.12188,TPM,Median (gtex_v8),54,Pituitary,33.5492,https://gtexportal.org/home/gene/BLTP1,GTEx median expression returned,Median gene expression measured across GTEx human tissues.
BLTP1,ENSG00000138688,Small_Intestine_Terminal_Ileum,17.3666,TPM,Median (gtex_v8),54,Pituitary,33.5492,https://gtexportal.org/home/gene/BLTP1,GTEx median expression returned,Median gene expression measured across GTEx human tissues.
BLTP1,ENSG00000138688,Stomach,10.397,TPM,Median (gtex_v8),54,Pituitary,33.5492,https://gtexportal.org/home/gene/BLTP1,GTEx median expression returned,Median gene expression measured across GTEx human tissues.
BLTP1,ENSG00000138688,Whole_Blood,3.22929,TPM,Median (gtex_v8),54,Pituitary,33.5492,https://gtexportal.org/home/gene/BLTP1,GTEx median expression returned,Median gene expression measured across GTEx human tissues.
CRTC1,ENSG00000105662,Adipose_Subcutaneous,11.4521,TPM,Median (gtex_v8),54,Brain_Cerebellum,150.292,https://gtexportal.org/home/gene/CRTC1,GTEx median expression returned,Median gene expression measured across GTEx human tissues.
CRTC1,ENSG00000105662,Adipose_Visceral_Omentum,8.281369999999999,TPM,Median (gtex_v8),54,Brain_Cerebellum,150.292,https://gtexportal.org/home/gene/CRTC1,GTEx median expression returned,Median gene expression measured across GTEx human tissues.
CRTC1,ENSG00000105662,Artery_Aorta,9.59928,TPM,Median (gtex_v8),54,Brain_Cerebellum,150.292,https://gtexportal.org/home/gene/CRTC1,GTEx median expression returned,Median gene expression measured across GTEx human tissues.
CRTC1,ENSG00000105662,Artery_Coronary,11.3227,TPM,Median (gtex_v8),54,Brain_Cerebellum,150.292,https://gtexportal.org/home/gene/CRTC1,GTEx median expression returned,Median gene expression measured across GTEx human tissues.
CRTC1,ENSG00000105662,Colon_Sigmoid,12.897,TPM,Median (gtex_v8),54,Brain_Cerebellum,150.292,https://gtexportal.org/home/gene/CRTC1,GTEx median expression returned,Median gene expression measured across GTEx human tissues.
CRTC1,ENSG00000105662,Colon_Transverse,8.64343,TPM,Median (gtex_v8),54,Brain_Cerebellum,150.292,https://gtexportal.org/home/gene/CRTC1,GTEx median expression returned,Median gene expression measured across GTEx human tissues.
CRTC1,ENSG00000105662,Heart_Atrial_Appendage,5.24691,TPM,Median (gtex_v8),54,Brain_Cerebellum,150.292,https://gtexportal.org/home/gene/CRTC1,GTEx median expression returned,Median gene expression measured across GTEx human tissues.
CRTC1,ENSG00000105662,Heart_Left_Ventricle,2.97665,TPM,Median (gtex_v8),54,Brain_Cerebellum,150.292,https://gtexportal.org/home/gene/CRTC1,GTEx median expression returned,Median gene expression measured across GTEx human tissues.
CRTC1,ENSG00000105662,Liver,3.69256,TPM,Median (gtex_v8),54,Brain_Cerebellum,150.292,https://gtexportal.org/home/gene/CRTC1,GTEx median expression returned,Median gene expression measured across GTEx human tissues.
CRTC1,ENSG00000105662,Muscle_Skeletal,6.81475,TPM,Median (gtex_v8),54,Brain_Cerebellum,150.292,https://gtexportal.org/home/gene/CRTC1,GTEx median expression returned,Median gene expression measured across GTEx human tissues.
CRTC1,ENSG00000105662,Pancreas,4.343,TPM,Median (gtex_v8),54,Brain_Cerebellum,150.292,https://gtexportal.org/home/gene/CRTC1,GTEx median expression returned,Median gene expression measured across GTEx human tissues.
CRTC1,ENSG00000105662,Small_Intestine_Terminal_Ileum,10.4086,TPM,Median (gtex_v8),54,Brain_Cerebellum,150.292,https://gtexportal.org/home/gene/CRTC1,GTEx median expression returned,Median gene expression measured across GTEx human tissues.
CRTC1,ENSG00000105662,Stomach,9.47572,TPM,Median (gtex_v8),54,Brain_Cerebellum,150.292,https://gtexportal.org/home/gene/CRTC1,GTEx median expression returned,Median gene expression measured across GTEx human tissues.
CRTC1,ENSG00000105662,Whole_Blood,3.4755,TPM,Median (gtex_v8),54,Brain_Cerebellum,150.292,https://gtexportal.org/home/gene/CRTC1,GTEx median expression returned,Median gene expression measured across GTEx human tissues.
MCM6,ENSG00000076003,Adipose_Subcutaneous,20.6169,TPM,Median (gtex_v8),54,Cells_EBV-transformed_lymphocytes,87.9678,https://gtexportal.org/home/gene/MCM6,GTEx median expression returned,Median gene expression measured across GTEx human tissues.
MCM6,ENSG00000076003,Adipose_Visceral_Omentum,14.9911,TPM,Median (gtex_v8),54,Cells_EBV-transformed_lymphocytes,87.9678,https://gtexportal.org/home/gene/MCM6,GTEx median expression returned,Median gene expression measured across GTEx human tissues.
MCM6,ENSG00000076003,Artery_Aorta,22.4698,TPM,Median (gtex_v8),54,Cells_EBV-transformed_lymphocytes,87.9678,https://gtexportal.org/home/gene/MCM6,GTEx median expression returned,Median gene expression measured across GTEx human tissues.
MCM6,ENSG00000076003,Artery_Coronary,17.9148,TPM,Median (gtex_v8),54,Cells_EBV-transformed_lymphocytes,87.9678,https://gtexportal.org/home/gene/MCM6,GTEx median expression returned,Median gene expression measured across GTEx human tissues.
MCM6,ENSG00000076003,Colon_Sigmoid,11.1401,TPM,Median (gtex_v8),54,Cells_EBV-transformed_lymphocytes,87.9678,https://gtexportal.org/home/gene/MCM6,GTEx median expression returned,Median gene expression measured across GTEx human tissues.
MCM6,ENSG00000076003,Colon_Transverse,12.4005,TPM,Median (gtex_v8),54,Cells_EBV-transformed_lymphocytes,87.9678,https://gtexportal.org/home/gene/MCM6,GTEx median expression returned,Median gene expression measured across GTEx human tissues.
MCM6,ENSG00000076003,Heart_Atrial_Appendage,5.401,TPM,Median (gtex_v8),54,Cells_EBV-transformed_lymphocytes,87.9678,https://gtexportal.org/home/gene/MCM6,GTEx median expression returned,Median gene expression measured across GTEx human tissues.
MCM6,ENSG00000076003,Heart_Left_Ventricle,2.33619,TPM,Median (gtex_v8),54,Cells_EBV-transformed_lymphocytes,87.9678,https://gtexportal.org/home/gene/MCM6,GTEx median expression returned,Median gene expression measured across GTEx human tissues.
MCM6,ENSG00000076003,Liver,2.22527,TPM,Median (gtex_v8),54,Cells_EBV-transformed_lymphocytes,87.9678,https://gtexportal.org/home/gene/MCM6,GTEx median expression returned,Median gene expression measured across GTEx human tissues.
MCM6,ENSG00000076003,Muscle_Skeletal,6.6719,TPM,Median (gtex_v8),54,Cells_EBV-transformed_lymphocytes,87.9678,https://gtexportal.org/home/gene/MCM6,GTEx median expression returned,Median gene expression measured across GTEx human tissues.
MCM6,ENSG00000076003,Pancreas,2.72103,TPM,Median (gtex_v8),54,Cells_EBV-transformed_lymphocytes,87.9678,https://gtexportal.org/home/gene/MCM6,GTEx median expression returned,Median gene expression measured across GTEx human tissues.
MCM6,ENSG00000076003,Small_Intestine_Terminal_Ileum,17.8809,TPM,Median (gtex_v8),54,Cells_EBV-transformed_lymphocytes,87.9678,https://gtexportal.org/home/gene/MCM6,GTEx median expression returned,Median gene expression measured across GTEx human tissues.
MCM6,ENSG00000076003,Stomach,9.08738,TPM,Median (gtex_v8),54,Cells_EBV-transformed_lymphocytes,87.9678,https://gtexportal.org/home/gene/MCM6,GTEx median expression returned,Median gene expression measured across GTEx human tissues.
MCM6,ENSG00000076003,Whole_Blood,7.0694,TPM,Median (gtex_v8),54,Cells_EBV-transformed_lymphocytes,87.9678,https://gtexportal.org/home/gene/MCM6,GTEx median expression returned,Median gene expression measured across GTEx human tissues.
SYT10,ENSG00000110975,Artery_Coronary,0.0657345,TPM,Median (gtex_v10),54,Nerve_Tibial,3.15769,https://gtexportal.org/home/gene/SYT10,GTEx median expression returned,Median gene expression measured across GTEx human tissues.
SYT10,ENSG00000110975,Colon_Sigmoid,1.34218,TPM,Median (gtex_v10),54,Nerve_Tibial,3.15769,https://gtexportal.org/home/gene/SYT10,GTEx median expression returned,Median gene expression measured across GTEx human tissues.
SYT10,ENSG00000110975,Colon_Transverse,0.425187,TPM,Median (gtex_v10),54,Nerve_Tibial,3.15769,https://gtexportal.org/home/gene/SYT10,GTEx median expression returned,Median gene expression measured across GTEx human tissues.
SYT10,ENSG00000110975,Heart_Atrial_Appendage,0.038338,TPM,Median (gtex_v10),54,Nerve_Tibial,3.15769,https://gtexportal.org/home/gene/SYT10,GTEx median expression returned,Median gene expression measured across GTEx human tissues.
SYT10,ENSG00000110975,Liver,0.0397665,TPM,Median (gtex_v10),54,Nerve_Tibial,3.15769,https://gtexportal.org/home/gene/SYT10,GTEx median expression returned,Median gene expression measured across GTEx human tissues.
SYT10,ENSG00000110975,Pancreas,0.007112,TPM,Median (gtex_v10),54,Nerve_Tibial,3.15769,https://gtexportal.org/home/gene/SYT10,GTEx median expression returned,Median gene expression measured across GTEx human tissues.
SYT10,ENSG00000110975,Small_Intestine_Terminal_Ileum,0.186569,TPM,Median (gtex_v10),54,Nerve_Tibial,3.15769,https://gtexportal.org/home/gene/SYT10,GTEx median expression returned,Median gene expression measured across GTEx human tissues.
SYT10,ENSG00000110975,Stomach,0.266424,TPM,Median (gtex_v10),54,Nerve_Tibial,3.15769,https://gtexportal.org/home/gene/SYT10,GTEx median expression returned,Median gene expression measured across GTEx human tissues.
COBLL1,ENSG00000082438,Adipose_Subcutaneous,21.6706,TPM,Median (gtex_v8),54,Adrenal_Gland,40.6298,https://gtexportal.org/home/gene/COBLL1,GTEx median expression returned,Median gene expression measured across GTEx human tissues.
COBLL1,ENSG00000082438,Adipose_Visceral_Omentum,15.0367,TPM,Median (gtex_v8),54,Adrenal_Gland,40.6298,https://gtexportal.org/home/gene/COBLL1,GTEx median expression returned,Median gene expression measured across GTEx human tissues.
COBLL1,ENSG00000082438,Artery_Aorta,16.9838,TPM,Median (gtex_v8),54,Adrenal_Gland,40.6298,https://gtexportal.org/home/gene/COBLL1,GTEx median expression returned,Median gene expression measured across GTEx human tissues.
COBLL1,ENSG00000082438,Artery_Coronary,18.6759,TPM,Median (gtex_v8),54,Adrenal_Gland,40.6298,https://gtexportal.org/home/gene/COBLL1,GTEx median expression returned,Median gene expression measured across GTEx human tissues.
COBLL1,ENSG00000082438,Colon_Sigmoid,6.11604,TPM,Median (gtex_v8),54,Adrenal_Gland,40.6298,https://gtexportal.org/home/gene/COBLL1,GTEx median expression returned,Median gene expression measured across GTEx human tissues.
COBLL1,ENSG00000082438,Colon_Transverse,4.48042,TPM,Median (gtex_v8),54,Adrenal_Gland,40.6298,https://gtexportal.org/home/gene/COBLL1,GTEx median expression returned,Median gene expression measured across GTEx human tissues.
COBLL1,ENSG00000082438,Heart_Atrial_Appendage,2.63056,TPM,Median (gtex_v8),54,Adrenal_Gland,40.6298,https://gtexportal.org/home/gene/COBLL1,GTEx median expression returned,Median gene expression measured across GTEx human tissues.
COBLL1,ENSG00000082438,Heart_Left_Ventricle,2.45487,TPM,Median (gtex_v8),54,Adrenal_Gland,40.6298,https://gtexportal.org/home/gene/COBLL1,GTEx median expression returned,Median gene expression measured across GTEx human tissues.
COBLL1,ENSG00000082438,Liver,13.4326,TPM,Median (gtex_v8),54,Adrenal_Gland,40.6298,https://gtexportal.org/home/gene/COBLL1,GTEx median expression returned,Median gene expression measured across GTEx human tissues.
COBLL1,ENSG00000082438,Muscle_Skeletal,1.3657,TPM,Median (gtex_v8),54,Adrenal_Gland,40.6298,https://gtexportal.org/home/gene/COBLL1,GTEx median expression returned,Median gene expression measured across GTEx human tissues.
COBLL1,ENSG00000082438,Pancreas,11.0766,TPM,Median (gtex_v8),54,Adrenal_Gland,40.6298,https://gtexportal.org/home/gene/COBLL1,GTEx median expression returned,Median gene expression measured across GTEx human tissues.
COBLL1,ENSG00000082438,Small_Intestine_Terminal_Ileum,6.18245,TPM,Median (gtex_v8),54,Adrenal_Gland,40.6298,https://gtexportal.org/home/gene/COBLL1,GTEx median expression returned,Median gene expression measured across GTEx human tissues.
COBLL1,ENSG00000082438,Stomach,18.3671,TPM,Median (gtex_v8),54,Adrenal_Gland,40.6298,https://gtexportal.org/home/gene/COBLL1,GTEx median expression returned,Median gene expression measured across GTEx human tissues.
COBLL1,ENSG00000082438,Whole_Blood,0.265744,TPM,Median (gtex_v8),54,Adrenal_Gland,40.6298,https://gtexportal.org/home/gene/COBLL1,GTEx median expression returned,Median gene expression measured across GTEx human tissues.
