Gene,Mapped_Gene,Variant,rsID,Trait,EFO_ID,Study_ID,PubMed_ID,P_Value,Effect_Size,Risk_Allele,Chromosome,Position,Ancestry,Sample_Size,Source,Evidence_Status,Field_Purpose
GPR75,"ASB3, GPR75",rs80328470,rs80328470,Body mass index,EFO_0004340,GCST90662887,40436827.0,3.0000000000000014e-13,0.120476 unit decrease,C,2.0,53854678.0,Korean ancestry individuals,"153,950 Korean ancestry individuals",https://www.ebi.ac.uk/gwas/variants/rs80328470,Association 191846860 retrieved; study metadata fetched,Reported human genetic association for an obesity-related trait.
GPR75,"ASB3, GPR75",rs80328470,rs80328470,Waist circumference,OBA_1001085,GCST90662888,40436827.0,1e-14,0.131248 unit decrease,C,2.0,53854678.0,Korean ancestry individuals,"153,950 Korean ancestry individuals",https://www.ebi.ac.uk/gwas/variants/rs80328470,Association 191847127 retrieved; study metadata fetched,Reported human genetic association for an obesity-related trait.
GPR75,"ASB3, GPR75",rs80328470,rs80328470,Weight,EFO_0004338,GCST90662885,40436827.0,2e-15,0.123216 unit decrease,C,2.0,53854678.0,Korean ancestry individuals,"153,950 Korean ancestry individuals",https://www.ebi.ac.uk/gwas/variants/rs80328470,Association 191843896 retrieved; study metadata fetched,Reported human genetic association for an obesity-related trait.
MC4R,"MC4R, RNU4-17P",rs663129,rs663129,Obesity (BMI 25 kg/m2),MONDO_0011122,GCST90566414,41206923.0,2e-62,-,?,18.0,60171168.0,,,https://www.ebi.ac.uk/gwas/variants/rs663129,Association 214537583 retrieved; study metadata unavailable or capped,Reported human genetic association for an obesity-related trait.
MC4R,"MC4R, RNU4-17P",rs688671,rs688671,Abdominal obesity (waist circumference 85cm in females or 90 cm in males),MONDO_0011122,GCST90566416,41206923.0,1e-40,-,?,18.0,60200293.0,,,https://www.ebi.ac.uk/gwas/variants/rs688671,Association 214537625 retrieved; study metadata unavailable or capped,Reported human genetic association for an obesity-related trait.
MC4R,"MC4R, RNU4-17P",rs571312,rs571312,Body mass index,EFO_0004340,GCST90255621,36581621.0,2e-213,0.0486 unit decrease,C,18.0,60172536.0,European ancestry individuals,"1,122,049 European ancestry individuals",https://www.ebi.ac.uk/gwas/variants/rs571312,Association 104118745 retrieved; study metadata fetched,Reported human genetic association for an obesity-related trait.
MC4R,"MC4R, RNU4-17P",rs538656,rs538656,Body mass index,EFO_0004340,GCST90301650,37280435.0,1e-123,0.0540178 unit decrease,G,18.0,60183189.0,European ancestry individuals,"441,761 European ancestry individuals",https://www.ebi.ac.uk/gwas/variants/rs538656,Association 119088879 retrieved; study metadata fetched,Reported human genetic association for an obesity-related trait.
MC4R,"MC4R, RNU4-17P",rs10871777,rs10871777,Body mass index and bone mineral density (pleiotropy),"EFO_0004340, OBA_1000110",GCST90090978,31903547.0,2e-152,0.103 unit increase,G,18.0,60184530.0,individuals,"14,489 individuals | 217,822 individuals",https://www.ebi.ac.uk/gwas/variants/rs10871777,Association 93459644 retrieved; study metadata fetched,Reported human genetic association for an obesity-related trait.
MC4R,"MC4R, RNU4-17P",rs9956279,rs9956279,Body mass index,EFO_0004340,GCST90255621,36581621.0,8e-100,0.0338 unit decrease,C,18.0,60275566.0,European ancestry individuals,"1,122,049 European ancestry individuals",https://www.ebi.ac.uk/gwas/variants/rs9956279,Association 104118766 retrieved; study metadata fetched,Reported human genetic association for an obesity-related trait.
MC4R,MC4R,rs2229616,rs2229616,Body mass index,EFO_0004340,GCST90255621,36581621.0,2e-78,0.0996 unit increase,C,18.0,60372043.0,European ancestry individuals,"1,122,049 European ancestry individuals",https://www.ebi.ac.uk/gwas/variants/rs2229616,Association 104118792 retrieved; study metadata fetched,Reported human genetic association for an obesity-related trait.
MC4R,"MC4R, MRPS5P4",rs17066856,rs17066856,Body mass index,EFO_0004340,GCST90255621,36581621.0,5.999999999999999e-44,0.0352 unit decrease,C,18.0,60382423.0,European ancestry individuals,"1,122,049 European ancestry individuals",https://www.ebi.ac.uk/gwas/variants/rs17066856,Association 104118802 retrieved; study metadata fetched,Reported human genetic association for an obesity-related trait.
MC4R,"MC4R, RNU4-17P",rs111549518,rs111549518,Body mass index,EFO_0004340,GCST90301650,37280435.0,1e-47,0.102924 unit increase,C,18.0,60355407.0,European ancestry individuals,"441,761 European ancestry individuals",https://www.ebi.ac.uk/gwas/variants/rs111549518,Association 119088884 retrieved; study metadata fetched,Reported human genetic association for an obesity-related trait.
MC4R,"MC4R, RNU4-17P",rs688671,rs688671,Obesity (BMI 30 kg/m2),MONDO_0011122,GCST90566415,41206923.0,2e-17,-,?,18.0,60200293.0,,,https://www.ebi.ac.uk/gwas/variants/rs688671,Association 214537604 retrieved; study metadata unavailable or capped,Reported human genetic association for an obesity-related trait.
MC4R,"MC4R, RNU4-17P",rs371326986,rs371326986,Leg fat mass and leg lean mass (pleiotropy),"EFO_0004995, OBA_0004528",GCST011394,32719433.0,2e-95,-,?,18.0,60184227.0,"European ancestry individuals, 1,541 Han Chinese ancestry individuals, 847 African American individuals, 445 Hispanic individuals","9,684 European ancestry individuals, 1,541 Han Chinese ancestry individuals, 847 African American individuals, 445 Hispanic individuals | 370,097 European ancestry individuals",https://www.ebi.ac.uk/gwas/variants/rs371326986,Association 62274981 retrieved; study metadata fetched,Reported human genetic association for an obesity-related trait.
MC4R,"MC4R, MRPS5P4",rs78138914,rs78138914,Body mass index,EFO_0004340,GCST90255621,36581621.0,5.999999999999996e-29,0.0403 unit increase,G,18.0,60381644.0,European ancestry individuals,"1,122,049 European ancestry individuals",https://www.ebi.ac.uk/gwas/variants/rs78138914,Association 104118797 retrieved; study metadata fetched,Reported human genetic association for an obesity-related trait.
MC4R,"MC4R, RNU4-17P",rs35614134,rs35614134,Obesity (extreme),EFO_0007041,GCST007241,30677029.0,2e-43,-,AC,18.0,60165624.0,,,https://www.ebi.ac.uk/gwas/variants/rs35614134,Association 36609269 retrieved; study metadata unavailable or capped,Reported human genetic association for an obesity-related trait.
MC4R,"MC4R, RNU4-17P",rs8082946,rs8082946,Body mass index,EFO_0004340,GCST90255621,36581621.0,1e-24,0.0187 unit decrease,C,18.0,60187234.0,European ancestry individuals,"1,122,049 European ancestry individuals",https://www.ebi.ac.uk/gwas/variants/rs8082946,Association 104118750 retrieved; study metadata fetched,Reported human genetic association for an obesity-related trait.
MC4R,"MC4R, RNU4-17P",rs79131845,rs79131845,Body mass index,EFO_0004340,GCST90255621,36581621.0,3e-24,0.0321 unit decrease,G,18.0,60343663.0,European ancestry individuals,"1,122,049 European ancestry individuals",https://www.ebi.ac.uk/gwas/variants/rs79131845,Association 104118782 retrieved; study metadata fetched,Reported human genetic association for an obesity-related trait.
MC4R,"MC4R, RNU4-17P",rs571312,rs571312,Body mass index,EFO_0004340,GCST90446645,39375568.0,9e-95,0.0448 unit decrease,C,18.0,60172536.0,,,https://www.ebi.ac.uk/gwas/variants/rs571312,Association 138725509 retrieved; study metadata unavailable or capped,Reported human genetic association for an obesity-related trait.
MC4R,"MC4R, RNU4-17P",rs10871777,rs10871777,Body mass index,EFO_0004340,GCST90090977,31903547.0,3e-94,0.103 unit increase,G,18.0,60184530.0,,,https://www.ebi.ac.uk/gwas/variants/rs10871777,Association 93459619 retrieved; study metadata unavailable or capped,Reported human genetic association for an obesity-related trait.
MC4R,"MC4R, RNU4-17P",rs476828,rs476828,Body mass index,EFO_0004340,GCST90566412,41206923.0,5e-85,0.07 unit increase,?,18.0,60185354.0,,,https://www.ebi.ac.uk/gwas/variants/rs476828,Association 214537488 retrieved; study metadata unavailable or capped,Reported human genetic association for an obesity-related trait.
MC4R,"MC4R, RNU4-17P",rs10871777,rs10871777,Body mass index,EFO_0004340,GCST009121,31453325.0,3.0000000000000004e-81,-,?,18.0,60184530.0,,,https://www.ebi.ac.uk/gwas/variants/rs10871777,Association 52122849 retrieved; study metadata unavailable or capped,Reported human genetic association for an obesity-related trait.
MC4R,"MC4R, RNU4-17P",rs9956279,rs9956279,Body mass index (MTAG),EFO_0004340,GCST90179150,36376304.0,4e-81,0.032908 unit increase,T,18.0,60275566.0,,,https://www.ebi.ac.uk/gwas/variants/rs9956279,Association 101971763 retrieved; study metadata unavailable or capped,Reported human genetic association for an obesity-related trait.
LEP,"LEP, MIR129-1",rs791600,rs791600,circulating leptin levels adjusted for BMI,EFO_0007793,GCST90007319,32917775.0,1.0000000000000001e-23,0.066 unit decrease,A,7.0,128225763.0,"European ancestry, African American or Afro-Caribbean, East Asian ancestry, Hispanic or Latin American individuals","56,708 European ancestry, African American or Afro-Caribbean, East Asian ancestry, Hispanic or Latin American individuals",https://www.ebi.ac.uk/gwas/variants/rs791600,Association 63096171 retrieved; study metadata fetched,Reported human genetic association for an obesity-related trait.
LEP,"LEP, MIR129-1",rs791600,rs791600,circulating leptin levels adjusted for BMI,EFO_0007793,GCST90007321,32917775.0,4e-20,0.079 unit decrease,A,7.0,128225763.0,"European ancestry, African American or Afro-Caribbean, East Asian ancestry, Hispanic or Latin American women","32,886 European ancestry, African American or Afro-Caribbean, East Asian ancestry, Hispanic or Latin American women",https://www.ebi.ac.uk/gwas/variants/rs791600,Association 63096136 retrieved; study metadata fetched,Reported human genetic association for an obesity-related trait.
LEP,"LEP, MIR129-1",rs791600,rs791600,circulating leptin levels adjusted for BMI,EFO_0007793,GCST90007322,32917775.0,5e-19,0.063 unit decrease,A,7.0,128225763.0,European ancestry individuals,"49,830 European ancestry individuals",https://www.ebi.ac.uk/gwas/variants/rs791600,Association 63096303 retrieved; study metadata fetched,Reported human genetic association for an obesity-related trait.
LEP,"LEP, MIR129-1",rs791600,rs791600,circulating leptin levels adjusted for BMI,EFO_0007793,GCST90007324,32917775.0,3e-17,0.08 unit decrease,A,7.0,128225763.0,European ancestry women,"27,947 European ancestry women",https://www.ebi.ac.uk/gwas/variants/rs791600,Association 63096249 retrieved; study metadata fetched,Reported human genetic association for an obesity-related trait.
LEP,"LEP, MIR129-1",rs791600,rs791600,circulating leptin levels adjusted for BMI,EFO_0007793,GCST90007325,32917775.0,2e-16,0.099 unit decrease,A,7.0,128225763.0,"European ancestry, African American or Afro-Caribbean, East Asian ancestry, Hispanic or Latin American individuals","56,708 European ancestry, African American or Afro-Caribbean, East Asian ancestry, Hispanic or Latin American individuals",https://www.ebi.ac.uk/gwas/variants/rs791600,Association 63096428 retrieved; study metadata fetched,Reported human genetic association for an obesity-related trait.
LEP,LEP,rs17151919,rs17151919,circulating leptin levels adjusted for BMI,EFO_0007793,GCST90007319,32917775.0,2e-16,0.333 unit decrease,A,7.0,128254539.0,"European ancestry, African American or Afro-Caribbean, East Asian ancestry, Hispanic or Latin American individuals","56,708 European ancestry, African American or Afro-Caribbean, East Asian ancestry, Hispanic or Latin American individuals",https://www.ebi.ac.uk/gwas/variants/rs17151919,Association 63096175 retrieved; study metadata fetched,Reported human genetic association for an obesity-related trait.
LEP,LEP,rs17151919,rs17151919,circulating leptin levels adjusted for BMI,EFO_0007793,GCST90007321,32917775.0,6.000000000000001e-09,0.291 unit decrease,A,7.0,128254539.0,"European ancestry, African American or Afro-Caribbean, East Asian ancestry, Hispanic or Latin American women","32,886 European ancestry, African American or Afro-Caribbean, East Asian ancestry, Hispanic or Latin American women",https://www.ebi.ac.uk/gwas/variants/rs17151919,Association 63096140 retrieved; study metadata fetched,Reported human genetic association for an obesity-related trait.
LEP,"LEP, MIR129-1",rs791600,rs791600,circulating leptin levels adjusted for BMI,EFO_0007793,GCST90007328,32917775.0,3.0000000000000002e-15,0.099 unit decrease,A,7.0,128225763.0,,,https://www.ebi.ac.uk/gwas/variants/rs791600,Association 63096334 retrieved; study metadata unavailable or capped,Reported human genetic association for an obesity-related trait.
LEP,"LEP, MIR129-1",rs791600,rs791600,circulating leptin levels adjusted for BMI,EFO_0007793,GCST90007327,32917775.0,6.000000000000007e-13,0.112 unit decrease,A,7.0,128225763.0,,,https://www.ebi.ac.uk/gwas/variants/rs791600,Association 63096489 retrieved; study metadata unavailable or capped,Reported human genetic association for an obesity-related trait.
LEP,"LEP, MIR129-1",rs10487505,rs10487505,circulating leptin levels adjusted for BMI,EFO_0007793,GCST003368,26833098.0,2e-12,0.029 unit increase,G,7.0,128220110.0,,,https://www.ebi.ac.uk/gwas/variants/rs10487505,Association 14761738 retrieved; study metadata unavailable or capped,Reported human genetic association for an obesity-related trait.
LEP,"LEP, MIR129-1",rs791600,rs791600,circulating leptin levels adjusted for BMI,EFO_0007793,GCST90007330,32917775.0,1e-11,0.118 unit decrease,A,7.0,128225763.0,,,https://www.ebi.ac.uk/gwas/variants/rs791600,Association 63096454 retrieved; study metadata unavailable or capped,Reported human genetic association for an obesity-related trait.
LEP,"LEP, MIR129-1",rs10487505,rs10487505,circulating leptin levels adjusted for BMI,EFO_0007793,GCST003368,26833098.0,1e-09,0.033 unit increase,G,7.0,128220110.0,,,https://www.ebi.ac.uk/gwas/variants/rs10487505,Association 14761745 retrieved; study metadata unavailable or capped,Reported human genetic association for an obesity-related trait.
LEP,LEP,rs17151919,rs17151919,circulating leptin levels adjusted for BMI,EFO_0007793,GCST90007320,32917775.0,1e-09,0.399 unit decrease,A,7.0,128254539.0,,,https://www.ebi.ac.uk/gwas/variants/rs17151919,Association 63096084 retrieved; study metadata unavailable or capped,Reported human genetic association for an obesity-related trait.
LEP,"LEP, MIR129-1",rs10487505,rs10487505,BMI at 1.5 years old,EFO_0004340,GCST90104635,35315439.0,3e-09,0.0560745 unit decrease,G,7.0,128220110.0,,,https://www.ebi.ac.uk/gwas/variants/rs10487505,Association 97371779 retrieved; study metadata unavailable or capped,Reported human genetic association for an obesity-related trait.
LEP,"LEP, MIR129-1",rs10487505,rs10487505,BMI at 1.5 years old,EFO_0004340,GCST009295,31575865.0,1e-08,0.079 unit increase,C,7.0,128220110.0,,,https://www.ebi.ac.uk/gwas/variants/rs10487505,Association 47875799 retrieved; study metadata unavailable or capped,Reported human genetic association for an obesity-related trait.
LEP,"LEP, MIR129-1",rs4731419,rs4731419,Childhood body mass index,EFO_0004340,GCST90301649,37280435.0,3.0000000000000004e-08,0.0118606 unit decrease,C,7.0,128210742.0,,,https://www.ebi.ac.uk/gwas/variants/rs4731419,Association 119086500 retrieved; study metadata unavailable or capped,Reported human genetic association for an obesity-related trait.
LEP,"LEP, MIR129-1",rs10487505,rs10487505,BMI at 1 year old,EFO_0004340,GCST90104634,35315439.0,5e-08,0.0521285 unit decrease,G,7.0,128220110.0,,,https://www.ebi.ac.uk/gwas/variants/rs10487505,Association 97371666 retrieved; study metadata unavailable or capped,Reported human genetic association for an obesity-related trait.
LEP,"LEP, MIR129-1",rs791600,rs791600,circulating leptin levels adjusted for BMI,EFO_0007793,GCST90007320,32917775.0,7e-08,0.054 unit decrease,A,7.0,128225763.0,,,https://www.ebi.ac.uk/gwas/variants/rs791600,Association 63096080 retrieved; study metadata unavailable or capped,Reported human genetic association for an obesity-related trait.
LEP,"LEP, MIR129-1",rs791600,rs791600,circulating leptin levels adjusted for BMI,EFO_0007793,GCST90007326,32917775.0,4e-07,0.095 unit decrease,A,7.0,128225763.0,,,https://www.ebi.ac.uk/gwas/variants/rs791600,Association 63096390 retrieved; study metadata unavailable or capped,Reported human genetic association for an obesity-related trait.
LEP,"LEP, MIR129-1",rs10487505,rs10487505,BMI at 2 years old,EFO_0004340,GCST90104636,35315439.0,4e-07,0.0550133 unit decrease,G,7.0,128220110.0,,,https://www.ebi.ac.uk/gwas/variants/rs10487505,Association 97371846 retrieved; study metadata unavailable or capped,Reported human genetic association for an obesity-related trait.
LEPR,LEPR,rs2767486,rs2767486,BMI at 6 months old,EFO_0004340,GCST90104632,35315439.0,6e-34,0.14325 unit decrease,A,1.0,65525520.0,European ancestry individuals,"11,095 European ancestry individuals",https://www.ebi.ac.uk/gwas/variants/rs2767486,Association 97371357 retrieved; study metadata fetched,Reported human genetic association for an obesity-related trait.
LEPR,LEPR,rs2767486,rs2767486,BMI at 8 months old,EFO_0004340,GCST90104633,35315439.0,1e-25,0.132202 unit decrease,A,1.0,65525520.0,European ancestry individuals,"24,302 European ancestry individuals",https://www.ebi.ac.uk/gwas/variants/rs2767486,Association 97371472 retrieved; study metadata fetched,Reported human genetic association for an obesity-related trait.
LEPR,LEPR,rs2767486,rs2767486,BMI at 1 year old,EFO_0004340,GCST90104634,35315439.0,7e-25,0.132686 unit decrease,A,1.0,65525520.0,European ancestry individuals,"24,551 European ancestry individuals",https://www.ebi.ac.uk/gwas/variants/rs2767486,Association 97371600 retrieved; study metadata fetched,Reported human genetic association for an obesity-related trait.
LEPR,LEPR,rs2767486,rs2767486,BMI at 3 months old,EFO_0004340,GCST90104631,35315439.0,2e-24,0.122885 unit decrease,A,1.0,65525520.0,European ancestry individuals,"14,064 European ancestry individuals",https://www.ebi.ac.uk/gwas/variants/rs2767486,Association 97371240 retrieved; study metadata fetched,Reported human genetic association for an obesity-related trait.
LEPR,"LEPR, LEPROT",rs9436303,rs9436303,BMI at adiposity peak,EFO_0005937,GCST009556,31840077.0,8e-09,0.07 unit increase,G,1.0,65430991.0,,,https://www.ebi.ac.uk/gwas/variants/rs9436303,Association 55309227 retrieved; study metadata unavailable or capped,Reported human genetic association for an obesity-related trait.
LEPR,LEPR,rs2767486,rs2767486,BMI at 6 months old,EFO_0004340,GCST009291,31575865.0,2e-21,0.162 unit increase,G,1.0,65525520.0,Norwegian ancestry individuals,"8,017 Norwegian ancestry individuals | 4,516 Norwegian ancestry individuals",https://www.ebi.ac.uk/gwas/variants/rs2767486,Association 47875751 retrieved; study metadata fetched,Reported human genetic association for an obesity-related trait.
LEPR,LEPR,rs10889551,rs10889551,BMI at 1 year old,EFO_0004340,GCST90104634,35315439.0,5e-19,0.0883041 unit decrease,A,1.0,65440454.0,European ancestry individuals,"24,551 European ancestry individuals",https://www.ebi.ac.uk/gwas/variants/rs10889551,Association 97371595 retrieved; study metadata fetched,Reported human genetic association for an obesity-related trait.
LEPR,LEPR,rs10889551,rs10889551,BMI at 6 months old,EFO_0004340,GCST90104632,35315439.0,2e-17,0.078022 unit decrease,A,1.0,65440454.0,European ancestry individuals,"11,095 European ancestry individuals",https://www.ebi.ac.uk/gwas/variants/rs10889551,Association 97371352 retrieved; study metadata fetched,Reported human genetic association for an obesity-related trait.
LEPR,LEPR,rs10889551,rs10889551,BMI at 8 months old,EFO_0004340,GCST90104633,35315439.0,4e-15,0.0756405 unit decrease,A,1.0,65440454.0,European ancestry individuals,"24,302 European ancestry individuals",https://www.ebi.ac.uk/gwas/variants/rs10889551,Association 97371467 retrieved; study metadata fetched,Reported human genetic association for an obesity-related trait.
LEPR,LEPR,rs141707226,rs141707226,Waist-to-hip ratio adjusted for BMI,EFO_0007788,GCST90020025,34021172.0,1e-08,0.0294359 unit increase,GT,1.0,65509450.0,,,https://www.ebi.ac.uk/gwas/variants/rs141707226,Association 90791808 retrieved; study metadata unavailable or capped,Reported human genetic association for an obesity-related trait.
LEPR,"LEPR, RN7SL854P",rs7511672,rs7511672,Waist-to-hip ratio adjusted for BMI,EFO_0007788,GCST90020025,34021172.0,4e-08,0.0154025 unit increase,A,1.0,65713235.0,,,https://www.ebi.ac.uk/gwas/variants/rs7511672,Association 90791812 retrieved; study metadata unavailable or capped,Reported human genetic association for an obesity-related trait.
LEPR,LEPR,rs10889551,rs10889551,BMI at 3 months old,EFO_0004340,GCST90104631,35315439.0,7e-12,0.0636 unit decrease,A,1.0,65440454.0,European ancestry individuals,"14,064 European ancestry individuals",https://www.ebi.ac.uk/gwas/variants/rs10889551,Association 97371235 retrieved; study metadata fetched,Reported human genetic association for an obesity-related trait.
LEPR,LEPR,rs2767486,rs2767486,BMI at 1 year old,EFO_0004340,GCST009294,31575865.0,2.9999999999999997e-20,0.169 unit increase,G,1.0,65525520.0,,,https://www.ebi.ac.uk/gwas/variants/rs2767486,Association 47875773 retrieved; study metadata unavailable or capped,Reported human genetic association for an obesity-related trait.
LEPR,LEPR,rs2767486,rs2767486,BMI at 1.5 years old,EFO_0004340,GCST90104635,35315439.0,3e-19,0.116368 unit decrease,A,1.0,65525520.0,,,https://www.ebi.ac.uk/gwas/variants/rs2767486,Association 97371729 retrieved; study metadata unavailable or capped,Reported human genetic association for an obesity-related trait.
LEPR,LEPR,rs2767486,rs2767486,Childhood body mass index,EFO_0004340,GCST90301649,37280435.0,6e-19,0.0232665 unit decrease,A,1.0,65525520.0,,,https://www.ebi.ac.uk/gwas/variants/rs2767486,Association 119085744 retrieved; study metadata unavailable or capped,Reported human genetic association for an obesity-related trait.
LEPR,LEPR,rs11208659,rs11208659,Body mass index,EFO_0004340,GCST90255621,36581621.0,7e-17,0.0229 unit increase,C,1.0,65513597.0,,,https://www.ebi.ac.uk/gwas/variants/rs11208659,Association 104106620 retrieved; study metadata unavailable or capped,Reported human genetic association for an obesity-related trait.
LEPR,LEPR,rs2767486,rs2767486,BMI at 8 months old,EFO_0004340,GCST009293,31575865.0,4e-15,0.142 unit increase,G,1.0,65525520.0,,,https://www.ebi.ac.uk/gwas/variants/rs2767486,Association 47875760 retrieved; study metadata unavailable or capped,Reported human genetic association for an obesity-related trait.
LEPR,LEPR,rs2767486,rs2767486,BMI at 1.5 years old,EFO_0004340,GCST009295,31575865.0,7e-15,0.145 unit increase,G,1.0,65525520.0,,,https://www.ebi.ac.uk/gwas/variants/rs2767486,Association 47875787 retrieved; study metadata unavailable or capped,Reported human genetic association for an obesity-related trait.
LEPR,LEPR,rs2767486,rs2767486,BMI at 3 months old,EFO_0004340,GCST009290,31575865.0,7e-14,0.128 unit increase,G,1.0,65525520.0,,,https://www.ebi.ac.uk/gwas/variants/rs2767486,Association 47875746 retrieved; study metadata unavailable or capped,Reported human genetic association for an obesity-related trait.
LEPR,LEPR,rs10889551,rs10889551,BMI at 1.5 years old,EFO_0004340,GCST90104635,35315439.0,2e-13,0.0744586 unit decrease,A,1.0,65440454.0,,,https://www.ebi.ac.uk/gwas/variants/rs10889551,Association 97371724 retrieved; study metadata unavailable or capped,Reported human genetic association for an obesity-related trait.
POMC,POMC,rs12473543,rs12473543,Hip circumference adjusted for BMI,EFO_0008039,GCST90020028,34021172.0,2e-12,0.0249525 unit increase,G,2.0,25164312.0,British ancestry women,"219,872 British ancestry women",https://www.ebi.ac.uk/gwas/variants/rs12473543,Association 90724069 retrieved; study metadata fetched,Reported human genetic association for an obesity-related trait.
POMC,"LINC01381, POMC",rs13388961,rs13388961,Body mass index,EFO_0004340,GCST90301650,37280435.0,4e-21,0.0219752 unit increase,A,2.0,25177796.0,European ancestry individuals,"441,761 European ancestry individuals",https://www.ebi.ac.uk/gwas/variants/rs13388961,Association 119090140 retrieved; study metadata fetched,Reported human genetic association for an obesity-related trait.
POMC,POMC,rs6545975,rs6545975,Body mass index,EFO_0004340,GCST009871,31669095.0,1e-11,-,?,2.0,25162616.0,,,https://www.ebi.ac.uk/gwas/variants/rs6545975,Association 55729529 retrieved; study metadata unavailable or capped,Reported human genetic association for an obesity-related trait.
POMC,"LINC01381, POMC",rs3754861,rs3754861,Body mass index (MTAG),EFO_0004340,GCST90179150,36376304.0,5e-09,0.022399 unit increase,A,2.0,25170853.0,,,https://www.ebi.ac.uk/gwas/variants/rs3754861,Association 101964838 retrieved; study metadata unavailable or capped,Reported human genetic association for an obesity-related trait.
POMC,"LINC01381, POMC",rs3754861,rs3754861,Body mass index,EFO_0004340,GCST90255621,36581621.0,4e-08,0.0183 unit decrease,C,2.0,25170853.0,,,https://www.ebi.ac.uk/gwas/variants/rs3754861,Association 104107608 retrieved; study metadata unavailable or capped,Reported human genetic association for an obesity-related trait.
POMC,POMC,rs934778,rs934778,Weight,EFO_0004338,GCST90662910,40436827.0,5e-27,0.0199 unit decrease,A,2.0,25166355.0,"East Asian ancestry individuals, 420,829 European ancestry individuals","507,850 East Asian ancestry individuals, 420,829 European ancestry individuals",https://www.ebi.ac.uk/gwas/variants/rs934778,Association 191898847 retrieved; study metadata fetched,Reported human genetic association for an obesity-related trait.
POMC,POMC,rs934778,rs934778,Weight (UKB data field 21002),EFO_0004338,GCST90468183,39789286.0,2e-20,0.015831372 unit increase,G,2.0,25166355.0,European ancestry individuals,"394,642 European ancestry individuals",https://www.ebi.ac.uk/gwas/variants/rs934778,Association 188150347 retrieved; study metadata fetched,Reported human genetic association for an obesity-related trait.
POMC,POMC,rs934778,rs934778,Weight,EFO_0004338,GCST90018949,34594039.0,1e-16,0.017 unit increase,G,2.0,25166355.0,"European ancestry individuals, 165,419 East Asian ancestry individuals","360,116 European ancestry individuals, 165,419 East Asian ancestry individuals",https://www.ebi.ac.uk/gwas/variants/rs934778,Association 93498407 retrieved; study metadata fetched,Reported human genetic association for an obesity-related trait.
POMC,POMC,rs934778,rs934778,Body mass index,EFO_0004340,GCST90239604,36329257.0,2e-06,-,?,2.0,25166355.0,,,https://www.ebi.ac.uk/gwas/variants/rs934778,Association 101366272 retrieved; study metadata unavailable or capped,Reported human genetic association for an obesity-related trait.
PPARG,"PPARG, TSEN2",rs9872031,rs9872031,Waist-to-hip ratio adjusted for BMI,EFO_0007788,GCST90020025,34021172.0,4e-44,0.039695 unit increase,A,3.0,12454962.0,British ancestry women,"219,872 British ancestry women",https://www.ebi.ac.uk/gwas/variants/rs9872031,Association 90793502 retrieved; study metadata fetched,Reported human genetic association for an obesity-related trait.
PPARG,PPARG,rs1801282,rs1801282,Sex hormone-binding globulin levels adjusted for BMI,EFO_0004696,GCST90012110,32042192.0,2.9999999999999997e-67,0.021621 unit increase,G,3.0,12351626.0,European ancestry individuals,"368,929 European ancestry individuals",https://www.ebi.ac.uk/gwas/variants/rs1801282,Association 63829355 retrieved; study metadata fetched,Reported human genetic association for an obesity-related trait.
PPARG,PPARG,rs1801282,rs1801282,Sex hormone-binding globulin levels adjusted for BMI,EFO_0004696,GCST90012106,32042192.0,9e-43,0.0241704 unit increase,G,3.0,12351626.0,European ancestry women,"188,908 European ancestry women",https://www.ebi.ac.uk/gwas/variants/rs1801282,Association 63837798 retrieved; study metadata fetched,Reported human genetic association for an obesity-related trait.
PPARG,"PPARG, TSEN2",rs17819328,rs17819328,Waist-to-hip ratio adjusted for BMI,EFO_0007788,GCST008733,30575882.0,1e-38,0.023 unit increase,G,3.0,12447843.0,,,https://www.ebi.ac.uk/gwas/variants/rs17819328,Association 47690986 retrieved; study metadata unavailable or capped,Reported human genetic association for an obesity-related trait.
PPARG,"PPARG, TSEN2",rs17819328,rs17819328,Hip circumference adjusted for BMI,EFO_0008039,GCST90020028,34021172.0,1.0000000000000001e-29,0.0322805 unit decrease,G,3.0,12447843.0,,,https://www.ebi.ac.uk/gwas/variants/rs17819328,Association 90724823 retrieved; study metadata unavailable or capped,Reported human genetic association for an obesity-related trait.
PPARG,"PPARG, TSEN2",rs114496946,rs114496946,Waist-to-hip ratio adjusted for BMI,EFO_0007788,GCST90020025,34021172.0,8.000000000000001e-29,0.132868 unit decrease,C,3.0,12439675.0,British ancestry women,"219,872 British ancestry women",https://www.ebi.ac.uk/gwas/variants/rs114496946,Association 90793467 retrieved; study metadata fetched,Reported human genetic association for an obesity-related trait.
PPARG,"PPARG, TSEN2",rs11716727,rs11716727,Waist-to-hip ratio adjusted for BMI,EFO_0007788,GCST90020025,34021172.0,3e-27,0.034639 unit increase,T,3.0,12447513.0,British ancestry women,"219,872 British ancestry women",https://www.ebi.ac.uk/gwas/variants/rs11716727,Association 90793507 retrieved; study metadata fetched,Reported human genetic association for an obesity-related trait.
PPARG,"PPARG, TSEN2",rs4684104,rs4684104,Waist-to-hip ratio adjusted for BMI,EFO_0007788,GCST90020025,34021172.0,8e-27,0.0307499 unit decrease,A,3.0,12443350.0,British ancestry women,"219,872 British ancestry women",https://www.ebi.ac.uk/gwas/variants/rs4684104,Association 90793477 retrieved; study metadata fetched,Reported human genetic association for an obesity-related trait.
PPARG,PPARG,rs1797912,rs1797912,Waist-to-hip ratio adjusted for BMI,EFO_0007788,GCST90020025,34021172.0,5.999999999999999e-24,0.0297873 unit decrease,C,3.0,12428740.0,British ancestry women,"219,872 British ancestry women",https://www.ebi.ac.uk/gwas/variants/rs1797912,Association 90793449 retrieved; study metadata fetched,Reported human genetic association for an obesity-related trait.
PPARG,"PPARG, TSEN2",rs2655268,rs2655268,Waist-to-hip ratio adjusted for BMI,EFO_0007788,GCST90020025,34021172.0,5.999999999999999e-24,0.0357225 unit decrease,T,3.0,12462394.0,British ancestry women,"219,872 British ancestry women",https://www.ebi.ac.uk/gwas/variants/rs2655268,Association 90793472 retrieved; study metadata fetched,Reported human genetic association for an obesity-related trait.
PPARG,"PPARG, TSEN2",rs28595399,rs28595399,Waist-to-hip ratio adjusted for BMI,EFO_0007788,GCST90020025,34021172.0,2.0000000000000002e-23,0.0306794 unit increase,C,3.0,12458566.0,British ancestry women,"219,872 British ancestry women",https://www.ebi.ac.uk/gwas/variants/rs28595399,Association 90793524 retrieved; study metadata fetched,Reported human genetic association for an obesity-related trait.
PPARG,PPARG,rs4684103,rs4684103,Waist-to-hip ratio adjusted for BMI,EFO_0007788,GCST90020025,34021172.0,5e-23,0.0347447 unit increase,T,3.0,12416423.0,British ancestry women,"219,872 British ancestry women",https://www.ebi.ac.uk/gwas/variants/rs4684103,Association 90793445 retrieved; study metadata fetched,Reported human genetic association for an obesity-related trait.
PPARG,"PPARG, TSEN2",rs4684857,rs4684857,Waist-to-hip ratio adjusted for BMI,EFO_0007788,GCST90020025,34021172.0,1e-22,0.0301767 unit decrease,G,3.0,12452364.0,British ancestry women,"219,872 British ancestry women",https://www.ebi.ac.uk/gwas/variants/rs4684857,Association 90793516 retrieved; study metadata fetched,Reported human genetic association for an obesity-related trait.
PPARG,PPARG,rs2938388,rs2938388,Waist-to-hip ratio adjusted for BMI,EFO_0007788,GCST90020025,34021172.0,6e-22,0.028576 unit decrease,A,3.0,12396479.0,British ancestry women,"219,872 British ancestry women",https://www.ebi.ac.uk/gwas/variants/rs2938388,Association 90793422 retrieved; study metadata fetched,Reported human genetic association for an obesity-related trait.
PPARG,PPARG,rs2972164,rs2972164,Waist-to-hip ratio adjusted for BMI,EFO_0007788,GCST90020025,34021172.0,4e-19,0.025243 unit decrease,T,3.0,12292917.0,British ancestry women,"219,872 British ancestry women",https://www.ebi.ac.uk/gwas/variants/rs2972164,Association 90793413 retrieved; study metadata fetched,Reported human genetic association for an obesity-related trait.
PPARG,"PPARG, TSEN2",rs1152008,rs1152008,Waist-to-hip ratio adjusted for BMI,EFO_0007788,GCST90020025,34021172.0,6.999999999999999e-19,0.0256901 unit decrease,G,3.0,12446113.0,British ancestry women,"219,872 British ancestry women",https://www.ebi.ac.uk/gwas/variants/rs1152008,Association 90793493 retrieved; study metadata fetched,Reported human genetic association for an obesity-related trait.
PPARG,PPARG,rs73136795,rs73136795,Waist-to-hip ratio adjusted for BMI,EFO_0007788,GCST90020025,34021172.0,2e-17,0.0376019 unit increase,A,3.0,12426911.0,British ancestry women,"219,872 British ancestry women",https://www.ebi.ac.uk/gwas/variants/rs73136795,Association 90793454 retrieved; study metadata fetched,Reported human genetic association for an obesity-related trait.
PPARG,"GSTM5P1, PPARG",rs11128595,rs11128595,Waist-to-hip ratio adjusted for BMI,EFO_0007788,GCST90020025,34021172.0,8e-17,0.029687 unit increase,G,3.0,12262211.0,British ancestry women,"219,872 British ancestry women",https://www.ebi.ac.uk/gwas/variants/rs11128595,Association 90793401 retrieved; study metadata fetched,Reported human genetic association for an obesity-related trait.
PPARG,PPARG,rs35812816,rs35812816,Waist-to-hip ratio adjusted for BMI,EFO_0007788,GCST90020025,34021172.0,8e-17,0.0412132 unit increase,G,3.0,12397849.0,British ancestry women,"219,872 British ancestry women",https://www.ebi.ac.uk/gwas/variants/rs35812816,Association 90793409 retrieved; study metadata fetched,Reported human genetic association for an obesity-related trait.
PPARG,"PPARG, TSEN2",rs1175381,rs1175381,Waist-to-hip ratio adjusted for BMI,EFO_0007788,GCST90020025,34021172.0,1e-16,0.0632445 unit decrease,G,3.0,12444345.0,British ancestry women,"219,872 British ancestry women",https://www.ebi.ac.uk/gwas/variants/rs1175381,Association 90793485 retrieved; study metadata fetched,Reported human genetic association for an obesity-related trait.
FTO,FTO,rs11642015,rs11642015,BMI and adiposity (confirmatory factor analysis Factor 7),EFO_0004340,GCST90309342,38965376.0,2e-133,-,?,16.0,53768582.0,,,https://www.ebi.ac.uk/gwas/variants/rs11642015,Association 136009176 retrieved; study metadata unavailable or capped,Reported human genetic association for an obesity-related trait.
FTO,FTO,rs55872725,rs55872725,Body mass index or osteoarthritis (pleiotropy),"EFO_0004340, MONDO_0005178",GCST90271767,36889626.0,0.0,-,T,16.0,53775211.0,"European ancestry BMI individuals, 177,517 European ancestry osteoarthritis cases, 649,173 European ancestry controls","806,834 European ancestry BMI individuals, 177,517 European ancestry osteoarthritis cases, 649,173 European ancestry controls",https://www.ebi.ac.uk/gwas/variants/rs55872725,Association 105989010 retrieved; study metadata fetched,Reported human genetic association for an obesity-related trait.
FTO,FTO,rs9922708,rs9922708,Body mass index or knee osteoarthritis (pleiotropy),"MONDO_0005416, EFO_0004340",GCST90271770,36889626.0,0.0,-,T,16.0,53797234.0,"European ancestry BMI individuals, 62,497 European ancestry knee osteoarthritis cases, 333,557 European ancestry controls","806,834 European ancestry BMI individuals, 62,497 European ancestry knee osteoarthritis cases, 333,557 European ancestry controls",https://www.ebi.ac.uk/gwas/variants/rs9922708,Association 105989280 retrieved; study metadata fetched,Reported human genetic association for an obesity-related trait.
FTO,FTO,rs1421085,rs1421085,Body mass index or hip osteoarthritis (pleiotropy),"MONDO_0006629, EFO_0004340",GCST90271771,36889626.0,0.0,-,T,16.0,53767042.0,"European ancestry BMI individuals, 36,445 European ancestry hip osteoarthritis cases, 316,943 European ancestry controls","806,834 European ancestry BMI individuals, 36,445 European ancestry hip osteoarthritis cases, 316,943 European ancestry controls",https://www.ebi.ac.uk/gwas/variants/rs1421085,Association 105989427 retrieved; study metadata fetched,Reported human genetic association for an obesity-related trait.
FTO,FTO,rs9937053,rs9937053,Body mass index,EFO_0004340,GCST009004,30239722.0,0.0,0.0721 unit increase,A,16.0,53765595.0,European ancestry individuals,"806,834 European ancestry individuals",https://www.ebi.ac.uk/gwas/variants/rs9937053,Association 49131372 retrieved; study metadata fetched,Reported human genetic association for an obesity-related trait.
FTO,FTO,rs1421085,rs1421085,Body mass index,EFO_0004340,GCST90446645,39375568.0,0.0,0.0803 unit decrease,T,16.0,53767042.0,European ancestry individuals,"650,000 European ancestry individuals",https://www.ebi.ac.uk/gwas/variants/rs1421085,Association 138725170 retrieved; study metadata fetched,Reported human genetic association for an obesity-related trait.
FTO,FTO,rs1421085,rs1421085,Obesity (PheCode 278.1),MONDO_0011122,GCST90475762,39024449.0,6e-291,0.1409 unit decrease,T,16.0,53767042.0,,,https://www.ebi.ac.uk/gwas/variants/rs1421085,Association 226240555 retrieved; study metadata unavailable or capped,Reported human genetic association for an obesity-related trait.
FTO,FTO,rs1421085,rs1421085,"Overweight, obesity and other hyperalimentation (PheCode 278)","MONDO_0003916, MONDO_0011122",GCST90475759,39024449.0,4e-246,0.1328 unit decrease,T,16.0,53767042.0,,,https://www.ebi.ac.uk/gwas/variants/rs1421085,Association 226235844 retrieved; study metadata unavailable or capped,Reported human genetic association for an obesity-related trait.
FTO,FTO,rs1421085,rs1421085,Morbid obesity (PheCode 278.11),MONDO_0005139,GCST90475765,39024449.0,1e-173,0.179 unit decrease,T,16.0,53767042.0,,,https://www.ebi.ac.uk/gwas/variants/rs1421085,Association 226242530 retrieved; study metadata unavailable or capped,Reported human genetic association for an obesity-related trait.
FTO,FTO,rs11642015,rs11642015,Obesity (PheCode 278.1),MONDO_0011122,GCST90479952,39024449.0,5e-162,0.1404 unit decrease,C,16.0,53768582.0,,,https://www.ebi.ac.uk/gwas/variants/rs11642015,Association 226252597 retrieved; study metadata unavailable or capped,Reported human genetic association for an obesity-related trait.
FTO,FTO,rs1421085,rs1421085,"Overweight, obesity and other hyperalimentation (PheCode 278)","MONDO_0003916, MONDO_0011122",GCST90479955,39024449.0,3e-153,0.132 unit decrease,T,16.0,53767042.0,,,https://www.ebi.ac.uk/gwas/variants/rs1421085,Association 226253808 retrieved; study metadata unavailable or capped,Reported human genetic association for an obesity-related trait.
FTO,FTO,rs1558902,rs1558902,Morbid obesity (PheCode 278.11),MONDO_0005139,GCST90479951,39024449.0,7e-122,0.1762 unit decrease,T,16.0,53769662.0,,,https://www.ebi.ac.uk/gwas/variants/rs1558902,Association 226252074 retrieved; study metadata unavailable or capped,Reported human genetic association for an obesity-related trait.
FTO,FTO,rs8043757,rs8043757,Obesity,MONDO_0011122,GCST001953,23563607.0,5e-110,-,T,16.0,53779538.0,,,https://www.ebi.ac.uk/gwas/variants/rs8043757,Association 32954 retrieved; study metadata unavailable or capped,Reported human genetic association for an obesity-related trait.
FTO,FTO,rs9928094,rs9928094,Obesity (extreme),EFO_0007041,GCST007241,30677029.0,6e-101,-,G,16.0,53765993.0,,,https://www.ebi.ac.uk/gwas/variants/rs9928094,Association 36609264 retrieved; study metadata unavailable or capped,Reported human genetic association for an obesity-related trait.
FTO,FTO,rs1558902,rs1558902,Obesity,MONDO_0011122,GCST001953,23563607.0,2e-81,-,A,16.0,53769662.0,,,https://www.ebi.ac.uk/gwas/variants/rs1558902,Association 34499 retrieved; study metadata unavailable or capped,Reported human genetic association for an obesity-related trait.
FTO,FTO,rs7185735,rs7185735,Obesity,MONDO_0011122,GCST001953,23563607.0,1e-79,-,G,16.0,53788739.0,,,https://www.ebi.ac.uk/gwas/variants/rs7185735,Association 32975 retrieved; study metadata unavailable or capped,Reported human genetic association for an obesity-related trait.
FTO,FTO,rs9930333,rs9930333,Obese vs. thin,EFO_0007041,GCST007240,30677029.0,8.999999999999999e-76,-,G,16.0,53766065.0,,,https://www.ebi.ac.uk/gwas/variants/rs9930333,Association 36609067 retrieved; study metadata unavailable or capped,Reported human genetic association for an obesity-related trait.
FTO,FTO,rs11642015,rs11642015,Metabolic syndrome cluster 3 (obese endotype),EFO_0000195,GCST90859210,39040048.0,2e-41,-,?,16.0,53768582.0,,,https://www.ebi.ac.uk/gwas/variants/rs11642015,Association 221153246 retrieved; study metadata unavailable or capped,Reported human genetic association for an obesity-related trait.
FTO,FTO,rs8057044,rs8057044,Body mass index,EFO_0004340,GCST90662912,40436827.0,0.0,0.0674 unit increase,A,16.0,53778702.0,,,https://www.ebi.ac.uk/gwas/variants/rs8057044,Association 191908155 retrieved; study metadata unavailable or capped,Reported human genetic association for an obesity-related trait.
FTO,FTO,rs1421085,rs1421085,"Body mass index (BMI, maximum, inv-normal transformed)",EFO_0004340,GCST90479521,39024449.0,1e-323,0.1489 unit decrease,T,16.0,53767042.0,,,https://www.ebi.ac.uk/gwas/variants/rs1421085,Association 226141006 retrieved; study metadata unavailable or capped,Reported human genetic association for an obesity-related trait.
SH2B1,"ATP2A1-AS1, SH2B1",rs7359397,rs7359397,Body mass index,EFO_0004340,GCST90255621,36581621.0,8.000000000000001e-88,0.0269 unit decrease,C,16.0,28874338.0,European ancestry individuals,"1,122,049 European ancestry individuals",https://www.ebi.ac.uk/gwas/variants/rs7359397,Association 104117429 retrieved; study metadata fetched,Reported human genetic association for an obesity-related trait.
SH2B1,SH2B1,rs62037364,rs62037364,"Body mass index (BMI, maximum, inv-normal transformed)",EFO_0004340,GCST90475153,39024449.0,3e-94,0.06085 unit decrease,G,16.0,28857374.0,European ancestry individuals,"424,231 European ancestry individuals",https://www.ebi.ac.uk/gwas/variants/rs62037364,Association 226008214 retrieved; study metadata fetched,Reported human genetic association for an obesity-related trait.
SH2B1,SH2B1,rs7498665,rs7498665,Body mass index,EFO_0004340,GCST009003,30239722.0,1e-66,0.0285 unit decrease,A,16.0,28871920.0,,,https://www.ebi.ac.uk/gwas/variants/rs7498665,Association 49134829 retrieved; study metadata unavailable or capped,Reported human genetic association for an obesity-related trait.
SH2B1,SH2B1,rs7498665,rs7498665,Body mass index,EFO_0004340,GCST009004,30239722.0,1e-66,0.0285 unit decrease,A,16.0,28871920.0,,,https://www.ebi.ac.uk/gwas/variants/rs7498665,Association 49130876 retrieved; study metadata unavailable or capped,Reported human genetic association for an obesity-related trait.
SH2B1,SH2B1,rs7498665,rs7498665,Body mass index,EFO_0004340,GCST90446645,39375568.0,2e-52,0.0268 unit decrease,A,16.0,28871920.0,,,https://www.ebi.ac.uk/gwas/variants/rs7498665,Association 138725138 retrieved; study metadata unavailable or capped,Reported human genetic association for an obesity-related trait.
SH2B1,SH2B1,rs62037364,rs62037364,"Body mass index (BMI, maximum, inv-normal transformed)",EFO_0004340,GCST90479521,39024449.0,6e-41,0.04412 unit decrease,G,16.0,28857374.0,,,https://www.ebi.ac.uk/gwas/variants/rs62037364,Association 226140770 retrieved; study metadata unavailable or capped,Reported human genetic association for an obesity-related trait.
SH2B1,SH2B1,rs7498665,rs7498665,Body mass index,EFO_0004340,GCST007039,30595370.0,1e-40,-,?,16.0,28871920.0,,,https://www.ebi.ac.uk/gwas/variants/rs7498665,Association 36061698 retrieved; study metadata unavailable or capped,Reported human genetic association for an obesity-related trait.
SH2B1,SH2B1,rs7498665,rs7498665,Body mass index,EFO_0004340,GCST009871,31669095.0,4e-40,-,?,16.0,28871920.0,,,https://www.ebi.ac.uk/gwas/variants/rs7498665,Association 55734537 retrieved; study metadata unavailable or capped,Reported human genetic association for an obesity-related trait.
SH2B1,SH2B1,rs7498665,rs7498665,Body mass index,EFO_0004340,GCST90301650,37280435.0,5.9999999999999996e-40,0.0258728 unit decrease,A,16.0,28871920.0,,,https://www.ebi.ac.uk/gwas/variants/rs7498665,Association 119088360 retrieved; study metadata unavailable or capped,Reported human genetic association for an obesity-related trait.
SH2B1,SH2B1,rs56226746,rs56226746,"Body mass index (BMI, mean, inv-normal transformed)",EFO_0004340,GCST90479522,39024449.0,5.9999999999999996e-40,0.0432 unit decrease,G,16.0,28853128.0,,,https://www.ebi.ac.uk/gwas/variants/rs56226746,Association 226145961 retrieved; study metadata unavailable or capped,Reported human genetic association for an obesity-related trait.
SH2B1,SH2B1,rs62037364,rs62037364,"Body mass index (BMI, minimum, inv-normal transformed)",EFO_0004340,GCST90479523,39024449.0,3e-33,0.03688 unit decrease,G,16.0,28857374.0,,,https://www.ebi.ac.uk/gwas/variants/rs62037364,Association 226149064 retrieved; study metadata unavailable or capped,Reported human genetic association for an obesity-related trait.
SH2B1,SH2B1,rs7498665,rs7498665,Trunk fat mass (UKB data field 23128),OBA_0004528,GCST90468180,39789286.0,2e-50,0.028405141 unit increase,G,16.0,28871920.0,,,https://www.ebi.ac.uk/gwas/variants/rs7498665,Association 188147666 retrieved; study metadata unavailable or capped,Reported human genetic association for an obesity-related trait.
SH2B1,SH2B1,rs7498665,rs7498665,Body fat percentage (UKB data field 23099),EFO_0007800,GCST90468160,39789286.0,3.0000000000000004e-43,0.01996299 unit increase,G,16.0,28871920.0,,,https://www.ebi.ac.uk/gwas/variants/rs7498665,Association 188123074 retrieved; study metadata unavailable or capped,Reported human genetic association for an obesity-related trait.
SH2B1,SH2B1,rs62037364,rs62037364,Obesity (PheCode 278.1),MONDO_0011122,GCST90479952,39024449.0,2e-24,0.04913 unit decrease,G,16.0,28857374.0,,,https://www.ebi.ac.uk/gwas/variants/rs62037364,Association 226252589 retrieved; study metadata unavailable or capped,Reported human genetic association for an obesity-related trait.
SH2B1,SH2B1,rs7498665,rs7498665,Waist circumference (UKB data field 48),OBA_1001085,GCST90468182,39789286.0,5e-40,0.02269985 unit increase,G,16.0,28871920.0,,,https://www.ebi.ac.uk/gwas/variants/rs7498665,Association 188148540 retrieved; study metadata unavailable or capped,Reported human genetic association for an obesity-related trait.
SH2B1,SH2B1,rs62037364,rs62037364,"Overweight, obesity and other hyperalimentation (PheCode 278)","MONDO_0003916, MONDO_0011122",GCST90479955,39024449.0,1e-21,0.04552 unit decrease,G,16.0,28857374.0,,,https://www.ebi.ac.uk/gwas/variants/rs62037364,Association 226253720 retrieved; study metadata unavailable or capped,Reported human genetic association for an obesity-related trait.
SH2B1,"ATP2A1-AS1, SH2B1",rs7359397,rs7359397,Body mass index,EFO_0004340,GCST000830,20935630.0,2e-20,0.15 kg/m2 increase,T,16.0,28874338.0,,,https://www.ebi.ac.uk/gwas/variants/rs7359397,Association 16436 retrieved; study metadata unavailable or capped,Reported human genetic association for an obesity-related trait.
SH2B1,SH2B1,rs7498665,rs7498665,Obesity,MONDO_0011122,GCST001953,23563607.0,3.0000000000000014e-13,-,G,16.0,28871920.0,,,https://www.ebi.ac.uk/gwas/variants/rs7498665,Association 32967 retrieved; study metadata unavailable or capped,Reported human genetic association for an obesity-related trait.
SH2B1,SH2B1,rs62037364,rs62037364,"Body mass index (BMI, mean, inv-normal transformed)",EFO_0004340,GCST90475155,39024449.0,8e-17,0.0433 unit decrease,G,16.0,28857374.0,,,https://www.ebi.ac.uk/gwas/variants/rs62037364,Association 226011580 retrieved; study metadata unavailable or capped,Reported human genetic association for an obesity-related trait.
SH2B1,SH2B1,rs4788102,rs4788102,Body mass index (joint analysis main effects and physical activity interaction),"EFO_0004340, EFO_0008002",GCST004558,28448500.0,1e-16,-,?,16.0,28862077.0,,,https://www.ebi.ac.uk/gwas/variants/rs4788102,Association 21715699 retrieved; study metadata unavailable or capped,Reported human genetic association for an obesity-related trait.
PCSK1,"CAST, PCSK1",rs6234,rs6234,Body mass index,EFO_0004340,GCST90255621,36581621.0,2e-25,0.0155 unit decrease,G,5.0,96393270.0,European ancestry individuals,"1,122,049 European ancestry individuals",https://www.ebi.ac.uk/gwas/variants/rs6234,Association 104110870 retrieved; study metadata fetched,Reported human genetic association for an obesity-related trait.
PCSK1,"CAST, PCSK1",rs6235,rs6235,Body mass index,EFO_0004340,GCST009001,30239722.0,4e-20,0.0176 unit decrease,C,5.0,96393194.0,European ancestry male individuals,"374,756 European ancestry male individuals",https://www.ebi.ac.uk/gwas/variants/rs6235,Association 49136965 retrieved; study metadata fetched,Reported human genetic association for an obesity-related trait.
PCSK1,"CAST, PCSK1",rs6234,rs6234,Body mass index,EFO_0004340,GCST008129,29273807.0,3e-17,0.0166 unit increase,C,5.0,96393270.0,"up to 449,889 European ancestry individuals, up to 29,398 South Asian ancestry individuals, up to 27,610 African American individuals, up to 8,839 East Asian individuals, up to 10,772 Hispanic ancestry individuals","up to 449,889 European ancestry individuals, up to 29,398 South Asian ancestry individuals, up to 27,610 African American individuals, up to 8,839 East Asian individuals, up to 10,772 Hispanic ancestry individuals | up to 196,766 European ancestry individuals",https://www.ebi.ac.uk/gwas/variants/rs6234,Association 41553491 retrieved; study metadata fetched,Reported human genetic association for an obesity-related trait.
PCSK1,"CAST, PCSK1",rs6235,rs6235,Body mass index,EFO_0004340,GCST007039,30595370.0,1e-15,-,?,5.0,96393194.0,"approximately 458,000 European ancestry individuals","approximately 458,000 European ancestry individuals",https://www.ebi.ac.uk/gwas/variants/rs6235,Association 36059750 retrieved; study metadata fetched,Reported human genetic association for an obesity-related trait.
PCSK1,"CAST, PCSK1",rs6235,rs6235,Body mass index,EFO_0004340,GCST009871,31669095.0,9.000000000000001e-15,-,?,5.0,96393194.0,European ancestry individuals,"457,822 European ancestry individuals",https://www.ebi.ac.uk/gwas/variants/rs6235,Association 55731188 retrieved; study metadata fetched,Reported human genetic association for an obesity-related trait.
PCSK1,"CAST, PCSK1",rs6235,rs6235,Body mass index,EFO_0004340,GCST90301650,37280435.0,5e-14,0.0164478 unit decrease,C,5.0,96393194.0,,,https://www.ebi.ac.uk/gwas/variants/rs6235,Association 119091602 retrieved; study metadata unavailable or capped,Reported human genetic association for an obesity-related trait.
PCSK1,"CAST, PCSK1",rs11395420,rs11395420,Body mass index,EFO_0004340,GCST90435413,39134668.0,2e-11,0.0156169 unit increase,?,5.0,96400857.0,,,https://www.ebi.ac.uk/gwas/variants/rs11395420,Association 134165376 retrieved; study metadata unavailable or capped,Reported human genetic association for an obesity-related trait.
PCSK1,"CAST, PCSK1",rs6232,rs6232,Body mass index (MTAG),EFO_0004340,GCST90179150,36376304.0,5e-11,0.02596 unit decrease,T,5.0,96416081.0,,,https://www.ebi.ac.uk/gwas/variants/rs6232,Association 101966936 retrieved; study metadata unavailable or capped,Reported human genetic association for an obesity-related trait.
PCSK1,"CAST, PCSK1",rs6234,rs6234,Fasting blood glucose adjusted for BMI,OBA_VT0000188,GCST007858,25625282.0,3.0000000000000004e-08,0.022 unit decrease,C,5.0,96393270.0,,,https://www.ebi.ac.uk/gwas/variants/rs6234,Association 45981556 retrieved; study metadata unavailable or capped,Reported human genetic association for an obesity-related trait.
PCSK1,"CAST, PCSK1",rs6235,rs6235,Body mass index,EFO_0004340,GCST90428119,38538606.0,4e-08,0.0149176 unit increase,G,5.0,96393194.0,,,https://www.ebi.ac.uk/gwas/variants/rs6235,Association 131618006 retrieved; study metadata unavailable or capped,Reported human genetic association for an obesity-related trait.
PCSK1,"CAST, PCSK1",rs6235,rs6235,Whole body fat mass (UKB data field 23100),OBA_0004528,GCST90428121,38538606.0,1e-10,0.0171066 unit increase,G,5.0,96393194.0,,,https://www.ebi.ac.uk/gwas/variants/rs6235,Association 131628686 retrieved; study metadata unavailable or capped,Reported human genetic association for an obesity-related trait.
ADCY3,ADCY3,rs11676272,rs11676272,Body mass index,EFO_0004340,GCST90255621,36581621.0,1e-96,0.0278 unit increase,G,2.0,24918669.0,European ancestry individuals,"1,122,049 European ancestry individuals",https://www.ebi.ac.uk/gwas/variants/rs11676272,Association 104107580 retrieved; study metadata fetched,Reported human genetic association for an obesity-related trait.
ADCY3,"ADCY3, DNAJC27",rs6749422,rs6749422,Body mass index,EFO_0004340,GCST90662912,40436827.0,2e-108,0.034 unit decrease,C,2.0,24927142.0,"East Asian ancestry individuals, 420,829 European ancestry individuals","507,850 East Asian ancestry individuals, 420,829 European ancestry individuals",https://www.ebi.ac.uk/gwas/variants/rs6749422,Association 191907230 retrieved; study metadata fetched,Reported human genetic association for an obesity-related trait.
ADCY3,ADCY3,rs11676272,rs11676272,Body mass index (MTAG),EFO_0004340,GCST90179150,36376304.0,2e-90,0.03344 unit decrease,A,2.0,24918669.0,European ancestry individuals,"694,649 European ancestry individuals",https://www.ebi.ac.uk/gwas/variants/rs11676272,Association 101964821 retrieved; study metadata fetched,Reported human genetic association for an obesity-related trait.
ADCY3,"ADCY3, DNAJC27",rs6749422,rs6749422,Childhood body mass index,EFO_0004340,GCST90301649,37280435.0,1e-117,0.0483263 unit decrease,C,2.0,24927142.0,European ancestry individuals,"441,761 European ancestry individuals",https://www.ebi.ac.uk/gwas/variants/rs6749422,Association 119085906 retrieved; study metadata fetched,Reported human genetic association for an obesity-related trait.
ADCY3,ADCY3,rs10203386,rs10203386,Body mass index,EFO_0004340,GCST009003,30239722.0,1e-78,0.0318 unit increase,A,2.0,24913997.0,European ancestry female individuals,"434,794 European ancestry female individuals",https://www.ebi.ac.uk/gwas/variants/rs10203386,Association 49133559 retrieved; study metadata fetched,Reported human genetic association for an obesity-related trait.
ADCY3,"ADCY3, DNAJC27",rs713586,rs713586,BMI and adiposity (confirmatory factor analysis Factor 7),EFO_0004340,GCST90309342,38965376.0,3e-27,-,?,2.0,24935139.0,,,https://www.ebi.ac.uk/gwas/variants/rs713586,Association 136009226 retrieved; study metadata unavailable or capped,Reported human genetic association for an obesity-related trait.
ADCY3,ADCY3,rs10203386,rs10203386,Body mass index,EFO_0004340,GCST009004,30239722.0,1e-78,0.0318 unit increase,A,2.0,24913997.0,,,https://www.ebi.ac.uk/gwas/variants/rs10203386,Association 49127920 retrieved; study metadata unavailable or capped,Reported human genetic association for an obesity-related trait.
ADCY3,ADCY3,rs1529897,rs1529897,Body mass index,EFO_0004340,GCST009001,30239722.0,1.0000000000000001e-72,0.0307 unit decrease,T,2.0,24863958.0,,,https://www.ebi.ac.uk/gwas/variants/rs1529897,Association 49136505 retrieved; study metadata unavailable or capped,Reported human genetic association for an obesity-related trait.
ADCY3,"ADCY3, DNAJC27",rs6752378,rs6752378,Body mass index,EFO_0004340,GCST90301650,37280435.0,3e-71,0.0341524 unit decrease,C,2.0,24927247.0,,,https://www.ebi.ac.uk/gwas/variants/rs6752378,Association 119090134 retrieved; study metadata unavailable or capped,Reported human genetic association for an obesity-related trait.
ADCY3,"ADCY3, DNAJC27",rs6752378,rs6752378,Body mass index,EFO_0004340,GCST007039,30595370.0,2e-70,-,?,2.0,24927247.0,,,https://www.ebi.ac.uk/gwas/variants/rs6752378,Association 36058798 retrieved; study metadata unavailable or capped,Reported human genetic association for an obesity-related trait.
ADCY3,ADCY3,rs10203386,rs10203386,Body mass index,EFO_0004340,GCST009871,31669095.0,7e-67,-,?,2.0,24913997.0,,,https://www.ebi.ac.uk/gwas/variants/rs10203386,Association 55729105 retrieved; study metadata unavailable or capped,Reported human genetic association for an obesity-related trait.
ADCY3,"ADCY3, DNAJC27",rs112058391,rs112058391,Body mass index (UKB data field 21001),EFO_0004340,GCST90468161,39789286.0,1.9999999999999999e-63,0.030766139 unit increase,CA,2.0,24938466.0,,,https://www.ebi.ac.uk/gwas/variants/rs112058391,Association 188123411 retrieved; study metadata unavailable or capped,Reported human genetic association for an obesity-related trait.
ADCY3,"ADCY3, DNAJC27",rs10182181,rs10182181,Body mass index,EFO_0004340,GCST90446645,39375568.0,3e-61,0.0299 unit decrease,A,2.0,24927427.0,,,https://www.ebi.ac.uk/gwas/variants/rs10182181,Association 138721954 retrieved; study metadata unavailable or capped,Reported human genetic association for an obesity-related trait.
ADCY3,"ADCY3, DNAJC27",rs6749422,rs6749422,Body mass index,EFO_0004340,GCST90018947,34594039.0,2e-59,0.0308 unit increase,G,2.0,24927142.0,,,https://www.ebi.ac.uk/gwas/variants/rs6749422,Association 93494519 retrieved; study metadata unavailable or capped,Reported human genetic association for an obesity-related trait.
ADCY3,"ADCY3, DNAJC27",rs6752378,rs6752378,Body mass index,EFO_0004340,GCST90435413,39134668.0,2e-59,0.0337924 unit increase,?,2.0,24927247.0,,,https://www.ebi.ac.uk/gwas/variants/rs6752378,Association 134167289 retrieved; study metadata unavailable or capped,Reported human genetic association for an obesity-related trait.
ADCY3,ADCY3,rs11676272,rs11676272,Body mass index,EFO_0004340,GCST008129,29273807.0,4e-59,0.0294 unit increase,G,2.0,24918669.0,,,https://www.ebi.ac.uk/gwas/variants/rs11676272,Association 41553464 retrieved; study metadata unavailable or capped,Reported human genetic association for an obesity-related trait.
ADCY3,"ADCY3, DNAJC27",rs6749422,rs6749422,Body mass index,EFO_0004340,GCST90428119,38538606.0,2.0000000000000003e-49,0.0355677 unit increase,G,2.0,24927142.0,,,https://www.ebi.ac.uk/gwas/variants/rs6749422,Association 131612857 retrieved; study metadata unavailable or capped,Reported human genetic association for an obesity-related trait.
ADCY3,ADCY3,rs10203386,rs10203386,Body mass index,EFO_0004340,GCST009121,31453325.0,8e-43,-,?,2.0,24913997.0,,,https://www.ebi.ac.uk/gwas/variants/rs10203386,Association 52122784 retrieved; study metadata unavailable or capped,Reported human genetic association for an obesity-related trait.
ADCY3,ADCY3,rs139058744,rs139058744,Body mass index,EFO_0004340,GCST90428119,38538606.0,1e-41,0.0326854 unit increase,GCTCA,2.0,24875165.0,,,https://www.ebi.ac.uk/gwas/variants/rs139058744,Association 131612869 retrieved; study metadata unavailable or capped,Reported human genetic association for an obesity-related trait.
ADCY3,"ADCY3, DNAJC27",rs6726261,rs6726261,Waist circumference adjusted for body mass index,EFO_0007789,GCST90020029,34021172.0,4e-14,0.02229 unit decrease,C,2.0,24931117.0,,,https://www.ebi.ac.uk/gwas/variants/rs6726261,Association 90707291 retrieved; study metadata unavailable or capped,Reported human genetic association for an obesity-related trait.
GIPR,GIPR,rs35560038,rs35560038,Body mass index,EFO_0004340,GCST90662912,40436827.0,4e-111,0.0384 unit increase,A,19.0,45671788.0,"East Asian ancestry individuals, 420,829 European ancestry individuals","507,850 East Asian ancestry individuals, 420,829 European ancestry individuals",https://www.ebi.ac.uk/gwas/variants/rs35560038,Association 191906090 retrieved; study metadata fetched,Reported human genetic association for an obesity-related trait.
GIPR,GIPR,rs2238691,rs2238691,"Body mass index (BMI, maximum, inv-normal transformed)",EFO_0004340,GCST90475153,39024449.0,8e-102,0.07609 unit increase,G,19.0,45675785.0,European ancestry individuals,"424,231 European ancestry individuals",https://www.ebi.ac.uk/gwas/variants/rs2238691,Association 226007262 retrieved; study metadata fetched,Reported human genetic association for an obesity-related trait.
GIPR,GIPR,rs2238691,rs2238691,"Body mass index (BMI, mean, inv-normal transformed)",EFO_0004340,GCST90475156,39024449.0,2e-98,0.074 unit increase,G,19.0,45675785.0,European ancestry individuals,"424,221 European ancestry individuals",https://www.ebi.ac.uk/gwas/variants/rs2238691,Association 226038497 retrieved; study metadata fetched,Reported human genetic association for an obesity-related trait.
GIPR,GIPR,rs1800437,rs1800437,BMI and adiposity (confirmatory factor analysis Factor 7),EFO_0004340,GCST90309342,38965376.0,1e-22,-,?,19.0,45678134.0,,,https://www.ebi.ac.uk/gwas/variants/rs1800437,Association 136009261 retrieved; study metadata unavailable or capped,Reported human genetic association for an obesity-related trait.
GIPR,GIPR,rs1800437,rs1800437,Body mass index,EFO_0004340,GCST90255621,36581621.0,5e-90,0.033 unit increase,G,19.0,45678134.0,,,https://www.ebi.ac.uk/gwas/variants/rs1800437,Association 104119167 retrieved; study metadata unavailable or capped,Reported human genetic association for an obesity-related trait.
GIPR,GIPR,rs35560038,rs35560038,Body mass index,EFO_0004340,GCST90018947,34594039.0,4e-61,0.0382 unit decrease,T,19.0,45671788.0,,,https://www.ebi.ac.uk/gwas/variants/rs35560038,Association 93496659 retrieved; study metadata unavailable or capped,Reported human genetic association for an obesity-related trait.
GIPR,GIPR,rs11672660,rs11672660,Body mass index,EFO_0004340,GCST009003,30239722.0,7.000000000000004e-60,0.0338 unit decrease,T,19.0,45676926.0,,,https://www.ebi.ac.uk/gwas/variants/rs11672660,Association 49133743 retrieved; study metadata unavailable or capped,Reported human genetic association for an obesity-related trait.
GIPR,GIPR,rs11672660,rs11672660,Body mass index,EFO_0004340,GCST009004,30239722.0,7.000000000000004e-60,0.0338 unit decrease,T,19.0,45676926.0,,,https://www.ebi.ac.uk/gwas/variants/rs11672660,Association 49128324 retrieved; study metadata unavailable or capped,Reported human genetic association for an obesity-related trait.
GIPR,GIPR,rs1800437,rs1800437,Body mass index,EFO_0004340,GCST009001,30239722.0,3e-59,0.0339 unit decrease,C,19.0,45678134.0,,,https://www.ebi.ac.uk/gwas/variants/rs1800437,Association 49136585 retrieved; study metadata unavailable or capped,Reported human genetic association for an obesity-related trait.
GIPR,GIPR,rs11672660,rs11672660,Body mass index (MTAG),EFO_0004340,GCST90179150,36376304.0,1e-58,0.03367 unit decrease,T,19.0,45676926.0,,,https://www.ebi.ac.uk/gwas/variants/rs11672660,Association 101972064 retrieved; study metadata unavailable or capped,Reported human genetic association for an obesity-related trait.
GIPR,GIPR,rs11672660,rs11672660,Body mass index,EFO_0004340,GCST90446645,39375568.0,2e-53,0.0339 unit increase,C,19.0,45676926.0,,,https://www.ebi.ac.uk/gwas/variants/rs11672660,Association 138725633 retrieved; study metadata unavailable or capped,Reported human genetic association for an obesity-related trait.
GIPR,GIPR,rs1800437,rs1800437,"Body mass index (BMI, maximum, inv-normal transformed)",EFO_0004340,GCST90479521,39024449.0,3e-53,0.0641 unit increase,G,19.0,45678134.0,,,https://www.ebi.ac.uk/gwas/variants/rs1800437,Association 226141694 retrieved; study metadata unavailable or capped,Reported human genetic association for an obesity-related trait.
GIPR,GIPR,rs1800437,rs1800437,"Body mass index (BMI, mean, inv-normal transformed)",EFO_0004340,GCST90479522,39024449.0,7e-53,0.06306 unit increase,G,19.0,45678134.0,,,https://www.ebi.ac.uk/gwas/variants/rs1800437,Association 226146601 retrieved; study metadata unavailable or capped,Reported human genetic association for an obesity-related trait.
GIPR,GIPR,rs35560038,rs35560038,Body mass index,EFO_0004340,GCST004904,28892062.0,3e-52,0.054 unit decrease,T,19.0,45671788.0,,,https://www.ebi.ac.uk/gwas/variants/rs35560038,Association 49100492 retrieved; study metadata unavailable or capped,Reported human genetic association for an obesity-related trait.
GIPR,GIPR,rs35560038,rs35560038,Body mass index,EFO_0004340,GCST90018727,34594039.0,6e-52,0.0500166 unit decrease,T,19.0,45671788.0,,,https://www.ebi.ac.uk/gwas/variants/rs35560038,Association 93466596 retrieved; study metadata unavailable or capped,Reported human genetic association for an obesity-related trait.
GIPR,GIPR,rs1800437,rs1800437,"Body mass index (BMI, minimum, inv-normal transformed)",EFO_0004340,GCST90479523,39024449.0,2.0000000000000012e-45,0.05458 unit increase,G,19.0,45678134.0,,,https://www.ebi.ac.uk/gwas/variants/rs1800437,Association 226149476 retrieved; study metadata unavailable or capped,Reported human genetic association for an obesity-related trait.
GIPR,GIPR,rs1800437,rs1800437,Body mass index,EFO_0004340,GCST008129,29273807.0,6e-45,0.0306 unit increase,G,19.0,45678134.0,,,https://www.ebi.ac.uk/gwas/variants/rs1800437,Association 41553620 retrieved; study metadata unavailable or capped,Reported human genetic association for an obesity-related trait.
GIPR,GIPR,rs10423928,rs10423928,Body mass index,EFO_0004340,GCST007039,30595370.0,1e-44,-,?,19.0,45679046.0,,,https://www.ebi.ac.uk/gwas/variants/rs10423928,Association 36062126 retrieved; study metadata unavailable or capped,Reported human genetic association for an obesity-related trait.
GIPR,GIPR,rs10423928,rs10423928,Body mass index,EFO_0004340,GCST009871,31669095.0,4e-43,-,?,19.0,45679046.0,,,https://www.ebi.ac.uk/gwas/variants/rs10423928,Association 55735581 retrieved; study metadata unavailable or capped,Reported human genetic association for an obesity-related trait.
GIPR,GIPR,rs11671664,rs11671664,Body mass index,EFO_0004340,GCST004904,28892062.0,3e-42,0.04 unit decrease,A,19.0,45669020.0,,,https://www.ebi.ac.uk/gwas/variants/rs11671664,Association 49100959 retrieved; study metadata unavailable or capped,Reported human genetic association for an obesity-related trait.
BDNF,BDNF,rs1829469,rs1829469,BMI and adiposity (confirmatory factor analysis Factor 7),EFO_0004340,GCST90309342,38965376.0,2e-36,-,?,11.0,27709009.0,,,https://www.ebi.ac.uk/gwas/variants/rs1829469,Association 136009196 retrieved; study metadata unavailable or capped,Reported human genetic association for an obesity-related trait.
BDNF,"BDNF, BDNF-AS",rs6265,rs6265,Body mass index,EFO_0004340,GCST90255621,36581621.0,9.999999999999999e-123,0.0396 unit increase,C,11.0,27658369.0,European ancestry individuals,"1,122,049 European ancestry individuals",https://www.ebi.ac.uk/gwas/variants/rs6265,Association 104114790 retrieved; study metadata fetched,Reported human genetic association for an obesity-related trait.
BDNF,"BDNF, BDNF-AS",rs6265,rs6265,Body mass index,EFO_0004340,GCST90662912,40436827.0,8e-135,0.0407 unit decrease,T,11.0,27658369.0,"East Asian ancestry individuals, 420,829 European ancestry individuals","507,850 East Asian ancestry individuals, 420,829 European ancestry individuals",https://www.ebi.ac.uk/gwas/variants/rs6265,Association 191907095 retrieved; study metadata fetched,Reported human genetic association for an obesity-related trait.
BDNF,"BDNF, BDNF-AS",rs6265,rs6265,Body mass index,EFO_0004340,GCST009004,30239722.0,7.000000000000001e-89,0.0413 unit decrease,T,11.0,27658369.0,European ancestry individuals,"806,834 European ancestry individuals",https://www.ebi.ac.uk/gwas/variants/rs6265,Association 49130401 retrieved; study metadata fetched,Reported human genetic association for an obesity-related trait.
BDNF,"BDNF, BDNF-AS",rs6265,rs6265,Body mass index,EFO_0004340,GCST009003,30239722.0,7.000000000000001e-89,0.0413 unit decrease,T,11.0,27658369.0,European ancestry female individuals,"434,794 European ancestry female individuals",https://www.ebi.ac.uk/gwas/variants/rs6265,Association 49134602 retrieved; study metadata fetched,Reported human genetic association for an obesity-related trait.
BDNF,"BDNF, BDNF-AS",rs6265,rs6265,Body mass index,EFO_0004340,GCST009001,30239722.0,7.000000000000001e-89,0.0413 unit decrease,T,11.0,27658369.0,European ancestry male individuals,"374,756 European ancestry male individuals",https://www.ebi.ac.uk/gwas/variants/rs6265,Association 49136970 retrieved; study metadata fetched,Reported human genetic association for an obesity-related trait.
BDNF,"BDNF, BDNF-AS",rs6265,rs6265,Body mass index (MTAG),EFO_0004340,GCST90179150,36376304.0,3e-83,0.03997 unit decrease,T,11.0,27658369.0,,,https://www.ebi.ac.uk/gwas/variants/rs6265,Association 101969278 retrieved; study metadata unavailable or capped,Reported human genetic association for an obesity-related trait.
BDNF,"BDNF, BDNF-AS",rs6265,rs6265,Body mass index,EFO_0004340,GCST008129,29273807.0,3e-68,0.0405 unit increase,C,11.0,27658369.0,,,https://www.ebi.ac.uk/gwas/variants/rs6265,Association 41553530 retrieved; study metadata unavailable or capped,Reported human genetic association for an obesity-related trait.
BDNF,"BDNF, BDNF-AS",rs34379767,rs34379767,Body mass index,EFO_0004340,GCST90018947,34594039.0,7e-63,0.036 unit decrease,A,11.0,27682662.0,,,https://www.ebi.ac.uk/gwas/variants/rs34379767,Association 93495854 retrieved; study metadata unavailable or capped,Reported human genetic association for an obesity-related trait.
BDNF,"BDNF, BDNF-AS",rs6265,rs6265,Body mass index,EFO_0004340,GCST007039,30595370.0,8e-61,-,?,11.0,27658369.0,,,https://www.ebi.ac.uk/gwas/variants/rs6265,Association 36060870 retrieved; study metadata unavailable or capped,Reported human genetic association for an obesity-related trait.
BDNF,"BDNF, BDNF-AS",rs6265,rs6265,Body mass index,EFO_0004340,GCST009871,31669095.0,3e-58,-,?,11.0,27658369.0,,,https://www.ebi.ac.uk/gwas/variants/rs6265,Association 55733078 retrieved; study metadata unavailable or capped,Reported human genetic association for an obesity-related trait.
BDNF,"BDNF, BDNF-AS",rs6265,rs6265,Body mass index,EFO_0004340,GCST90301650,37280435.0,1e-57,0.0395946 unit increase,C,11.0,27658369.0,,,https://www.ebi.ac.uk/gwas/variants/rs6265,Association 119087251 retrieved; study metadata unavailable or capped,Reported human genetic association for an obesity-related trait.
BDNF,"BDNF, BDNF-AS",rs6265,rs6265,Body mass index,EFO_0004340,GCST90446645,39375568.0,4e-56,0.0367 unit increase,C,11.0,27658369.0,,,https://www.ebi.ac.uk/gwas/variants/rs6265,Association 138724200 retrieved; study metadata unavailable or capped,Reported human genetic association for an obesity-related trait.
BDNF,"BDNF, BDNF-AS",rs6265,rs6265,Body mass index,EFO_0004340,GCST004904,28892062.0,2e-51,0.04 unit decrease,T,11.0,27658369.0,,,https://www.ebi.ac.uk/gwas/variants/rs6265,Association 49101107 retrieved; study metadata unavailable or capped,Reported human genetic association for an obesity-related trait.
BDNF,BDNF,rs11030119,rs11030119,Body mass index,EFO_0004340,GCST009871,31669095.0,6e-51,-,?,11.0,27706555.0,,,https://www.ebi.ac.uk/gwas/variants/rs11030119,Association 55733087 retrieved; study metadata unavailable or capped,Reported human genetic association for an obesity-related trait.
BDNF,"BDNF, BDNF-AS",rs6265,rs6265,Body mass index,EFO_0004340,GCST90435413,39134668.0,9.000000000000003e-51,0.0396405 unit decrease,?,11.0,27658369.0,,,https://www.ebi.ac.uk/gwas/variants/rs6265,Association 134167188 retrieved; study metadata unavailable or capped,Reported human genetic association for an obesity-related trait.
BDNF,BDNF,rs962369,rs962369,Body mass index,EFO_0004340,GCST90435413,39134668.0,2e-50,0.0334976 unit increase,?,11.0,27712873.0,,,https://www.ebi.ac.uk/gwas/variants/rs962369,Association 134167859 retrieved; study metadata unavailable or capped,Reported human genetic association for an obesity-related trait.
BDNF,"BDNF, BDNF-AS",rs4923464,rs4923464,"Body mass index (BMI, maximum, inv-normal transformed)",EFO_0004340,GCST90479521,39024449.0,2.0000000000000003e-49,0.06418 unit increase,C,11.0,27662071.0,,,https://www.ebi.ac.uk/gwas/variants/rs4923464,Association 226139358 retrieved; study metadata unavailable or capped,Reported human genetic association for an obesity-related trait.
BDNF,"BDNF, BDNF-AS",rs4923464,rs4923464,"Body mass index (BMI, mean, inv-normal transformed)",EFO_0004340,GCST90479522,39024449.0,2.0000000000000003e-49,0.06299 unit increase,C,11.0,27662071.0,,,https://www.ebi.ac.uk/gwas/variants/rs4923464,Association 226145221 retrieved; study metadata unavailable or capped,Reported human genetic association for an obesity-related trait.
BDNF,"BDNF, BDNF-AS",rs6265,rs6265,Body mass index (UKB data field 21001),EFO_0004340,GCST90468161,39789286.0,2e-47,0.03365478 unit decrease,T,11.0,27658369.0,,,https://www.ebi.ac.uk/gwas/variants/rs6265,Association 188124231 retrieved; study metadata unavailable or capped,Reported human genetic association for an obesity-related trait.
SIM1,"PRDX2P4, SIM1",rs2073267,rs2073267,Waist-to-hip ratio adjusted for BMI,EFO_0007788,GCST90020025,34021172.0,5e-31,0.042964 unit increase,G,6.0,100167776.0,British ancestry women,"219,872 British ancestry women",https://www.ebi.ac.uk/gwas/variants/rs2073267,Association 90796295 retrieved; study metadata fetched,Reported human genetic association for an obesity-related trait.
SIM1,"PRDX2P4, SIM1",rs761711,rs761711,Hip circumference adjusted for BMI,EFO_0008039,GCST90020028,34021172.0,6.0000000000000005e-30,0.0320251 unit decrease,G,6.0,100178272.0,British ancestry women,"219,872 British ancestry women",https://www.ebi.ac.uk/gwas/variants/rs761711,Association 90727455 retrieved; study metadata fetched,Reported human genetic association for an obesity-related trait.
SIM1,"PRDX2P4, SIM1",rs2073267,rs2073267,Waist-to-hip ratio adjusted for BMI,EFO_0007788,GCST009858,31669095.0,9e-28,-,?,6.0,100167776.0,,,https://www.ebi.ac.uk/gwas/variants/rs2073267,Association 55717921 retrieved; study metadata unavailable or capped,Reported human genetic association for an obesity-related trait.
SIM1,"PRDX2P4, SIM1",rs2073267,rs2073267,Waist-to-hip ratio adjusted for BMI,EFO_0007788,GCST008733,30575882.0,1e-25,0.025 unit increase,G,6.0,100167776.0,,,https://www.ebi.ac.uk/gwas/variants/rs2073267,Association 47691066 retrieved; study metadata unavailable or capped,Reported human genetic association for an obesity-related trait.
SIM1,"PRDX2P4, SIM1",rs2503100,rs2503100,Waist-to-hip ratio adjusted for BMI,EFO_0007788,GCST008994,30239722.0,5.0000000000000005e-25,0.0245 unit decrease,A,6.0,100166039.0,,,https://www.ebi.ac.uk/gwas/variants/rs2503100,Association 47381076 retrieved; study metadata unavailable or capped,Reported human genetic association for an obesity-related trait.
SIM1,"PRDX2P4, SIM1",rs2503094,rs2503094,Hip circumference adjusted for BMI,EFO_0008039,GCST90020028,34021172.0,8e-21,0.0327577 unit decrease,T,6.0,100152850.0,British ancestry women,"219,872 British ancestry women",https://www.ebi.ac.uk/gwas/variants/rs2503094,Association 90727445 retrieved; study metadata fetched,Reported human genetic association for an obesity-related trait.
SIM1,"PRDX2P4, SIM1",rs732194,rs732194,Waist-to-hip ratio adjusted for BMI,EFO_0007788,GCST90020025,34021172.0,5e-20,0.0258398 unit increase,T,6.0,100178468.0,British ancestry women,"219,872 British ancestry women",https://www.ebi.ac.uk/gwas/variants/rs732194,Association 90796307 retrieved; study metadata fetched,Reported human genetic association for an obesity-related trait.
SIM1,"PRDX2P4, SIM1",rs17185536,rs17185536,Hip circumference adjusted for BMI,EFO_0008039,GCST90020028,34021172.0,8e-19,0.029011 unit increase,T,6.0,100173055.0,British ancestry women,"219,872 British ancestry women",https://www.ebi.ac.uk/gwas/variants/rs17185536,Association 90727449 retrieved; study metadata fetched,Reported human genetic association for an obesity-related trait.
SIM1,"PRDX2P4, SIM1",rs17185536,rs17185536,Waist-to-hip ratio adjusted for BMI,EFO_0007788,GCST90020025,34021172.0,9.000000000000001e-15,0.0254029 unit decrease,T,6.0,100173055.0,British ancestry women,"219,872 British ancestry women",https://www.ebi.ac.uk/gwas/variants/rs17185536,Association 90796301 retrieved; study metadata fetched,Reported human genetic association for an obesity-related trait.
SIM1,"PRDX2P4, SIM1",rs6924944,rs6924944,Hip circumference adjusted for BMI,EFO_0008039,GCST90020028,34021172.0,5e-11,0.0216325 unit decrease,A,6.0,100149703.0,British ancestry women,"219,872 British ancestry women",https://www.ebi.ac.uk/gwas/variants/rs6924944,Association 90727441 retrieved; study metadata fetched,Reported human genetic association for an obesity-related trait.
SIM1,"PRDX2P4, SIM1",rs7756047,rs7756047,Waist-to-hip ratio adjusted for BMI,EFO_0007788,GCST90020025,34021172.0,1e-08,0.039637 unit increase,G,6.0,100178971.0,British ancestry women,"219,872 British ancestry women",https://www.ebi.ac.uk/gwas/variants/rs7756047,Association 90796312 retrieved; study metadata fetched,Reported human genetic association for an obesity-related trait.
SIM1,"PRDX2P4, SIM1",rs9496567,rs9496567,BMI and adiposity (confirmatory factor analysis Factor 7),EFO_0004340,GCST90309342,38965376.0,2e-11,-,?,6.0,100154877.0,,,https://www.ebi.ac.uk/gwas/variants/rs9496567,Association 136009791 retrieved; study metadata unavailable or capped,Reported human genetic association for an obesity-related trait.
SIM1,"PRDX2P4, SIM1",rs6937293,rs6937293,Waist-to-hip ratio adjusted for BMI,EFO_0007788,GCST009858,31669095.0,6e-19,-,?,6.0,100181585.0,,,https://www.ebi.ac.uk/gwas/variants/rs6937293,Association 55717946 retrieved; study metadata unavailable or capped,Reported human genetic association for an obesity-related trait.
SIM1,"PRDX2P4, SIM1",rs2073267,rs2073267,Waist-hip index,EFO_0007788,GCST90020027,34021172.0,4e-30,0.0422797 unit increase,G,6.0,100167776.0,British ancestry women,"219,872 British ancestry women",https://www.ebi.ac.uk/gwas/variants/rs2073267,Association 90755558 retrieved; study metadata fetched,Reported human genetic association for an obesity-related trait.
SIM1,"PRDX2P4, SIM1",rs2073267,rs2073267,Waist circumference adjusted for body mass index,EFO_0007789,GCST90020029,34021172.0,7.000000000000001e-10,0.023137 unit increase,G,6.0,100167776.0,,,https://www.ebi.ac.uk/gwas/variants/rs2073267,Association 90709850 retrieved; study metadata unavailable or capped,Reported human genetic association for an obesity-related trait.
SIM1,"PRDX2P4, SIM1",rs17789218,rs17789218,"Body mass index (BMI, maximum, inv-normal transformed)",EFO_0004340,GCST90475153,39024449.0,7.000000000000001e-24,0.03341 unit decrease,T,6.0,100152221.0,,,https://www.ebi.ac.uk/gwas/variants/rs17789218,Association 226007038 retrieved; study metadata unavailable or capped,Reported human genetic association for an obesity-related trait.
SIM1,"PRDX2P4, SIM1",rs732194,rs732194,Waist-hip index,EFO_0007788,GCST90020027,34021172.0,2e-19,0.0254143 unit increase,T,6.0,100178468.0,British ancestry women,"219,872 British ancestry women",https://www.ebi.ac.uk/gwas/variants/rs732194,Association 90755569 retrieved; study metadata fetched,Reported human genetic association for an obesity-related trait.
SIM1,"PRDX2P4, SIM1",rs17789218,rs17789218,"Body mass index (BMI, mean, inv-normal transformed)",EFO_0004340,GCST90475156,39024449.0,1.0000000000000001e-23,0.03293 unit decrease,T,6.0,100152221.0,,,https://www.ebi.ac.uk/gwas/variants/rs17789218,Association 226038313 retrieved; study metadata unavailable or capped,Reported human genetic association for an obesity-related trait.
SIM1,"PRDX2P4, SIM1",rs34260097,rs34260097,Childhood body mass index,EFO_0004340,GCST90301649,37280435.0,4e-20,0.0229922 unit decrease,T,6.0,100279827.0,,,https://www.ebi.ac.uk/gwas/variants/rs34260097,Association 119086201 retrieved; study metadata unavailable or capped,Reported human genetic association for an obesity-related trait.
SIM1,"PRDX2P4, SIM1",rs17789218,rs17789218,Waist-hip index,EFO_0007788,GCST90020027,34021172.0,4e-14,0.0247675 unit decrease,C,6.0,100152221.0,British ancestry women,"219,872 British ancestry women",https://www.ebi.ac.uk/gwas/variants/rs17789218,Association 90755564 retrieved; study metadata fetched,Reported human genetic association for an obesity-related trait.
TCF7L2,TCF7L2,rs35519679,rs35519679,Type 2 diabetes mellitus adjusted for BMI or coronary artery disease (pleiotropy),"MONDO_0005148, MONDO_0005010",GCST90451699,38062574.0,2e-218,-,?,10.0,113058995.0,"European ancestry type 2 diabetes adjusted for BMI cases, 181,522 European ancestry coronary artery disease cases, 1,508,065 European ancestry controls","50,409 European ancestry type 2 diabetes adjusted for BMI cases, 181,522 European ancestry coronary artery disease cases, 1,508,065 European ancestry controls",https://www.ebi.ac.uk/gwas/variants/rs35519679,Association 137654920 retrieved; study metadata fetched,Reported human genetic association for an obesity-related trait.
TCF7L2,TCF7L2,rs34872471,rs34872471,"Body mass index (BMI, maximum, inv-normal transformed)",EFO_0004340,GCST90475153,39024449.0,3e-121,0.07412 unit increase,T,10.0,112994312.0,European ancestry individuals,"424,231 European ancestry individuals",https://www.ebi.ac.uk/gwas/variants/rs34872471,Association 226007614 retrieved; study metadata fetched,Reported human genetic association for an obesity-related trait.
TCF7L2,TCF7L2,rs34872471,rs34872471,"Body mass index (BMI, mean, inv-normal transformed)",EFO_0004340,GCST90475156,39024449.0,9e-115,0.07136 unit increase,T,10.0,112994312.0,European ancestry individuals,"424,221 European ancestry individuals",https://www.ebi.ac.uk/gwas/variants/rs34872471,Association 226038993 retrieved; study metadata fetched,Reported human genetic association for an obesity-related trait.
TCF7L2,TCF7L2,rs34872471,rs34872471,Morbid obesity (PheCode 278.11),MONDO_0005139,GCST90475765,39024449.0,5e-48,0.1024 unit increase,T,10.0,112994312.0,,,https://www.ebi.ac.uk/gwas/variants/rs34872471,Association 226242714 retrieved; study metadata unavailable or capped,Reported human genetic association for an obesity-related trait.
TCF7L2,TCF7L2,rs7903146,rs7903146,Waist-to-hip ratio adjusted for BMI,EFO_0007788,GCST008994,30239722.0,1e-21,0.0181 unit increase,T,10.0,112998590.0,,,https://www.ebi.ac.uk/gwas/variants/rs7903146,Association 47381476 retrieved; study metadata unavailable or capped,Reported human genetic association for an obesity-related trait.
TCF7L2,TCF7L2,rs7903146,rs7903146,Waist-to-hip ratio adjusted for BMI,EFO_0007788,GCST009858,31669095.0,2e-21,-,?,10.0,112998590.0,,,https://www.ebi.ac.uk/gwas/variants/rs7903146,Association 55718775 retrieved; study metadata unavailable or capped,Reported human genetic association for an obesity-related trait.
TCF7L2,TCF7L2,rs35198068,rs35198068,"Body mass index (BMI, minimum, inv-normal transformed)",EFO_0004340,GCST90475159,39024449.0,4e-89,0.0604 unit increase,T,10.0,112995025.0,,,https://www.ebi.ac.uk/gwas/variants/rs35198068,Association 226053336 retrieved; study metadata unavailable or capped,Reported human genetic association for an obesity-related trait.
TCF7L2,TCF7L2,rs7903146,rs7903146,Body mass index and type 2 diabetes (pairwise),"MONDO_0005148, EFO_0004340",GCST011329,33619380.0,2e-77,-,C,10.0,112998590.0,,,https://www.ebi.ac.uk/gwas/variants/rs7903146,Association 73197850 retrieved; study metadata unavailable or capped,Reported human genetic association for an obesity-related trait.
TCF7L2,TCF7L2,rs7903146,rs7903146,Body mass index,EFO_0004340,GCST90255621,36581621.0,2e-66,0.0252 unit increase,C,10.0,112998590.0,,,https://www.ebi.ac.uk/gwas/variants/rs7903146,Association 104114530 retrieved; study metadata unavailable or capped,Reported human genetic association for an obesity-related trait.
TCF7L2,TCF7L2,rs7903146,rs7903146,"Body mass index (BMI, maximum, inv-normal transformed)",EFO_0004340,GCST90479521,39024449.0,2e-60,0.05615 unit increase,C,10.0,112998590.0,,,https://www.ebi.ac.uk/gwas/variants/rs7903146,Association 226139346 retrieved; study metadata unavailable or capped,Reported human genetic association for an obesity-related trait.
TCF7L2,TCF7L2,rs7903146,rs7903146,"Body mass index (BMI, mean, inv-normal transformed)",EFO_0004340,GCST90479522,39024449.0,2.9999999999999996e-60,0.05567 unit increase,C,10.0,112998590.0,,,https://www.ebi.ac.uk/gwas/variants/rs7903146,Association 226145129 retrieved; study metadata unavailable or capped,Reported human genetic association for an obesity-related trait.
TCF7L2,TCF7L2,rs7903146,rs7903146,Type 2 diabetes (adjusted for BMI),MONDO_0005148,GCST90093110,35393509.0,8e-59,0.2641 increase,T,10.0,112998590.0,,,https://www.ebi.ac.uk/gwas/variants/rs7903146,Association 96126765 retrieved; study metadata unavailable or capped,Reported human genetic association for an obesity-related trait.
TCF7L2,TCF7L2,rs7903146,rs7903146,"Body mass index (BMI, minimum, inv-normal transformed)",EFO_0004340,GCST90479523,39024449.0,1e-53,0.04945 unit increase,C,10.0,112998590.0,,,https://www.ebi.ac.uk/gwas/variants/rs7903146,Association 226148484 retrieved; study metadata unavailable or capped,Reported human genetic association for an obesity-related trait.
TCF7L2,TCF7L2,rs371134322,rs371134322,BMI and adiposity (confirmatory factor analysis Factor 7),EFO_0004340,GCST90309342,38965376.0,1e-12,-,?,10.0,113156115.0,,,https://www.ebi.ac.uk/gwas/variants/rs371134322,Association 136009621 retrieved; study metadata unavailable or capped,Reported human genetic association for an obesity-related trait.
TCF7L2,TCF7L2,rs10885405,rs10885405,Waist-to-hip ratio adjusted for body mass index or breast cancer (pleiotropy),"EFO_0007788, MONDO_0007254",GCST90693329,40874817.0,5.999999999999999e-20,-,?,10.0,113017911.0,,,https://www.ebi.ac.uk/gwas/variants/rs10885405,Association 214132349 retrieved; study metadata unavailable or capped,Reported human genetic association for an obesity-related trait.
TCF7L2,TCF7L2,rs7903146,rs7903146,Morbid obesity (PheCode 278.11),MONDO_0005139,GCST90479951,39024449.0,5.9999999999999996e-36,0.09375 unit increase,C,10.0,112998590.0,,,https://www.ebi.ac.uk/gwas/variants/rs7903146,Association 226251990 retrieved; study metadata unavailable or capped,Reported human genetic association for an obesity-related trait.
TCF7L2,TCF7L2,rs6585201,rs6585201,Waist-to-hip ratio adjusted for BMI,EFO_0007788,GCST90020025,34021172.0,9.000000000000001e-15,0.0219971 unit increase,A,10.0,113009024.0,,,https://www.ebi.ac.uk/gwas/variants/rs6585201,Association 90797791 retrieved; study metadata unavailable or capped,Reported human genetic association for an obesity-related trait.
TCF7L2,TCF7L2,rs7903146,rs7903146,Waist-to-hip ratio adjusted for BMI,EFO_0007788,GCST90020025,34021172.0,1e-13,0.0230131 unit increase,T,10.0,112998590.0,,,https://www.ebi.ac.uk/gwas/variants/rs7903146,Association 90797800 retrieved; study metadata unavailable or capped,Reported human genetic association for an obesity-related trait.
TCF7L2,TCF7L2,rs7094871,rs7094871,Waist-to-hip ratio adjusted for BMI,EFO_0007788,GCST009858,31669095.0,7e-12,-,?,10.0,112952395.0,,,https://www.ebi.ac.uk/gwas/variants/rs7094871,Association 55718779 retrieved; study metadata unavailable or capped,Reported human genetic association for an obesity-related trait.
TCF7L2,TCF7L2,rs142827301,rs142827301,Waist-to-hip ratio adjusted for BMI,EFO_0007788,GCST90020025,34021172.0,1e-11,0.0238477 unit increase,CTTCTTTCTTTCT,10.0,113036666.0,,,https://www.ebi.ac.uk/gwas/variants/rs142827301,Association 90797796 retrieved; study metadata unavailable or capped,Reported human genetic association for an obesity-related trait.
KSR2,KSR2,rs56214831,rs56214831,Body mass index,EFO_0004340,GCST90255621,36581621.0,2e-16,0.058 unit decrease,C,12.0,117539745.0,European ancestry individuals,"1,122,049 European ancestry individuals",https://www.ebi.ac.uk/gwas/variants/rs56214831,Association 104115837 retrieved; study metadata fetched,Reported human genetic association for an obesity-related trait.
KSR2,KSR2,rs9805009,rs9805009,Body mass index,EFO_0004340,GCST90662912,40436827.0,6.000000000000005e-13,0.0124 unit increase,C,12.0,117967367.0,"East Asian ancestry individuals, 420,829 European ancestry individuals","507,850 East Asian ancestry individuals, 420,829 European ancestry individuals",https://www.ebi.ac.uk/gwas/variants/rs9805009,Association 191908410 retrieved; study metadata fetched,Reported human genetic association for an obesity-related trait.
KSR2,KSR2,rs9805009,rs9805009,Body mass index,EFO_0004340,GCST90018947,34594039.0,1e-10,0.0133 unit decrease,G,12.0,117967367.0,"European ancestry individuals, 163,835 East Asian ancestry individuals","359,983 European ancestry individuals, 163,835 East Asian ancestry individuals",https://www.ebi.ac.uk/gwas/variants/rs9805009,Association 93495979 retrieved; study metadata fetched,Reported human genetic association for an obesity-related trait.
KSR2,"KSR2, RFC5",rs7968390,rs7968390,Body mass index,EFO_0004340,GCST009004,30239722.0,2e-10,0.0116 unit increase,A,12.0,117976892.0,,,https://www.ebi.ac.uk/gwas/variants/rs7968390,Association 49131101 retrieved; study metadata unavailable or capped,Reported human genetic association for an obesity-related trait.
KSR2,"KSR2, RFC5",rs7968390,rs7968390,Body mass index (MTAG),EFO_0004340,GCST90179150,36376304.0,3e-10,0.011536 unit increase,A,12.0,117976892.0,,,https://www.ebi.ac.uk/gwas/variants/rs7968390,Association 101969953 retrieved; study metadata unavailable or capped,Reported human genetic association for an obesity-related trait.
KSR2,"KSR2, RFC5",rs7973955,rs7973955,Body mass index,EFO_0004340,GCST90255621,36581621.0,3e-09,0.01 unit increase,G,12.0,117971835.0,European ancestry individuals,"1,122,049 European ancestry individuals",https://www.ebi.ac.uk/gwas/variants/rs7973955,Association 104115842 retrieved; study metadata fetched,Reported human genetic association for an obesity-related trait.
KSR2,KSR2,rs7305424,rs7305424,Childhood body mass index,EFO_0004340,GCST90301649,37280435.0,3e-10,0.0139782 unit decrease,A,12.0,117961686.0,,,https://www.ebi.ac.uk/gwas/variants/rs7305424,Association 119085178 retrieved; study metadata unavailable or capped,Reported human genetic association for an obesity-related trait.
KSR2,"KSR2, RFC5",rs7963783,rs7963783,Body mass index,EFO_0004340,GCST009001,30239722.0,7.000000000000001e-10,0.0117 unit increase,T,12.0,117971558.0,,,https://www.ebi.ac.uk/gwas/variants/rs7963783,Association 49137212 retrieved; study metadata unavailable or capped,Reported human genetic association for an obesity-related trait.
KSR2,KSR2,rs9805009,rs9805009,Body mass index,EFO_0004340,GCST007039,30595370.0,4e-09,-,?,12.0,117967367.0,,,https://www.ebi.ac.uk/gwas/variants/rs9805009,Association 36061218 retrieved; study metadata unavailable or capped,Reported human genetic association for an obesity-related trait.
KSR2,KSR2,rs9805009,rs9805009,Body mass index,EFO_0004340,GCST009871,31669095.0,7.000000000000001e-09,-,?,12.0,117967367.0,,,https://www.ebi.ac.uk/gwas/variants/rs9805009,Association 55733625 retrieved; study metadata unavailable or capped,Reported human genetic association for an obesity-related trait.
KSR2,KSR2,rs56214831,rs56214831,Body mass index,EFO_0004340,GCST008129,29273807.0,1e-08,0.057 unit increase,T,12.0,117539745.0,,,https://www.ebi.ac.uk/gwas/variants/rs56214831,Association 62273609 retrieved; study metadata unavailable or capped,Reported human genetic association for an obesity-related trait.
KSR2,"KSR2, RFC5",rs7963783,rs7963783,Body mass index,EFO_0004340,GCST90446645,39375568.0,1e-08,0.0116 unit increase,T,12.0,117971558.0,,,https://www.ebi.ac.uk/gwas/variants/rs7963783,Association 138724596 retrieved; study metadata unavailable or capped,Reported human genetic association for an obesity-related trait.
KSR2,"KSR2, RFC5",rs7973834,rs7973834,Body mass index,EFO_0004340,GCST90301650,37280435.0,2e-08,0.0118049 unit increase,G,12.0,117971743.0,,,https://www.ebi.ac.uk/gwas/variants/rs7973834,Association 119087506 retrieved; study metadata unavailable or capped,Reported human genetic association for an obesity-related trait.
KSR2,KSR2,rs9805009,rs9805009,Weight,EFO_0004338,GCST90018949,34594039.0,3e-12,0.0126 unit decrease,G,12.0,117967367.0,"European ancestry individuals, 165,419 East Asian ancestry individuals","360,116 European ancestry individuals, 165,419 East Asian ancestry individuals",https://www.ebi.ac.uk/gwas/variants/rs9805009,Association 93499967 retrieved; study metadata fetched,Reported human genetic association for an obesity-related trait.
KSR2,KSR2,rs9805009,rs9805009,Weight,EFO_0004338,GCST90662910,40436827.0,3e-11,0.0092 unit increase,C,12.0,117967367.0,"East Asian ancestry individuals, 420,829 European ancestry individuals","507,850 East Asian ancestry individuals, 420,829 European ancestry individuals",https://www.ebi.ac.uk/gwas/variants/rs9805009,Association 191898977 retrieved; study metadata fetched,Reported human genetic association for an obesity-related trait.
KSR2,KSR2,rs4304868,rs4304868,Visceral adipose tissue adjusted for BMI,"OBA_2045224, EFO_0004340",GCST001523,22589738.0,8e-06,-,A,12.0,117732104.0,,,https://www.ebi.ac.uk/gwas/variants/rs4304868,Association 22892 retrieved; study metadata unavailable or capped,Reported human genetic association for an obesity-related trait.
KSR2,KSR2,rs150458590,rs150458590,Hip circumference adjusted for BMI,EFO_0008039,GCST008156,28552196.0,5e-06,1.0274 unit decrease,T,12.0,117911231.0,,,https://www.ebi.ac.uk/gwas/variants/rs150458590,Association 22687147 retrieved; study metadata unavailable or capped,Reported human genetic association for an obesity-related trait.
KSR2,KSR2,rs10507285,rs10507285,Body mass index (change over time) in chronic obstructive pulmonary disease,EFO_0005937,GCST004105,28044437.0,8e-06,0.075 unit increase,?,12.0,117858119.0,,,https://www.ebi.ac.uk/gwas/variants/rs10507285,Association 19189056 retrieved; study metadata unavailable or capped,Reported human genetic association for an obesity-related trait.
TMEM18,"LINC01875, TMEM18",rs12463617,rs12463617,Obesity (BMI 25 kg/m2),MONDO_0011122,GCST90566414,41206923.0,4e-47,-,?,2.0,629244.0,,,https://www.ebi.ac.uk/gwas/variants/rs12463617,Association 214537565 retrieved; study metadata unavailable or capped,Reported human genetic association for an obesity-related trait.
TMEM18,"LINC01875, TMEM18",rs6751993,rs6751993,BMI and adiposity (confirmatory factor analysis Factor 7),EFO_0004340,GCST90309342,38965376.0,2.0000000000000003e-49,-,?,2.0,635864.0,,,https://www.ebi.ac.uk/gwas/variants/rs6751993,Association 136009186 retrieved; study metadata unavailable or capped,Reported human genetic association for an obesity-related trait.
TMEM18,"LINC01875, TMEM18",rs6548238,rs6548238,Body mass index,EFO_0004340,GCST90255621,36581621.0,2.999999999999999e-214,0.055 unit increase,C,2.0,634905.0,European ancestry individuals,"1,122,049 European ancestry individuals",https://www.ebi.ac.uk/gwas/variants/rs6548238,Association 104107469 retrieved; study metadata fetched,Reported human genetic association for an obesity-related trait.
TMEM18,"LINC01875, TMEM18",rs6751993,rs6751993,Body mass index,EFO_0004340,GCST90662912,40436827.0,1e-215,0.0746 unit decrease,A,2.0,635864.0,"East Asian ancestry individuals, 420,829 European ancestry individuals","507,850 East Asian ancestry individuals, 420,829 European ancestry individuals",https://www.ebi.ac.uk/gwas/variants/rs6751993,Association 191907235 retrieved; study metadata fetched,Reported human genetic association for an obesity-related trait.
TMEM18,"LINC01875, TMEM18",rs6711012,rs6711012,Obesity,MONDO_0011122,GCST001953,23563607.0,2.9999999999999998e-40,-,C,2.0,624034.0,,,https://www.ebi.ac.uk/gwas/variants/rs6711012,Association 32955 retrieved; study metadata unavailable or capped,Reported human genetic association for an obesity-related trait.
TMEM18,"LINC01875, TMEM18",rs6710140,rs6710140,Body mass index,EFO_0004340,GCST90255621,36581621.0,3e-33,0.0196 unit decrease,C,2.0,621006.0,European ancestry individuals,"1,122,049 European ancestry individuals",https://www.ebi.ac.uk/gwas/variants/rs6710140,Association 104107458 retrieved; study metadata fetched,Reported human genetic association for an obesity-related trait.
TMEM18,"LINC01875, TMEM18",rs13411762,rs13411762,Body mass index,EFO_0004340,GCST90255621,36581621.0,4e-31,0.0318 unit increase,C,2.0,554109.0,European ancestry individuals,"1,122,049 European ancestry individuals",https://www.ebi.ac.uk/gwas/variants/rs13411762,Association 104107448 retrieved; study metadata fetched,Reported human genetic association for an obesity-related trait.
TMEM18,"LINC01875, TMEM18",rs13028310,rs13028310,"Body mass index (BMI, maximum, inv-normal transformed)",EFO_0004340,GCST90475153,39024449.0,2e-188,0.1141 unit decrease,T,2.0,632591.0,,,https://www.ebi.ac.uk/gwas/variants/rs13028310,Association 226006802 retrieved; study metadata unavailable or capped,Reported human genetic association for an obesity-related trait.
TMEM18,"LINC01875, TMEM18",rs13028310,rs13028310,"Body mass index (BMI, mean, inv-normal transformed)",EFO_0004340,GCST90475156,39024449.0,7e-176,0.109 unit decrease,T,2.0,632591.0,,,https://www.ebi.ac.uk/gwas/variants/rs13028310,Association 226037973 retrieved; study metadata unavailable or capped,Reported human genetic association for an obesity-related trait.
TMEM18,"LINC01875, TMEM18",rs13021737,rs13021737,Body mass index or knee osteoarthritis (pleiotropy),"MONDO_0005416, EFO_0004340",GCST90271770,36889626.0,1e-169,-,A,2.0,632348.0,,,https://www.ebi.ac.uk/gwas/variants/rs13021737,Association 105989259 retrieved; study metadata unavailable or capped,Reported human genetic association for an obesity-related trait.
TMEM18,"LINC01875, TMEM18",rs13021737,rs13021737,Body mass index (MTAG),EFO_0004340,GCST90179150,36376304.0,2.0000000000000002e-163,0.06014 unit decrease,A,2.0,632348.0,,,https://www.ebi.ac.uk/gwas/variants/rs13021737,Association 101964761 retrieved; study metadata unavailable or capped,Reported human genetic association for an obesity-related trait.
TMEM18,"LINC01875, TMEM18",rs13021737,rs13021737,Body mass index,EFO_0004340,GCST009004,30239722.0,3.0000000000000003e-161,0.0578 unit decrease,A,2.0,632348.0,,,https://www.ebi.ac.uk/gwas/variants/rs13021737,Association 49128740 retrieved; study metadata unavailable or capped,Reported human genetic association for an obesity-related trait.
TMEM18,"LINC01875, TMEM18",rs6548237,rs6548237,Body mass index,EFO_0004340,GCST009003,30239722.0,2e-158,0.057 unit decrease,A,2.0,621461.0,,,https://www.ebi.ac.uk/gwas/variants/rs6548237,Association 49134646 retrieved; study metadata unavailable or capped,Reported human genetic association for an obesity-related trait.
TMEM18,"LINC01875, TMEM18",rs12714415,rs12714415,Body mass index,EFO_0004340,GCST009001,30239722.0,1e-157,0.0584 unit increase,T,2.0,651430.0,,,https://www.ebi.ac.uk/gwas/variants/rs12714415,Association 49136399 retrieved; study metadata unavailable or capped,Reported human genetic association for an obesity-related trait.
TMEM18,"LINC01875, TMEM18",rs13386964,rs13386964,Body mass index,EFO_0004340,GCST90446645,39375568.0,5e-139,0.057 unit increase,G,2.0,650828.0,,,https://www.ebi.ac.uk/gwas/variants/rs13386964,Association 138721939 retrieved; study metadata unavailable or capped,Reported human genetic association for an obesity-related trait.
TMEM18,"LINC01875, TMEM18",rs13028310,rs13028310,"Body mass index (BMI, minimum, inv-normal transformed)",EFO_0004340,GCST90475159,39024449.0,3e-115,0.08476 unit decrease,T,2.0,632591.0,,,https://www.ebi.ac.uk/gwas/variants/rs13028310,Association 226052936 retrieved; study metadata unavailable or capped,Reported human genetic association for an obesity-related trait.
TMEM18,"LINC01875, TMEM18",rs6744646,rs6744646,Body mass index,EFO_0004340,GCST007039,30595370.0,4e-111,-,?,2.0,628504.0,,,https://www.ebi.ac.uk/gwas/variants/rs6744646,Association 36058778 retrieved; study metadata unavailable or capped,Reported human genetic association for an obesity-related trait.
TMEM18,"LINC01875, TMEM18",rs6744646,rs6744646,Body mass index,EFO_0004340,GCST009871,31669095.0,1e-110,-,?,2.0,628504.0,,,https://www.ebi.ac.uk/gwas/variants/rs6744646,Association 55729630 retrieved; study metadata unavailable or capped,Reported human genetic association for an obesity-related trait.
TMEM18,"LINC01875, TMEM18",rs6751993,rs6751993,Body mass index,EFO_0004340,GCST90301650,37280435.0,3.0000000000000003e-107,0.05666 unit decrease,A,2.0,635864.0,,,https://www.ebi.ac.uk/gwas/variants/rs6751993,Association 119090309 retrieved; study metadata unavailable or capped,Reported human genetic association for an obesity-related trait.
TMEM18,"LINC01875, TMEM18",rs6743060,rs6743060,Body mass index or osteoarthritis (pleiotropy),"EFO_0004340, MONDO_0005178",GCST90271769,36889626.0,1e-94,-,A,2.0,629510.0,,,https://www.ebi.ac.uk/gwas/variants/rs6743060,Association 105989227 retrieved; study metadata unavailable or capped,Reported human genetic association for an obesity-related trait.
SLC39A8,SLC39A8,rs13107325,rs13107325,Body mass index,EFO_0004340,GCST90255621,36581621.0,2e-94,0.0522 unit decrease,C,4.0,102267552.0,European ancestry individuals,"1,122,049 European ancestry individuals",https://www.ebi.ac.uk/gwas/variants/rs13107325,Association 104110251 retrieved; study metadata fetched,Reported human genetic association for an obesity-related trait.
SLC39A8,SLC39A8,rs13107325,rs13107325,"Body mass index (BMI, maximum, inv-normal transformed)",EFO_0004340,GCST90475153,39024449.0,6.0000000000000005e-117,0.1191 unit decrease,C,4.0,102267552.0,European ancestry individuals,"424,231 European ancestry individuals",https://www.ebi.ac.uk/gwas/variants/rs13107325,Association 226006806 retrieved; study metadata fetched,Reported human genetic association for an obesity-related trait.
SLC39A8,SLC39A8,rs13107325,rs13107325,"Body mass index (BMI, mean, inv-normal transformed)",EFO_0004340,GCST90475156,39024449.0,5e-108,0.1132 unit decrease,C,4.0,102267552.0,European ancestry individuals,"424,221 European ancestry individuals",https://www.ebi.ac.uk/gwas/variants/rs13107325,Association 226037977 retrieved; study metadata fetched,Reported human genetic association for an obesity-related trait.
SLC39A8,SLC39A8,rs13107325,rs13107325,"Body mass index (BMI, minimum, inv-normal transformed)",EFO_0004340,GCST90475159,39024449.0,2e-71,0.08834 unit decrease,C,4.0,102267552.0,European ancestry individuals,"424,217 European ancestry individuals",https://www.ebi.ac.uk/gwas/variants/rs13107325,Association 226052940 retrieved; study metadata fetched,Reported human genetic association for an obesity-related trait.
SLC39A8,SLC39A8,rs13107325,rs13107325,Obesity (PheCode 278.1),MONDO_0011122,GCST90475762,39024449.0,6e-51,0.1077 unit decrease,C,4.0,102267552.0,,,https://www.ebi.ac.uk/gwas/variants/rs13107325,Association 226240543 retrieved; study metadata unavailable or capped,Reported human genetic association for an obesity-related trait.
SLC39A8,SLC39A8,rs13107325,rs13107325,"Overweight, obesity and other hyperalimentation (PheCode 278)","MONDO_0003916, MONDO_0011122",GCST90475759,39024449.0,3e-49,0.1081 unit decrease,C,4.0,102267552.0,,,https://www.ebi.ac.uk/gwas/variants/rs13107325,Association 226235688 retrieved; study metadata unavailable or capped,Reported human genetic association for an obesity-related trait.
SLC39A8,SLC39A8,rs13107325,rs13107325,Body mass index or hip osteoarthritis (pleiotropy),"MONDO_0006629, EFO_0004340",GCST90271771,36889626.0,2e-52,-,T,4.0,102267552.0,,,https://www.ebi.ac.uk/gwas/variants/rs13107325,Association 105989422 retrieved; study metadata unavailable or capped,Reported human genetic association for an obesity-related trait.
SLC39A8,SLC39A8,rs13107325,rs13107325,Body mass index or osteoarthritis (pleiotropy),"EFO_0004340, MONDO_0005178",GCST90271767,36889626.0,2e-51,-,T,4.0,102267552.0,,,https://www.ebi.ac.uk/gwas/variants/rs13107325,Association 105988983 retrieved; study metadata unavailable or capped,Reported human genetic association for an obesity-related trait.
SLC39A8,SLC39A8,rs13107325,rs13107325,Body mass index or knee osteoarthritis (pleiotropy),"MONDO_0005416, EFO_0004340",GCST90271770,36889626.0,2e-48,-,T,4.0,102267552.0,,,https://www.ebi.ac.uk/gwas/variants/rs13107325,Association 105989311 retrieved; study metadata unavailable or capped,Reported human genetic association for an obesity-related trait.
SLC39A8,SLC39A8,rs13107325,rs13107325,Body mass index,EFO_0004340,GCST009001,30239722.0,4e-47,0.0468 unit increase,T,4.0,102267552.0,,,https://www.ebi.ac.uk/gwas/variants/rs13107325,Association 49136430 retrieved; study metadata unavailable or capped,Reported human genetic association for an obesity-related trait.
SLC39A8,SLC39A8,rs13107325,rs13107325,Body mass index,EFO_0004340,GCST009003,30239722.0,4e-47,0.0468 unit increase,T,4.0,102267552.0,,,https://www.ebi.ac.uk/gwas/variants/rs13107325,Association 49133955 retrieved; study metadata unavailable or capped,Reported human genetic association for an obesity-related trait.
SLC39A8,SLC39A8,rs13107325,rs13107325,Body mass index,EFO_0004340,GCST009004,30239722.0,4e-47,0.0468 unit increase,T,4.0,102267552.0,,,https://www.ebi.ac.uk/gwas/variants/rs13107325,Association 49128755 retrieved; study metadata unavailable or capped,Reported human genetic association for an obesity-related trait.
SLC39A8,SLC39A8,rs13107325,rs13107325,"Body mass index (BMI, maximum, inv-normal transformed)",EFO_0004340,GCST90479521,39024449.0,2e-46,0.102 unit decrease,C,4.0,102267552.0,,,https://www.ebi.ac.uk/gwas/variants/rs13107325,Association 226137814 retrieved; study metadata unavailable or capped,Reported human genetic association for an obesity-related trait.
SLC39A8,SLC39A8,rs13107325,rs13107325,Body mass index (MTAG),EFO_0004340,GCST90179150,36376304.0,4e-46,0.041619 unit increase,T,4.0,102267552.0,,,https://www.ebi.ac.uk/gwas/variants/rs13107325,Association 101966570 retrieved; study metadata unavailable or capped,Reported human genetic association for an obesity-related trait.
SLC39A8,SLC39A8,rs13107325,rs13107325,"Body mass index (BMI, mean, inv-normal transformed)",EFO_0004340,GCST90479522,39024449.0,3e-45,0.09884 unit decrease,C,4.0,102267552.0,,,https://www.ebi.ac.uk/gwas/variants/rs13107325,Association 226143929 retrieved; study metadata unavailable or capped,Reported human genetic association for an obesity-related trait.
SLC39A8,SLC39A8,rs13107325,rs13107325,Body mass index,EFO_0004340,GCST90662912,40436827.0,1e-42,0.0663 unit increase,T,4.0,102267552.0,,,https://www.ebi.ac.uk/gwas/variants/rs13107325,Association 191904700 retrieved; study metadata unavailable or capped,Reported human genetic association for an obesity-related trait.
SLC39A8,SLC39A8,rs13107325,rs13107325,BMI and adiposity (confirmatory factor analysis Factor 7),EFO_0004340,GCST90309342,38965376.0,1e-12,-,?,4.0,102267552.0,,,https://www.ebi.ac.uk/gwas/variants/rs13107325,Association 136009606 retrieved; study metadata unavailable or capped,Reported human genetic association for an obesity-related trait.
SLC39A8,SLC39A8,rs13107325,rs13107325,Waist circumference adjusted for body mass index,EFO_0007789,GCST009867,31669095.0,5e-20,-,?,4.0,102267552.0,,,https://www.ebi.ac.uk/gwas/variants/rs13107325,Association 55723233 retrieved; study metadata unavailable or capped,Reported human genetic association for an obesity-related trait.
SLC39A8,SLC39A8,rs13107325,rs13107325,Waist-to-hip ratio adjusted for BMI,EFO_0007788,GCST009858,31669095.0,3e-19,-,?,4.0,102267552.0,,,https://www.ebi.ac.uk/gwas/variants/rs13107325,Association 55717115 retrieved; study metadata unavailable or capped,Reported human genetic association for an obesity-related trait.
SLC39A8,SLC39A8,rs13107325,rs13107325,Waist-to-hip ratio adjusted for BMI,EFO_0007788,GCST008994,30239722.0,4e-19,0.0306 unit decrease,T,4.0,102267552.0,,,https://www.ebi.ac.uk/gwas/variants/rs13107325,Association 47380821 retrieved; study metadata unavailable or capped,Reported human genetic association for an obesity-related trait.
PDE3B,PDE3B,rs116970203,rs116970203,Serum 25-Hydroxyvitamin D levels (conditioned on BMI),OBA_1000968,GCST90000616,32242144.0,1e-300,0.377 unit decrease,G,11.0,14855172.0,European ancestry individuals,"417,580 European ancestry individuals",https://www.ebi.ac.uk/gwas/variants/rs116970203,Association 165702744 retrieved; study metadata fetched,Reported human genetic association for an obesity-related trait.
PDE3B,PDE3B,rs150090666,rs150090666,BMI-adjusted waist-hip ratio,EFO_0007788,GCST90176019,35999217.0,4e-14,0.22 unit decrease,T,11.0,14843853.0,"European ancestry individuals, 138,792 Hispanic or Latin American individuals, 8,948 African ancestry individuals, 2,203 East Asian ancestry individuals, 10,115 South Asian ancestry individuals","458,317 European ancestry individuals, 138,792 Hispanic or Latin American individuals, 8,948 African ancestry individuals, 2,203 East Asian ancestry individuals, 10,115 South Asian ancestry individuals",https://www.ebi.ac.uk/gwas/variants/rs150090666,Association 100787875 retrieved; study metadata fetched,Reported human genetic association for an obesity-related trait.
PDE3B,PDE3B,rs150090666,rs150090666,Waist-to-hip ratio adjusted for BMI,EFO_0007788,GCST90025996,34226706.0,2e-14,0.2496 unit decrease,?,11.0,14843853.0,European ancestry individuals,"458,349 European ancestry individuals",https://www.ebi.ac.uk/gwas/variants/rs150090666,Association 93211423 retrieved; study metadata fetched,Reported human genetic association for an obesity-related trait.
PDE3B,PDE3B,rs150090666,rs150090666,Waist-to-hip ratio adjusted for BMI,EFO_0007788,GCST008994,30239722.0,4e-13,0.2523 unit decrease,T,11.0,14843853.0,European ancestry female individuals,"379,501 European ancestry female individuals",https://www.ebi.ac.uk/gwas/variants/rs150090666,Association 47380903 retrieved; study metadata fetched,Reported human genetic association for an obesity-related trait.
PDE3B,PDE3B,rs10666771,rs10666771,Hip circumference adjusted for BMI,EFO_0008039,GCST90020028,34021172.0,2e-11,0.0195997 unit increase,TGG,11.0,14851507.0,,,https://www.ebi.ac.uk/gwas/variants/rs10666771,Association 90729159 retrieved; study metadata unavailable or capped,Reported human genetic association for an obesity-related trait.
PDE3B,PDE3B,rs10766194,rs10766194,Waist-to-hip ratio adjusted for BMI,EFO_0007788,GCST90020025,34021172.0,2e-10,0.0181309 unit decrease,A,11.0,14842668.0,,,https://www.ebi.ac.uk/gwas/variants/rs10766194,Association 90797957 retrieved; study metadata unavailable or capped,Reported human genetic association for an obesity-related trait.
PDE3B,PDE3B,rs1451678,rs1451678,Hip circumference adjusted for BMI,EFO_0008039,GCST90020028,34021172.0,7.000000000000001e-10,0.0173729 unit decrease,G,11.0,14760075.0,,,https://www.ebi.ac.uk/gwas/variants/rs1451678,Association 90729155 retrieved; study metadata unavailable or capped,Reported human genetic association for an obesity-related trait.
PDE3B,PDE3B,rs185693786,rs185693786,Waist-to-hip ratio adjusted for body mass index,EFO_0007788,GCST004518,28430825.0,3.0000000000000004e-08,0.125 unit increase,G,11.0,14782750.0,,,https://www.ebi.ac.uk/gwas/variants/rs185693786,Association 19745356 retrieved; study metadata unavailable or capped,Reported human genetic association for an obesity-related trait.
PDE3B,PDE3B,rs61883647,rs61883647,Hip circumference adjusted for BMI,EFO_0008039,GCST90020028,34021172.0,3.0000000000000004e-08,0.0164695 unit increase,A,11.0,14760100.0,,,https://www.ebi.ac.uk/gwas/variants/rs61883647,Association 90729163 retrieved; study metadata unavailable or capped,Reported human genetic association for an obesity-related trait.
PDE3B,PDE3B,rs150090666,rs150090666,Hip circumference (UKB data field 49),OBA_1000032,GCST90468170,39789286.0,5e-14,0.23539637 unit increase,T,11.0,14843853.0,European ancestry individuals,"394,642 European ancestry individuals",https://www.ebi.ac.uk/gwas/variants/rs150090666,Association 188129209 retrieved; study metadata fetched,Reported human genetic association for an obesity-related trait.
PDE3B,PDE3B,rs7938266,rs7938266,Body mass index (MTAG),EFO_0004340,GCST90179150,36376304.0,2e-08,0.009087 unit increase,A,11.0,14687778.0,,,https://www.ebi.ac.uk/gwas/variants/rs7938266,Association 101969245 retrieved; study metadata unavailable or capped,Reported human genetic association for an obesity-related trait.
PDE3B,PDE3B,rs150090666,rs150090666,Whole body fat mass (UKB data field 23100),OBA_0004528,GCST90428121,38538606.0,2e-10,0.256582 unit increase,T,11.0,14843853.0,,,https://www.ebi.ac.uk/gwas/variants/rs150090666,Association 131628858 retrieved; study metadata unavailable or capped,Reported human genetic association for an obesity-related trait.
PDE3B,PDE3B,rs150090666,rs150090666,Body fat percentage (adjusted for testosterone and SHBG),EFO_0007800,GCST90432180,37867527.0,9e-10,2.02 unit decrease,?,11.0,14843853.0,,,https://www.ebi.ac.uk/gwas/variants/rs150090666,Association 132682092 retrieved; study metadata unavailable or capped,Reported human genetic association for an obesity-related trait.
PDE3B,PDE3B,rs61883634,rs61883634,Whole body fat free mass (UKB data field 23101),EFO_0004995,GCST90428120,38538606.0,2e-09,0.0177013 unit increase,A,11.0,14661502.0,,,https://www.ebi.ac.uk/gwas/variants/rs61883634,Association 131623713 retrieved; study metadata unavailable or capped,Reported human genetic association for an obesity-related trait.
PDE3B,PDE3B,rs558528882,rs558528882,Whole body fat mass (UKB data field 23100),OBA_0004528,GCST90428121,38538606.0,2e-09,0.177826 unit increase,A,11.0,14687073.0,,,https://www.ebi.ac.uk/gwas/variants/rs558528882,Association 131630559 retrieved; study metadata unavailable or capped,Reported human genetic association for an obesity-related trait.
PDE3B,PDE3B,rs11600815,rs11600815,Whole body fat free mass (UKB data field 23101),EFO_0004995,GCST90428120,38538606.0,3e-09,0.0181136 unit increase,A,11.0,14775681.0,,,https://www.ebi.ac.uk/gwas/variants/rs11600815,Association 131623935 retrieved; study metadata unavailable or capped,Reported human genetic association for an obesity-related trait.
PDE3B,PDE3B,rs61885960,rs61885960,Whole body fat free mass (UKB data field 23101),EFO_0004995,GCST90428120,38538606.0,3e-09,0.0174501 unit increase,A,11.0,14798282.0,,,https://www.ebi.ac.uk/gwas/variants/rs61885960,Association 131623974 retrieved; study metadata unavailable or capped,Reported human genetic association for an obesity-related trait.
PDE3B,PDE3B,rs10766194,rs10766194,Waist-hip index,EFO_0007788,GCST90020027,34021172.0,4e-10,0.017717 unit decrease,A,11.0,14842668.0,,,https://www.ebi.ac.uk/gwas/variants/rs10766194,Association 90757455 retrieved; study metadata unavailable or capped,Reported human genetic association for an obesity-related trait.
PDE3B,PDE3B,rs150090666,rs150090666,Weight (UKB data field 21002),EFO_0004338,GCST90468183,39789286.0,1e-11,0.18114817 unit increase,T,11.0,14843853.0,,,https://www.ebi.ac.uk/gwas/variants/rs150090666,Association 188149172 retrieved; study metadata unavailable or capped,Reported human genetic association for an obesity-related trait.
PDE3B,PDE3B,rs10766194,rs10766194,Hip index,EFO_0008039,GCST90020026,34021172.0,4e-10,0.0183617 unit increase,A,11.0,14842668.0,,,https://www.ebi.ac.uk/gwas/variants/rs10766194,Association 90739515 retrieved; study metadata unavailable or capped,Reported human genetic association for an obesity-related trait.
HMGA2,HMGA2,rs1351394,rs1351394,Whole body fat free mass (UKB data field 23101),EFO_0004995,GCST90428120,38538606.0,3e-85,0.025831 unit increase,C,12.0,65958046.0,European ancestry individuals,"337,739 European ancestry individuals",https://www.ebi.ac.uk/gwas/variants/rs1351394,Association 131618232 retrieved; study metadata fetched,Reported human genetic association for an obesity-related trait.
HMGA2,HMGA2,rs1480474,rs1480474,BMI and adiposity (confirmatory factor analysis Factor 7),EFO_0004340,GCST90309342,38965376.0,2e-13,-,?,12.0,65933163.0,,,https://www.ebi.ac.uk/gwas/variants/rs1480474,Association 136009516 retrieved; study metadata unavailable or capped,Reported human genetic association for an obesity-related trait.
HMGA2,"HMGA2, MIR6074",rs7970350,rs7970350,Hip circumference adjusted for BMI,EFO_0008039,GCST012227,34021172.0,1e-19,0.0278665 unit decrease,T,12.0,65966384.0,,,https://www.ebi.ac.uk/gwas/variants/rs7970350,Association 90812936 retrieved; study metadata unavailable or capped,Reported human genetic association for an obesity-related trait.
HMGA2,HMGA2,rs8756,rs8756,Sex hormone-binding globulin levels adjusted for BMI and heel estimated bone mineral density,"EFO_0004696, EFO_0009270",GCST90399398,37615194.0,6e-38,-,?,12.0,65965972.0,,,https://www.ebi.ac.uk/gwas/variants/rs8756,Association 191187364 retrieved; study metadata unavailable or capped,Reported human genetic association for an obesity-related trait.
HMGA2,HMGA2,rs1351394,rs1351394,Hip circumference adjusted for BMI,EFO_0008039,GCST004067,25673412.0,5e-13,0.0253 unit increase,T,12.0,65958046.0,,,https://www.ebi.ac.uk/gwas/variants/rs1351394,Association 19701085 retrieved; study metadata unavailable or capped,Reported human genetic association for an obesity-related trait.
HMGA2,HMGA2,rs7959830,rs7959830,Hip circumference adjusted for BMI,EFO_0008039,GCST012227,34021172.0,3.0000000000000002e-18,0.0271842 unit decrease,T,12.0,65953588.0,,,https://www.ebi.ac.uk/gwas/variants/rs7959830,Association 90812931 retrieved; study metadata unavailable or capped,Reported human genetic association for an obesity-related trait.
HMGA2,HMGA2,rs11175947,rs11175947,Whole body fat free mass (UKB data field 23101),EFO_0004995,GCST90428120,38538606.0,6e-32,0.0159723 unit decrease,T,12.0,65890556.0,European ancestry individuals,"337,739 European ancestry individuals",https://www.ebi.ac.uk/gwas/variants/rs11175947,Association 131618856 retrieved; study metadata fetched,Reported human genetic association for an obesity-related trait.
HMGA2,HMGA2,rs12810758,rs12810758,Hip circumference adjusted for BMI,EFO_0008039,GCST012227,34021172.0,1e-16,0.0304905 unit decrease,T,12.0,65934247.0,,,https://www.ebi.ac.uk/gwas/variants/rs12810758,Association 90812927 retrieved; study metadata unavailable or capped,Reported human genetic association for an obesity-related trait.
HMGA2,"HMGA2, MIR6074",rs1585897,rs1585897,Hip circumference adjusted for BMI,EFO_0008039,GCST012227,34021172.0,2e-14,0.023662 unit increase,C,12.0,65989540.0,,,https://www.ebi.ac.uk/gwas/variants/rs1585897,Association 90812946 retrieved; study metadata unavailable or capped,Reported human genetic association for an obesity-related trait.
HMGA2,"HMGA2, MIR6074",rs61921611,rs61921611,Hip circumference adjusted for BMI,EFO_0008039,GCST012227,34021172.0,2e-14,0.0253727 unit decrease,C,12.0,65973946.0,,,https://www.ebi.ac.uk/gwas/variants/rs61921611,Association 90812941 retrieved; study metadata unavailable or capped,Reported human genetic association for an obesity-related trait.
HMGA2,"HMGA2, MIR6074",rs34029815,rs34029815,Hip circumference adjusted for BMI,EFO_0008039,GCST012227,34021172.0,3e-10,0.0243758 unit decrease,G,12.0,65989958.0,,,https://www.ebi.ac.uk/gwas/variants/rs34029815,Association 90812950 retrieved; study metadata unavailable or capped,Reported human genetic association for an obesity-related trait.
HMGA2,HMGA2,rs8756,rs8756,"Body mass index (BMI, minimum, inv-normal transformed)",EFO_0004340,GCST90475159,39024449.0,7.0000000000000015e-31,0.03151 unit increase,C,12.0,65965972.0,,,https://www.ebi.ac.uk/gwas/variants/rs8756,Association 226053848 retrieved; study metadata unavailable or capped,Reported human genetic association for an obesity-related trait.
HMGA2,HMGA2,rs1351394,rs1351394,Hip circumference adjusted for BMI,EFO_0008039,GCST004067,25673412.0,2e-08,0.0281 unit increase,T,12.0,65958046.0,,,https://www.ebi.ac.uk/gwas/variants/rs1351394,Association 19701434 retrieved; study metadata unavailable or capped,Reported human genetic association for an obesity-related trait.
HMGA2,HMGA2,rs7138102,rs7138102,Hip circumference adjusted for BMI,EFO_0008039,GCST90020028,34021172.0,2e-08,0.0162807 unit decrease,A,12.0,65960111.0,,,https://www.ebi.ac.uk/gwas/variants/rs7138102,Association 90729557 retrieved; study metadata unavailable or capped,Reported human genetic association for an obesity-related trait.
HMGA2,"HMGA2, MIR6074",rs7970350,rs7970350,Waist circumference adjusted for body mass index,EFO_0007789,GCST004063,25673412.0,4e-08,0.0188 unit decrease,T,12.0,65966384.0,,,https://www.ebi.ac.uk/gwas/variants/rs7970350,Association 19255634 retrieved; study metadata unavailable or capped,Reported human genetic association for an obesity-related trait.
HMGA2,HMGA2,rs8756,rs8756,"Body mass index (BMI, mean, inv-normal transformed)",EFO_0004340,GCST90475156,39024449.0,3.9999999999999994e-28,0.03115 unit increase,C,12.0,65965972.0,,,https://www.ebi.ac.uk/gwas/variants/rs8756,Association 226040101 retrieved; study metadata unavailable or capped,Reported human genetic association for an obesity-related trait.
HMGA2,HMGA2,rs1042725,rs1042725,Sex hormone-binding globulin levels adjusted for BMI,EFO_0004696,GCST90012110,32042192.0,7.9999999999999985e-25,0.0083042 unit increase,C,12.0,65964567.0,,,https://www.ebi.ac.uk/gwas/variants/rs1042725,Association 63829824 retrieved; study metadata unavailable or capped,Reported human genetic association for an obesity-related trait.
HMGA2,HMGA2,rs8756,rs8756,"Body mass index (BMI, maximum, inv-normal transformed)",EFO_0004340,GCST90475153,39024449.0,2.9999999999999997e-20,0.02634 unit increase,C,12.0,65965972.0,,,https://www.ebi.ac.uk/gwas/variants/rs8756,Association 226008922 retrieved; study metadata unavailable or capped,Reported human genetic association for an obesity-related trait.
HMGA2,HMGA2,rs8756,rs8756,Sex hormone-binding globulin levels adjusted for BMI,EFO_0004696,GCST90012106,32042192.0,2e-13,0.00845938 unit increase,C,12.0,65965972.0,,,https://www.ebi.ac.uk/gwas/variants/rs8756,Association 63838544 retrieved; study metadata unavailable or capped,Reported human genetic association for an obesity-related trait.
HMGA2,HMGA2,rs8756,rs8756,"Body mass index (BMI, minimum, inv-normal transformed)",EFO_0004340,GCST90479523,39024449.0,5e-13,0.02115 unit increase,C,12.0,65965972.0,,,https://www.ebi.ac.uk/gwas/variants/rs8756,Association 226148772 retrieved; study metadata unavailable or capped,Reported human genetic association for an obesity-related trait.
CALCR,"CALCR, GNGT1",rs982692,rs982692,BMI and adiposity (confirmatory factor analysis Factor 7),EFO_0004340,GCST90309342,38965376.0,2e-08,-,?,7.0,93577301.0,,,https://www.ebi.ac.uk/gwas/variants/rs982692,Association 136010631 retrieved; study metadata unavailable or capped,Reported human genetic association for an obesity-related trait.
CALCR,CALCR,rs6962185,rs6962185,Body mass index (MTAG),EFO_0004340,GCST90179150,36376304.0,2e-15,0.013031 unit increase,A,7.0,93505743.0,European ancestry individuals,"694,649 European ancestry individuals",https://www.ebi.ac.uk/gwas/variants/rs6962185,Association 101967946 retrieved; study metadata fetched,Reported human genetic association for an obesity-related trait.
CALCR,"CALCR, GNGT1",rs982692,rs982692,Childhood body mass index,EFO_0004340,GCST90301649,37280435.0,2e-15,0.017233 unit decrease,T,7.0,93577301.0,European ancestry individuals,"441,761 European ancestry individuals",https://www.ebi.ac.uk/gwas/variants/rs982692,Association 119086533 retrieved; study metadata fetched,Reported human genetic association for an obesity-related trait.
CALCR,CALCR,rs2214214,rs2214214,Waist-to-hip ratio adjusted for BMI,EFO_0007788,GCST009858,31669095.0,1e-09,-,?,7.0,93488973.0,,,https://www.ebi.ac.uk/gwas/variants/rs2214214,Association 55718181 retrieved; study metadata unavailable or capped,Reported human genetic association for an obesity-related trait.
CALCR,CALCR,rs7786765,rs7786765,Whole body fat free mass (UKB data field 23101),EFO_0004995,GCST90428120,38538606.0,2e-15,0.010537 unit increase,A,7.0,93570616.0,European ancestry individuals,"337,739 European ancestry individuals",https://www.ebi.ac.uk/gwas/variants/rs7786765,Association 131620557 retrieved; study metadata fetched,Reported human genetic association for an obesity-related trait.
CALCR,"CALCR, GNGT1",rs17735265,rs17735265,Body mass index (MTAG),EFO_0004340,GCST90179150,36376304.0,1e-10,0.01946 unit decrease,A,7.0,93579894.0,European ancestry individuals,"694,649 European ancestry individuals",https://www.ebi.ac.uk/gwas/variants/rs17735265,Association 101967958 retrieved; study metadata fetched,Reported human genetic association for an obesity-related trait.
CALCR,"CALCR, GNGT1",rs13232975,rs13232975,Body mass index (MTAG),EFO_0004340,GCST90179150,36376304.0,2e-08,0.03754 unit decrease,T,7.0,93576378.0,European ancestry individuals,"694,649 European ancestry individuals",https://www.ebi.ac.uk/gwas/variants/rs13232975,Association 101967952 retrieved; study metadata fetched,Reported human genetic association for an obesity-related trait.
CALCR,CALCR,rs7776917,rs7776917,Whole body fat free mass (UKB data field 23101),EFO_0004995,GCST90428120,38538606.0,1e-13,0.00982986 unit increase,A,7.0,93459808.0,European ancestry individuals,"337,739 European ancestry individuals",https://www.ebi.ac.uk/gwas/variants/rs7776917,Association 131621159 retrieved; study metadata fetched,Reported human genetic association for an obesity-related trait.
CALCR,CALCR,rs12668072,rs12668072,Body mass index,EFO_0004340,GCST90255621,36581621.0,4e-15,0.0206 unit increase,C,7.0,93532688.0,,,https://www.ebi.ac.uk/gwas/variants/rs12668072,Association 104112653 retrieved; study metadata unavailable or capped,Reported human genetic association for an obesity-related trait.
CALCR,CALCR,rs7777084,rs7777084,Body mass index,EFO_0004340,GCST009004,30239722.0,2e-14,0.0131 unit increase,A,7.0,93459931.0,,,https://www.ebi.ac.uk/gwas/variants/rs7777084,Association 49131029 retrieved; study metadata unavailable or capped,Reported human genetic association for an obesity-related trait.
CALCR,CALCR,rs2299252,rs2299252,"Body mass index (BMI, mean, inv-normal transformed)",EFO_0004340,GCST90479522,39024449.0,8e-13,0.02471 unit decrease,A,7.0,93475079.0,,,https://www.ebi.ac.uk/gwas/variants/rs2299252,Association 226144673 retrieved; study metadata unavailable or capped,Reported human genetic association for an obesity-related trait.
CALCR,CALCR,rs3802047,rs3802047,"Body mass index (BMI, maximum, inv-normal transformed)",EFO_0004340,GCST90479521,39024449.0,8e-12,0.02387 unit decrease,C,7.0,93469751.0,,,https://www.ebi.ac.uk/gwas/variants/rs3802047,Association 226138618 retrieved; study metadata unavailable or capped,Reported human genetic association for an obesity-related trait.
CALCR,CALCR,rs9641123,rs9641123,BMI (adjusted for smoking behaviour),"EFO_0004340, EFO_0004318",GCST004495,28443625.0,1e-11,0.0258 kg/m2 increase,C,7.0,93568420.0,,,https://www.ebi.ac.uk/gwas/variants/rs9641123,Association 21794984 retrieved; study metadata unavailable or capped,Reported human genetic association for an obesity-related trait.
CALCR,CALCR,rs9641123,rs9641123,Body mass index (joint analysis main effects and smoking interaction),"EFO_0004340, EFO_0004318",GCST004497,28443625.0,2e-11,-,C,7.0,93568420.0,,,https://www.ebi.ac.uk/gwas/variants/rs9641123,Association 21796004 retrieved; study metadata unavailable or capped,Reported human genetic association for an obesity-related trait.
CALCR,CALCR,rs34696181,rs34696181,Body mass index,EFO_0004340,GCST007039,30595370.0,3e-10,-,?,7.0,93467323.0,,,https://www.ebi.ac.uk/gwas/variants/rs34696181,Association 36060270 retrieved; study metadata unavailable or capped,Reported human genetic association for an obesity-related trait.
CALCR,"CALCR, GNGT1",rs16868443,rs16868443,Body mass index,EFO_0004340,GCST90301650,37280435.0,8e-10,0.0123651 unit decrease,G,7.0,93576952.0,,,https://www.ebi.ac.uk/gwas/variants/rs16868443,Association 119092285 retrieved; study metadata unavailable or capped,Reported human genetic association for an obesity-related trait.
CALCR,CALCR,rs34696181,rs34696181,Body mass index,EFO_0004340,GCST009871,31669095.0,9e-10,-,?,7.0,93467323.0,,,https://www.ebi.ac.uk/gwas/variants/rs34696181,Association 55731901 retrieved; study metadata unavailable or capped,Reported human genetic association for an obesity-related trait.
CALCR,"CALCR, GNGT1",rs13232975,rs13232975,Body mass index,EFO_0004340,GCST90255621,36581621.0,1e-09,0.0347 unit increase,C,7.0,93576378.0,,,https://www.ebi.ac.uk/gwas/variants/rs13232975,Association 104112658 retrieved; study metadata unavailable or capped,Reported human genetic association for an obesity-related trait.
CALCR,CALCR,rs2237579,rs2237579,Body mass index,EFO_0004340,GCST90018947,34594039.0,2e-09,0.0115 unit increase,G,7.0,93466555.0,,,https://www.ebi.ac.uk/gwas/variants/rs2237579,Association 93495384 retrieved; study metadata unavailable or capped,Reported human genetic association for an obesity-related trait.
CALCR,CALCR,rs12154758,rs12154758,Body mass index,EFO_0004340,GCST90662912,40436827.0,4e-09,0.0092 unit decrease,A,7.0,93467919.0,,,https://www.ebi.ac.uk/gwas/variants/rs12154758,Association 191904445 retrieved; study metadata unavailable or capped,Reported human genetic association for an obesity-related trait.
TFAP2B,TFAP2B,rs987237,rs987237,Body mass index,EFO_0004340,GCST90255621,36581621.0,3e-109,0.0377 unit increase,G,6.0,50835337.0,European ancestry individuals,"1,122,049 European ancestry individuals",https://www.ebi.ac.uk/gwas/variants/rs987237,Association 104111824 retrieved; study metadata fetched,Reported human genetic association for an obesity-related trait.
TFAP2B,TFAP2B,rs2076308,rs2076308,Body mass index,EFO_0004340,GCST90662912,40436827.0,2.0000000000000001e-112,0.0398 unit increase,C,6.0,50823927.0,"East Asian ancestry individuals, 420,829 European ancestry individuals","507,850 East Asian ancestry individuals, 420,829 European ancestry individuals",https://www.ebi.ac.uk/gwas/variants/rs2076308,Association 191905415 retrieved; study metadata fetched,Reported human genetic association for an obesity-related trait.
TFAP2B,TFAP2B,rs2206277,rs2206277,Body mass index,EFO_0004340,GCST009001,30239722.0,2e-83,0.0408 unit increase,T,6.0,50830813.0,European ancestry male individuals,"374,756 European ancestry male individuals",https://www.ebi.ac.uk/gwas/variants/rs2206277,Association 49136664 retrieved; study metadata fetched,Reported human genetic association for an obesity-related trait.
TFAP2B,TFAP2B,rs2206277,rs2206277,Body mass index,EFO_0004340,GCST009004,30239722.0,2e-83,0.0408 unit increase,T,6.0,50830813.0,,,https://www.ebi.ac.uk/gwas/variants/rs2206277,Association 49129497 retrieved; study metadata unavailable or capped,Reported human genetic association for an obesity-related trait.
TFAP2B,TFAP2B,rs62405422,rs62405422,"Body mass index (BMI, mean, inv-normal transformed)",EFO_0004340,GCST90475156,39024449.0,9e-73,0.06661 unit decrease,T,6.0,50829192.0,,,https://www.ebi.ac.uk/gwas/variants/rs62405422,Association 226039397 retrieved; study metadata unavailable or capped,Reported human genetic association for an obesity-related trait.
TFAP2B,"RPS17P5, TFAP2B",rs2635727,rs2635727,Body mass index,EFO_0004340,GCST90255621,36581621.0,8e-62,0.0279 unit increase,C,6.0,50853227.0,European ancestry individuals,"1,122,049 European ancestry individuals",https://www.ebi.ac.uk/gwas/variants/rs2635727,Association 104111829 retrieved; study metadata fetched,Reported human genetic association for an obesity-related trait.
TFAP2B,"RPS17P5, TFAP2B",rs72892910,rs72892910,Body mass index,EFO_0004340,GCST90301650,37280435.0,9e-54,0.0394155 unit decrease,G,6.0,50849174.0,,,https://www.ebi.ac.uk/gwas/variants/rs72892910,Association 119091930 retrieved; study metadata unavailable or capped,Reported human genetic association for an obesity-related trait.
TFAP2B,"RPS17P5, TFAP2B",rs72892910,rs72892910,Body mass index,EFO_0004340,GCST007039,30595370.0,3e-53,-,?,6.0,50849174.0,,,https://www.ebi.ac.uk/gwas/variants/rs72892910,Association 36059986 retrieved; study metadata unavailable or capped,Reported human genetic association for an obesity-related trait.
TFAP2B,"RPS17P5, TFAP2B",rs72892910,rs72892910,Body mass index,EFO_0004340,GCST009871,31669095.0,2e-52,-,?,6.0,50849174.0,,,https://www.ebi.ac.uk/gwas/variants/rs72892910,Association 55731715 retrieved; study metadata unavailable or capped,Reported human genetic association for an obesity-related trait.
TFAP2B,TFAP2B,rs3798519,rs3798519,Body mass index,EFO_0004340,GCST90018947,34594039.0,3e-52,0.035 unit increase,C,6.0,50821065.0,,,https://www.ebi.ac.uk/gwas/variants/rs3798519,Association 93495229 retrieved; study metadata unavailable or capped,Reported human genetic association for an obesity-related trait.
TFAP2B,TFAP2B,rs62405422,rs62405422,"Body mass index (BMI, minimum, inv-normal transformed)",EFO_0004340,GCST90475159,39024449.0,9.000000000000003e-51,0.05331 unit decrease,T,6.0,50829192.0,,,https://www.ebi.ac.uk/gwas/variants/rs62405422,Association 226053528 retrieved; study metadata unavailable or capped,Reported human genetic association for an obesity-related trait.
TFAP2B,"RPS17P5, TFAP2B",rs72892910,rs72892910,Body mass index (UKB data field 21001),EFO_0004340,GCST90468161,39789286.0,3e-50,0.03605743 unit increase,T,6.0,50849174.0,,,https://www.ebi.ac.uk/gwas/variants/rs72892910,Association 188124391 retrieved; study metadata unavailable or capped,Reported human genetic association for an obesity-related trait.
TFAP2B,TFAP2B,rs2817419,rs2817419,Body mass index (MTAG),EFO_0004340,GCST90179150,36376304.0,4.0000000000000005e-49,0.026718 unit increase,A,6.0,50845193.0,,,https://www.ebi.ac.uk/gwas/variants/rs2817419,Association 101967416 retrieved; study metadata unavailable or capped,Reported human genetic association for an obesity-related trait.
TFAP2B,"TFAP2B, TFAP2D",rs2206271,rs2206271,"Body mass index (BMI, maximum, inv-normal transformed)",EFO_0004340,GCST90479521,39024449.0,7e-49,0.04876 unit decrease,T,6.0,50818295.0,,,https://www.ebi.ac.uk/gwas/variants/rs2206271,Association 226138318 retrieved; study metadata unavailable or capped,Reported human genetic association for an obesity-related trait.
TFAP2B,"RPS17P5, TFAP2B",rs72892910,rs72892910,Body mass index,EFO_0004340,GCST90435413,39134668.0,2e-48,0.040395 unit increase,?,6.0,50849174.0,,,https://www.ebi.ac.uk/gwas/variants/rs72892910,Association 134167499 retrieved; study metadata unavailable or capped,Reported human genetic association for an obesity-related trait.
TFAP2B,"TFAP2B, TFAP2D",rs2206271,rs2206271,"Body mass index (BMI, mean, inv-normal transformed)",EFO_0004340,GCST90479522,39024449.0,4.000000000000001e-45,0.04636 unit decrease,T,6.0,50818295.0,,,https://www.ebi.ac.uk/gwas/variants/rs2206271,Association 226144317 retrieved; study metadata unavailable or capped,Reported human genetic association for an obesity-related trait.
TFAP2B,TFAP2B,rs987237,rs987237,Body mass index,EFO_0004340,GCST009121,31453325.0,8e-43,-,?,6.0,50835337.0,,,https://www.ebi.ac.uk/gwas/variants/rs987237,Association 52122812 retrieved; study metadata unavailable or capped,Reported human genetic association for an obesity-related trait.
TFAP2B,"TFAP2B, TFAP2D",rs2744475,rs2744475,Body mass index,EFO_0004340,GCST90662887,40436827.0,6.9999999999999995e-40,0.045389 unit increase,G,6.0,50817167.0,,,https://www.ebi.ac.uk/gwas/variants/rs2744475,Association 191846420 retrieved; study metadata unavailable or capped,Reported human genetic association for an obesity-related trait.
TFAP2B,TFAP2B,rs2206277,rs2206277,Body mass index,EFO_0004340,GCST004904,28892062.0,1e-38,0.336 unit increase,C,6.0,50830813.0,,,https://www.ebi.ac.uk/gwas/variants/rs2206277,Association 49100644 retrieved; study metadata unavailable or capped,Reported human genetic association for an obesity-related trait.
TFAP2B,TFAP2B,rs3798519,rs3798519,Body mass index,EFO_0004340,GCST90428119,38538606.0,2e-37,0.0399966 unit increase,C,6.0,50821065.0,,,https://www.ebi.ac.uk/gwas/variants/rs3798519,Association 131612899 retrieved; study metadata unavailable or capped,Reported human genetic association for an obesity-related trait.
SEC16B,"LINC01741, SEC16B",rs574367,rs574367,Obesity (BMI 25 kg/m2),MONDO_0011122,GCST90566414,41206923.0,8.999999999999999e-38,-,?,1.0,177904075.0,,,https://www.ebi.ac.uk/gwas/variants/rs574367,Association 214537558 retrieved; study metadata unavailable or capped,Reported human genetic association for an obesity-related trait.
SEC16B,"LINC01741, SEC16B",rs539515,rs539515,BMI and adiposity (confirmatory factor analysis Factor 7),EFO_0004340,GCST90309342,38965376.0,5.000000000000001e-49,-,?,1.0,177919890.0,,,https://www.ebi.ac.uk/gwas/variants/rs539515,Association 136009191 retrieved; study metadata unavailable or capped,Reported human genetic association for an obesity-related trait.
SEC16B,"LINC01741, SEC16B",rs543874,rs543874,Body mass index,EFO_0004340,GCST90255621,36581621.0,6.9999999999999986e-152,0.0433 unit increase,G,1.0,177920345.0,European ancestry individuals,"1,122,049 European ancestry individuals",https://www.ebi.ac.uk/gwas/variants/rs543874,Association 104107150 retrieved; study metadata fetched,Reported human genetic association for an obesity-related trait.
SEC16B,"LINC01741, SEC16B",rs539515,rs539515,Body mass index,EFO_0004340,GCST90662912,40436827.0,4e-215,0.0579 unit decrease,A,1.0,177919890.0,"East Asian ancestry individuals, 420,829 European ancestry individuals","507,850 East Asian ancestry individuals, 420,829 European ancestry individuals",https://www.ebi.ac.uk/gwas/variants/rs539515,Association 191906695 retrieved; study metadata fetched,Reported human genetic association for an obesity-related trait.
SEC16B,"LINC01741, SEC16B",rs543874,rs543874,Body mass index,EFO_0004340,GCST009003,30239722.0,3.0000000000000004e-125,0.0479 unit decrease,A,1.0,177920345.0,European ancestry female individuals,"434,794 European ancestry female individuals",https://www.ebi.ac.uk/gwas/variants/rs543874,Association 49134572 retrieved; study metadata fetched,Reported human genetic association for an obesity-related trait.
SEC16B,"LINC01741, SEC16B",rs543874,rs543874,Body mass index,EFO_0004340,GCST009001,30239722.0,3.0000000000000004e-125,0.0479 unit decrease,A,1.0,177920345.0,European ancestry male individuals,"374,756 European ancestry male individuals",https://www.ebi.ac.uk/gwas/variants/rs543874,Association 49136933 retrieved; study metadata fetched,Reported human genetic association for an obesity-related trait.
SEC16B,"CRYZL2P-SEC16B, SEC16B",rs3828137,rs3828137,Body mass index,EFO_0004340,GCST90255621,36581621.0,1.0000000000000001e-23,0.015 unit increase,G,1.0,177951619.0,European ancestry individuals,"1,122,049 European ancestry individuals",https://www.ebi.ac.uk/gwas/variants/rs3828137,Association 104107167 retrieved; study metadata fetched,Reported human genetic association for an obesity-related trait.
SEC16B,"LINC01741, SEC16B",rs543874,rs543874,Body mass index,EFO_0004340,GCST009004,30239722.0,3.0000000000000004e-125,0.0479 unit decrease,A,1.0,177920345.0,,,https://www.ebi.ac.uk/gwas/variants/rs543874,Association 49130247 retrieved; study metadata unavailable or capped,Reported human genetic association for an obesity-related trait.
SEC16B,"LINC01741, SEC16B",rs543874,rs543874,Body mass index (MTAG),EFO_0004340,GCST90179150,36376304.0,9e-125,0.04581 unit decrease,A,1.0,177920345.0,,,https://www.ebi.ac.uk/gwas/variants/rs543874,Association 101964558 retrieved; study metadata unavailable or capped,Reported human genetic association for an obesity-related trait.
SEC16B,"LINC01741, SEC16B",rs543874,rs543874,Childhood body mass index,EFO_0004340,GCST90301649,37280435.0,2e-115,0.0590838 unit decrease,A,1.0,177920345.0,,,https://www.ebi.ac.uk/gwas/variants/rs543874,Association 119085653 retrieved; study metadata unavailable or capped,Reported human genetic association for an obesity-related trait.
SEC16B,"LINC01741, SEC16B",rs543874,rs543874,Body mass index,EFO_0004340,GCST90446645,39375568.0,5e-105,0.0467 unit decrease,A,1.0,177920345.0,,,https://www.ebi.ac.uk/gwas/variants/rs543874,Association 138721768 retrieved; study metadata unavailable or capped,Reported human genetic association for an obesity-related trait.
SEC16B,"LINC01741, SEC16B",rs539515,rs539515,Body mass index,EFO_0004340,GCST90018947,34594039.0,2e-92,0.0468 unit increase,C,1.0,177919890.0,,,https://www.ebi.ac.uk/gwas/variants/rs539515,Association 93494219 retrieved; study metadata unavailable or capped,Reported human genetic association for an obesity-related trait.
SEC16B,"LINC01741, SEC16B",rs539515,rs539515,Body mass index,EFO_0004340,GCST009871,31669095.0,5.9999999999999995e-90,-,?,1.0,177919890.0,,,https://www.ebi.ac.uk/gwas/variants/rs539515,Association 55728893 retrieved; study metadata unavailable or capped,Reported human genetic association for an obesity-related trait.
SEC16B,"LINC01741, SEC16B",rs539515,rs539515,Body mass index,EFO_0004340,GCST90301650,37280435.0,3e-89,0.0471728 unit decrease,A,1.0,177919890.0,,,https://www.ebi.ac.uk/gwas/variants/rs539515,Association 119089223 retrieved; study metadata unavailable or capped,Reported human genetic association for an obesity-related trait.
SEC16B,"LINC01741, SEC16B",rs539515,rs539515,Body mass index,EFO_0004340,GCST007039,30595370.0,1e-85,-,?,1.0,177919890.0,,,https://www.ebi.ac.uk/gwas/variants/rs539515,Association 36058706 retrieved; study metadata unavailable or capped,Reported human genetic association for an obesity-related trait.
SEC16B,"LINC01741, SEC16B",rs539515,rs539515,Body mass index (UKB data field 21001),EFO_0004340,GCST90468161,39789286.0,2e-79,0.04280491 unit increase,C,1.0,177919890.0,,,https://www.ebi.ac.uk/gwas/variants/rs539515,Association 188124101 retrieved; study metadata unavailable or capped,Reported human genetic association for an obesity-related trait.
SEC16B,"LINC01741, SEC16B",rs539515,rs539515,Body mass index,EFO_0004340,GCST90435413,39134668.0,4.0000000000000004e-72,0.0459881 unit increase,?,1.0,177919890.0,,,https://www.ebi.ac.uk/gwas/variants/rs539515,Association 134166899 retrieved; study metadata unavailable or capped,Reported human genetic association for an obesity-related trait.
SEC16B,"LINC01741, SEC16B",rs543874,rs543874,"Body mass index (BMI, mean, inv-normal transformed)",EFO_0004340,GCST90475156,39024449.0,2e-70,0.06316 unit decrease,A,1.0,177920345.0,,,https://www.ebi.ac.uk/gwas/variants/rs543874,Association 226039297 retrieved; study metadata unavailable or capped,Reported human genetic association for an obesity-related trait.
SEC16B,"LINC01741, SEC16B",rs574367,rs574367,Body mass index,EFO_0004340,GCST90566412,41206923.0,2e-70,0.06 unit increase,?,1.0,177904075.0,,,https://www.ebi.ac.uk/gwas/variants/rs574367,Association 214537434 retrieved; study metadata unavailable or capped,Reported human genetic association for an obesity-related trait.
SEC16B,"LINC01741, SEC16B",rs539515,rs539515,Body mass index,EFO_0004340,GCST90662887,40436827.0,2e-70,0.0690017 unit increase,C,1.0,177919890.0,,,https://www.ebi.ac.uk/gwas/variants/rs539515,Association 191846585 retrieved; study metadata unavailable or capped,Reported human genetic association for an obesity-related trait.
FAIM2,FAIM2,rs7132908,rs7132908,"Body mass index (BMI, maximum, inv-normal transformed)",EFO_0004340,GCST90475153,39024449.0,1e-120,0.06841 unit decrease,G,12.0,49869365.0,European ancestry individuals,"424,231 European ancestry individuals",https://www.ebi.ac.uk/gwas/variants/rs7132908,Association 226008542 retrieved; study metadata fetched,Reported human genetic association for an obesity-related trait.
FAIM2,FAIM2,rs7132908,rs7132908,"Body mass index (BMI, mean, inv-normal transformed)",EFO_0004340,GCST90475156,39024449.0,2e-120,0.06762 unit decrease,G,12.0,49869365.0,European ancestry individuals,"424,221 European ancestry individuals",https://www.ebi.ac.uk/gwas/variants/rs7132908,Association 226039645 retrieved; study metadata fetched,Reported human genetic association for an obesity-related trait.
FAIM2,FAIM2,rs7132908,rs7132908,BMI and adiposity (confirmatory factor analysis Factor 7),EFO_0004340,GCST90309342,38965376.0,2e-27,-,?,12.0,49869365.0,,,https://www.ebi.ac.uk/gwas/variants/rs7132908,Association 136009221 retrieved; study metadata unavailable or capped,Reported human genetic association for an obesity-related trait.
FAIM2,FAIM2,rs7132908,rs7132908,"Body mass index (BMI, minimum, inv-normal transformed)",EFO_0004340,GCST90475159,39024449.0,2.9999999999999998e-90,0.05626 unit decrease,G,12.0,49869365.0,,,https://www.ebi.ac.uk/gwas/variants/rs7132908,Association 226053596 retrieved; study metadata unavailable or capped,Reported human genetic association for an obesity-related trait.
FAIM2,FAIM2,rs7132908,rs7132908,Childhood body mass index,EFO_0004340,GCST90301649,37280435.0,2e-77,0.0400539 unit decrease,G,12.0,49869365.0,,,https://www.ebi.ac.uk/gwas/variants/rs7132908,Association 119085228 retrieved; study metadata unavailable or capped,Reported human genetic association for an obesity-related trait.
FAIM2,FAIM2,rs7132908,rs7132908,Body mass index,EFO_0004340,GCST90662912,40436827.0,2e-76,0.0313 unit increase,A,12.0,49869365.0,,,https://www.ebi.ac.uk/gwas/variants/rs7132908,Association 191907395 retrieved; study metadata unavailable or capped,Reported human genetic association for an obesity-related trait.
FAIM2,FAIM2,rs7132908,rs7132908,Body mass index,EFO_0004340,GCST009001,30239722.0,4.9999999999999997e-64,0.0305 unit increase,A,12.0,49869365.0,,,https://www.ebi.ac.uk/gwas/variants/rs7132908,Association 49137072 retrieved; study metadata unavailable or capped,Reported human genetic association for an obesity-related trait.
FAIM2,FAIM2,rs7132908,rs7132908,"Body mass index (BMI, maximum, inv-normal transformed)",EFO_0004340,GCST90479521,39024449.0,5e-51,0.05309 unit decrease,G,12.0,49869365.0,,,https://www.ebi.ac.uk/gwas/variants/rs7132908,Association 226139974 retrieved; study metadata unavailable or capped,Reported human genetic association for an obesity-related trait.
FAIM2,FAIM2,rs7132908,rs7132908,"Body mass index (BMI, mean, inv-normal transformed)",EFO_0004340,GCST90479522,39024449.0,6e-51,0.05236 unit decrease,G,12.0,49869365.0,,,https://www.ebi.ac.uk/gwas/variants/rs7132908,Association 226145445 retrieved; study metadata unavailable or capped,Reported human genetic association for an obesity-related trait.
FAIM2,FAIM2,rs7132908,rs7132908,Body mass index,EFO_0004340,GCST007039,30595370.0,5e-50,-,?,12.0,49869365.0,,,https://www.ebi.ac.uk/gwas/variants/rs7132908,Association 36061094 retrieved; study metadata unavailable or capped,Reported human genetic association for an obesity-related trait.
FAIM2,FAIM2,rs7132908,rs7132908,Body mass index,EFO_0004340,GCST009871,31669095.0,3e-49,-,?,12.0,49869365.0,,,https://www.ebi.ac.uk/gwas/variants/rs7132908,Association 55733479 retrieved; study metadata unavailable or capped,Reported human genetic association for an obesity-related trait.
FAIM2,FAIM2,rs7132908,rs7132908,Body mass index,EFO_0004340,GCST90301650,37280435.0,4e-48,0.028753 unit decrease,G,12.0,49869365.0,,,https://www.ebi.ac.uk/gwas/variants/rs7132908,Association 119087645 retrieved; study metadata unavailable or capped,Reported human genetic association for an obesity-related trait.
FAIM2,FAIM2,rs7132908,rs7132908,Body mass index,EFO_0004340,GCST90435413,39134668.0,3.0000000000000003e-46,0.0304275 unit increase,?,12.0,49869365.0,,,https://www.ebi.ac.uk/gwas/variants/rs7132908,Association 134167411 retrieved; study metadata unavailable or capped,Reported human genetic association for an obesity-related trait.
FAIM2,FAIM2,rs7132908,rs7132908,Body mass index (UKB data field 21001),EFO_0004340,GCST90468161,39789286.0,7e-45,0.026429396 unit increase,A,12.0,49869365.0,,,https://www.ebi.ac.uk/gwas/variants/rs7132908,Association 188124346 retrieved; study metadata unavailable or capped,Reported human genetic association for an obesity-related trait.
FAIM2,FAIM2,rs7132908,rs7132908,"Body mass index (BMI, minimum, inv-normal transformed)",EFO_0004340,GCST90479523,39024449.0,1e-43,0.04523 unit decrease,G,12.0,49869365.0,,,https://www.ebi.ac.uk/gwas/variants/rs7132908,Association 226148768 retrieved; study metadata unavailable or capped,Reported human genetic association for an obesity-related trait.
FAIM2,FAIM2,rs7132908,rs7132908,Body mass index,EFO_0004340,GCST90018947,34594039.0,1e-39,0.0261 unit increase,A,12.0,49869365.0,,,https://www.ebi.ac.uk/gwas/variants/rs7132908,Association 93496034 retrieved; study metadata unavailable or capped,Reported human genetic association for an obesity-related trait.
FAIM2,FAIM2,rs7132908,rs7132908,Obesity (extreme),EFO_0007041,GCST007241,30677029.0,2e-31,-,A,12.0,49869365.0,,,https://www.ebi.ac.uk/gwas/variants/rs7132908,Association 36609279 retrieved; study metadata unavailable or capped,Reported human genetic association for an obesity-related trait.
FAIM2,FAIM2,rs7132908,rs7132908,Obesity (PheCode 278.1),MONDO_0011122,GCST90475762,39024449.0,6.0000000000000005e-30,0.0433 unit decrease,G,12.0,49869365.0,,,https://www.ebi.ac.uk/gwas/variants/rs7132908,Association 226241111 retrieved; study metadata unavailable or capped,Reported human genetic association for an obesity-related trait.
FAIM2,FAIM2,rs7132908,rs7132908,Body mass index,EFO_0004340,GCST009121,31453325.0,3.9999999999999997e-32,-,?,12.0,49869365.0,,,https://www.ebi.ac.uk/gwas/variants/rs7132908,Association 52122828 retrieved; study metadata unavailable or capped,Reported human genetic association for an obesity-related trait.
FAIM2,FAIM2,rs7132908,rs7132908,"Overweight, obesity and other hyperalimentation (PheCode 278)","MONDO_0003916, MONDO_0011122",GCST90475759,39024449.0,7.000000000000001e-26,0.04102 unit decrease,G,12.0,49869365.0,,,https://www.ebi.ac.uk/gwas/variants/rs7132908,Association 226236380 retrieved; study metadata unavailable or capped,Reported human genetic association for an obesity-related trait.
ZFHX3,ZFHX3,rs756717,rs756717,Body mass index,EFO_0004340,GCST90255621,36581621.0,2e-24,0.0158 unit increase,G,16.0,72962263.0,European ancestry individuals,"1,122,049 European ancestry individuals",https://www.ebi.ac.uk/gwas/variants/rs756717,Association 104117858 retrieved; study metadata fetched,Reported human genetic association for an obesity-related trait.
ZFHX3,ZFHX3,rs13333522,rs13333522,Waist circumference adjusted for body mass index,EFO_0007789,GCST009867,31669095.0,7.000000000000001e-10,-,?,16.0,73774720.0,,,https://www.ebi.ac.uk/gwas/variants/rs13333522,Association 55726689 retrieved; study metadata unavailable or capped,Reported human genetic association for an obesity-related trait.
ZFHX3,ZFHX3,rs7498798,rs7498798,"Body mass index (BMI, minimum, inv-normal transformed)",EFO_0004340,GCST90475159,39024449.0,5e-24,0.02972 unit increase,G,16.0,73063130.0,,,https://www.ebi.ac.uk/gwas/variants/rs7498798,Association 226053652 retrieved; study metadata unavailable or capped,Reported human genetic association for an obesity-related trait.
ZFHX3,ZFHX3,rs756717,rs756717,Body mass index,EFO_0004340,GCST90662912,40436827.0,4e-22,0.0156 unit decrease,A,16.0,72962263.0,,,https://www.ebi.ac.uk/gwas/variants/rs756717,Association 191907785 retrieved; study metadata unavailable or capped,Reported human genetic association for an obesity-related trait.
ZFHX3,ZFHX3,rs7498798,rs7498798,Obesity (PheCode 278.1),MONDO_0011122,GCST90475762,39024449.0,5e-13,0.0316 unit increase,G,16.0,73063130.0,,,https://www.ebi.ac.uk/gwas/variants/rs7498798,Association 226241115 retrieved; study metadata unavailable or capped,Reported human genetic association for an obesity-related trait.
ZFHX3,ZFHX3,rs7498798,rs7498798,Body mass index,EFO_0004340,GCST90255621,36581621.0,1e-17,0.0148 unit increase,G,16.0,73063130.0,European ancestry individuals,"1,122,049 European ancestry individuals",https://www.ebi.ac.uk/gwas/variants/rs7498798,Association 104117869 retrieved; study metadata fetched,Reported human genetic association for an obesity-related trait.
ZFHX3,ZFHX3,rs62053191,rs62053191,Body mass index,EFO_0004340,GCST90255621,36581621.0,4e-12,0.0211 unit increase,G,16.0,72959807.0,European ancestry individuals,"1,122,049 European ancestry individuals",https://www.ebi.ac.uk/gwas/variants/rs62053191,Association 104117853 retrieved; study metadata fetched,Reported human genetic association for an obesity-related trait.
ZFHX3,ZFHX3,rs825680,rs825680,Body mass index,EFO_0004340,GCST90255621,36581621.0,8e-10,0.0098 unit decrease,T,16.0,73572664.0,European ancestry individuals,"1,122,049 European ancestry individuals",https://www.ebi.ac.uk/gwas/variants/rs825680,Association 104117874 retrieved; study metadata fetched,Reported human genetic association for an obesity-related trait.
ZFHX3,ZFHX3,rs4788684,rs4788684,Body mass index,EFO_0004340,GCST90255621,36581621.0,6.000000000000001e-09,0.0088 unit increase,G,16.0,72979734.0,European ancestry individuals,"1,122,049 European ancestry individuals",https://www.ebi.ac.uk/gwas/variants/rs4788684,Association 104117864 retrieved; study metadata fetched,Reported human genetic association for an obesity-related trait.
ZFHX3,ZFHX3,rs756717,rs756717,Body mass index,EFO_0004340,GCST90018947,34594039.0,4e-15,0.0155 unit decrease,A,16.0,72962263.0,,,https://www.ebi.ac.uk/gwas/variants/rs756717,Association 93496424 retrieved; study metadata unavailable or capped,Reported human genetic association for an obesity-related trait.
ZFHX3,ZFHX3,rs756717,rs756717,Body mass index (MTAG),EFO_0004340,GCST90179150,36376304.0,1e-14,0.01262 unit decrease,A,16.0,72962263.0,,,https://www.ebi.ac.uk/gwas/variants/rs756717,Association 101971243 retrieved; study metadata unavailable or capped,Reported human genetic association for an obesity-related trait.
ZFHX3,ZFHX3,rs756717,rs756717,Body mass index,EFO_0004340,GCST90435413,39134668.0,1e-13,0.0158532 unit decrease,?,16.0,72962263.0,,,https://www.ebi.ac.uk/gwas/variants/rs756717,Association 134167598 retrieved; study metadata unavailable or capped,Reported human genetic association for an obesity-related trait.
ZFHX3,ZFHX3,rs756717,rs756717,Body mass index,EFO_0004340,GCST90446645,39375568.0,3.0000000000000014e-13,0.0134 unit increase,G,16.0,72962263.0,,,https://www.ebi.ac.uk/gwas/variants/rs756717,Association 138725214 retrieved; study metadata unavailable or capped,Reported human genetic association for an obesity-related trait.
ZFHX3,ZFHX3,rs7498798,rs7498798,"Body mass index (BMI, maximum, inv-normal transformed)",EFO_0004340,GCST90479521,39024449.0,3.0000000000000014e-13,0.02445 unit increase,G,16.0,73063130.0,,,https://www.ebi.ac.uk/gwas/variants/rs7498798,Association 226141122 retrieved; study metadata unavailable or capped,Reported human genetic association for an obesity-related trait.
ZFHX3,ZFHX3,rs7498798,rs7498798,"Body mass index (BMI, mean, inv-normal transformed)",EFO_0004340,GCST90479522,39024449.0,4e-13,0.02412 unit increase,G,16.0,73063130.0,,,https://www.ebi.ac.uk/gwas/variants/rs7498798,Association 226146105 retrieved; study metadata unavailable or capped,Reported human genetic association for an obesity-related trait.
ZFHX3,ZFHX3,rs756717,rs756717,Body mass index,EFO_0004340,GCST007039,30595370.0,5e-13,-,?,16.0,72962263.0,,,https://www.ebi.ac.uk/gwas/variants/rs756717,Association 36061766 retrieved; study metadata unavailable or capped,Reported human genetic association for an obesity-related trait.
ZFHX3,ZFHX3,rs756717,rs756717,Body mass index,EFO_0004340,GCST009871,31669095.0,5e-13,-,?,16.0,72962263.0,,,https://www.ebi.ac.uk/gwas/variants/rs756717,Association 55734851 retrieved; study metadata unavailable or capped,Reported human genetic association for an obesity-related trait.
ZFHX3,ZFHX3,rs756717,rs756717,Body mass index,EFO_0004340,GCST90301650,37280435.0,1e-12,0.0140535 unit increase,G,16.0,72962263.0,,,https://www.ebi.ac.uk/gwas/variants/rs756717,Association 119088519 retrieved; study metadata unavailable or capped,Reported human genetic association for an obesity-related trait.
ZFHX3,ZFHX3,rs7498798,rs7498798,"Body mass index (BMI, minimum, inv-normal transformed)",EFO_0004340,GCST90479523,39024449.0,5e-12,0.02169 unit increase,G,16.0,73063130.0,,,https://www.ebi.ac.uk/gwas/variants/rs7498798,Association 226149144 retrieved; study metadata unavailable or capped,Reported human genetic association for an obesity-related trait.
ZFHX3,ZFHX3,rs756717,rs756717,Body mass index (UKB data field 21001),EFO_0004340,GCST90468161,39789286.0,9e-12,0.012991404 unit decrease,A,16.0,72962263.0,,,https://www.ebi.ac.uk/gwas/variants/rs756717,Association 188124416 retrieved; study metadata unavailable or capped,Reported human genetic association for an obesity-related trait.
NRXN3,NRXN3,rs10146997,rs10146997,Body mass index,EFO_0004340,GCST90255621,36581621.0,2e-68,0.0276 unit increase,G,14.0,79478819.0,European ancestry individuals,"1,122,049 European ancestry individuals",https://www.ebi.ac.uk/gwas/variants/rs10146997,Association 104116601 retrieved; study metadata fetched,Reported human genetic association for an obesity-related trait.
NRXN3,NRXN3,rs7144011,rs7144011,Body mass index,EFO_0004340,GCST90446645,39375568.0,2.9999999999999995e-54,0.0342 unit decrease,G,14.0,79474040.0,European ancestry individuals,"650,000 European ancestry individuals",https://www.ebi.ac.uk/gwas/variants/rs7144011,Association 138724843 retrieved; study metadata fetched,Reported human genetic association for an obesity-related trait.
NRXN3,NRXN3,rs7144011,rs7144011,Body mass index,EFO_0004340,GCST009004,30239722.0,2e-40,0.0263 unit increase,T,14.0,79474040.0,European ancestry individuals,"806,834 European ancestry individuals",https://www.ebi.ac.uk/gwas/variants/rs7144011,Association 49130771 retrieved; study metadata fetched,Reported human genetic association for an obesity-related trait.
NRXN3,NRXN3,rs7141420,rs7141420,BMI and adiposity (confirmatory factor analysis Factor 7),EFO_0004340,GCST90309342,38965376.0,1e-13,-,?,14.0,79433111.0,,,https://www.ebi.ac.uk/gwas/variants/rs7141420,Association 136009511 retrieved; study metadata unavailable or capped,Reported human genetic association for an obesity-related trait.
NRXN3,NRXN3,rs17109256,rs17109256,Body mass index,EFO_0004340,GCST009001,30239722.0,1e-39,0.0261 unit increase,A,14.0,79473650.0,,,https://www.ebi.ac.uk/gwas/variants/rs17109256,Association 49136547 retrieved; study metadata unavailable or capped,Reported human genetic association for an obesity-related trait.
NRXN3,NRXN3,rs2574750,rs2574750,Body mass index,EFO_0004340,GCST90255621,36581621.0,4e-21,0.0141 unit increase,T,14.0,79412984.0,European ancestry individuals,"1,122,049 European ancestry individuals",https://www.ebi.ac.uk/gwas/variants/rs2574750,Association 104116596 retrieved; study metadata fetched,Reported human genetic association for an obesity-related trait.
NRXN3,NRXN3,rs10146527,rs10146527,Body mass index,EFO_0004340,GCST90255621,36581621.0,5e-21,0.0144 unit decrease,C,14.0,79033507.0,European ancestry individuals,"1,122,049 European ancestry individuals",https://www.ebi.ac.uk/gwas/variants/rs10146527,Association 104116578 retrieved; study metadata fetched,Reported human genetic association for an obesity-related trait.
NRXN3,NRXN3,rs7141420,rs7141420,Body mass index (MTAG),EFO_0004340,GCST90179150,36376304.0,4.999999999999999e-38,0.020736 unit increase,T,14.0,79433111.0,,,https://www.ebi.ac.uk/gwas/variants/rs7141420,Association 101970460 retrieved; study metadata unavailable or capped,Reported human genetic association for an obesity-related trait.
NRXN3,NRXN3,rs7141420,rs7141420,Body mass index,EFO_0004340,GCST009003,30239722.0,2e-37,0.0209 unit increase,T,14.0,79433111.0,,,https://www.ebi.ac.uk/gwas/variants/rs7141420,Association 49134735 retrieved; study metadata unavailable or capped,Reported human genetic association for an obesity-related trait.
NRXN3,NRXN3,rs8008910,rs8008910,"Body mass index (BMI, mean, inv-normal transformed)",EFO_0004340,GCST90479522,39024449.0,1e-36,0.04527 unit decrease,G,14.0,79477756.0,,,https://www.ebi.ac.uk/gwas/variants/rs8008910,Association 226145629 retrieved; study metadata unavailable or capped,Reported human genetic association for an obesity-related trait.
NRXN3,NRXN3,rs8008910,rs8008910,"Body mass index (BMI, maximum, inv-normal transformed)",EFO_0004340,GCST90479521,39024449.0,3e-34,0.04401 unit decrease,G,14.0,79477756.0,,,https://www.ebi.ac.uk/gwas/variants/rs8008910,Association 226140334 retrieved; study metadata unavailable or capped,Reported human genetic association for an obesity-related trait.
NRXN3,NRXN3,rs72690737,rs72690737,Body mass index,EFO_0004340,GCST007039,30595370.0,9.999999999999999e-33,-,?,14.0,79464301.0,,,https://www.ebi.ac.uk/gwas/variants/rs72690737,Association 36061434 retrieved; study metadata unavailable or capped,Reported human genetic association for an obesity-related trait.
NRXN3,NRXN3,rs10145154,rs10145154,Body mass index,EFO_0004340,GCST009871,31669095.0,1.9999999999999998e-32,-,?,14.0,79473182.0,,,https://www.ebi.ac.uk/gwas/variants/rs10145154,Association 55734128 retrieved; study metadata unavailable or capped,Reported human genetic association for an obesity-related trait.
NRXN3,NRXN3,rs8008910,rs8008910,"Body mass index (BMI, minimum, inv-normal transformed)",EFO_0004340,GCST90479523,39024449.0,6e-32,0.04001 unit decrease,G,14.0,79477756.0,,,https://www.ebi.ac.uk/gwas/variants/rs8008910,Association 226148912 retrieved; study metadata unavailable or capped,Reported human genetic association for an obesity-related trait.
NRXN3,NRXN3,rs117116987,rs117116987,Body mass index,EFO_0004340,GCST90255621,36581621.0,1e-11,0.0292 unit decrease,G,14.0,79228625.0,European ancestry individuals,"1,122,049 European ancestry individuals",https://www.ebi.ac.uk/gwas/variants/rs117116987,Association 104116584 retrieved; study metadata fetched,Reported human genetic association for an obesity-related trait.
NRXN3,NRXN3,rs10145154,rs10145154,Body mass index,EFO_0004340,GCST90301650,37280435.0,8.999999999999999e-32,0.0271007 unit decrease,C,14.0,79473182.0,,,https://www.ebi.ac.uk/gwas/variants/rs10145154,Association 119088045 retrieved; study metadata unavailable or capped,Reported human genetic association for an obesity-related trait.
NRXN3,NRXN3,rs10131645,rs10131645,Body mass index,EFO_0004340,GCST90446645,39375568.0,3e-11,0.0147 unit increase,A,14.0,78992269.0,European ancestry individuals,"650,000 European ancestry individuals",https://www.ebi.ac.uk/gwas/variants/rs10131645,Association 138724832 retrieved; study metadata fetched,Reported human genetic association for an obesity-related trait.
NRXN3,NRXN3,rs1317720,rs1317720,Body mass index,EFO_0004340,GCST90446645,39375568.0,3e-11,0.0143 unit decrease,A,14.0,79437496.0,European ancestry individuals,"650,000 European ancestry individuals",https://www.ebi.ac.uk/gwas/variants/rs1317720,Association 138724838 retrieved; study metadata fetched,Reported human genetic association for an obesity-related trait.
NRXN3,NRXN3,rs144371117,rs144371117,Body mass index,EFO_0004340,GCST90255621,36581621.0,1e-09,0.0239 unit decrease,G,14.0,79611557.0,European ancestry individuals,"1,122,049 European ancestry individuals",https://www.ebi.ac.uk/gwas/variants/rs144371117,Association 104116607 retrieved; study metadata fetched,Reported human genetic association for an obesity-related trait.
NRXN3,NRXN3,rs75318367,rs75318367,Body mass index,EFO_0004340,GCST90255621,36581621.0,1e-08,0.0203 unit decrease,G,14.0,79260078.0,European ancestry individuals,"1,122,049 European ancestry individuals",https://www.ebi.ac.uk/gwas/variants/rs75318367,Association 104116590 retrieved; study metadata fetched,Reported human genetic association for an obesity-related trait.
ETV5,ETV5,rs4234589,rs4234589,Body mass index,EFO_0004340,GCST90446645,39375568.0,8e-48,0.0368 unit increase,A,3.0,186101093.0,European ancestry individuals,"650,000 European ancestry individuals",https://www.ebi.ac.uk/gwas/variants/rs4234589,Association 138722686 retrieved; study metadata fetched,Reported human genetic association for an obesity-related trait.
ETV5,ETV5,rs10513801,rs10513801,Body mass index,EFO_0004340,GCST009003,30239722.0,5.999999999999999e-49,0.0352 unit increase,T,3.0,186104564.0,European ancestry female individuals,"434,794 European ancestry female individuals",https://www.ebi.ac.uk/gwas/variants/rs10513801,Association 49133591 retrieved; study metadata fetched,Reported human genetic association for an obesity-related trait.
ETV5,ETV5,rs76880877,rs76880877,"Body mass index (BMI, mean, inv-normal transformed)",EFO_0004340,GCST90475156,39024449.0,1e-96,0.08726 unit increase,A,3.0,186084839.0,European ancestry individuals,"424,221 European ancestry individuals",https://www.ebi.ac.uk/gwas/variants/rs76880877,Association 226039793 retrieved; study metadata fetched,Reported human genetic association for an obesity-related trait.
ETV5,ETV5,rs76880877,rs76880877,"Body mass index (BMI, minimum, inv-normal transformed)",EFO_0004340,GCST90475159,39024449.0,8.000000000000004e-72,0.07222 unit increase,A,3.0,186084839.0,European ancestry individuals,"424,217 European ancestry individuals",https://www.ebi.ac.uk/gwas/variants/rs76880877,Association 226053724 retrieved; study metadata fetched,Reported human genetic association for an obesity-related trait.
ETV5,ETV5,rs10513801,rs10513801,Body mass index (MTAG),EFO_0004340,GCST90179150,36376304.0,1e-47,0.035515 unit increase,T,3.0,186104564.0,,,https://www.ebi.ac.uk/gwas/variants/rs10513801,Association 101966287 retrieved; study metadata unavailable or capped,Reported human genetic association for an obesity-related trait.
ETV5,ETV5,rs4234589,rs4234589,"Body mass index (BMI, maximum, inv-normal transformed)",EFO_0004340,GCST90479521,39024449.0,2.9999999999999997e-47,0.06698 unit increase,A,3.0,186101093.0,,,https://www.ebi.ac.uk/gwas/variants/rs4234589,Association 226137650 retrieved; study metadata unavailable or capped,Reported human genetic association for an obesity-related trait.
ETV5,ETV5,rs4234589,rs4234589,"Body mass index (BMI, mean, inv-normal transformed)",EFO_0004340,GCST90479522,39024449.0,2.0000000000000012e-45,0.06523 unit increase,A,3.0,186101093.0,,,https://www.ebi.ac.uk/gwas/variants/rs4234589,Association 226143765 retrieved; study metadata unavailable or capped,Reported human genetic association for an obesity-related trait.
ETV5,ETV5,rs4234589,rs4234589,"Body mass index (BMI, minimum, inv-normal transformed)",EFO_0004340,GCST90479523,39024449.0,5.0000000000000005e-37,0.0553 unit increase,A,3.0,186101093.0,,,https://www.ebi.ac.uk/gwas/variants/rs4234589,Association 226147744 retrieved; study metadata unavailable or capped,Reported human genetic association for an obesity-related trait.
ETV5,ETV5,rs4234589,rs4234589,Adiposity (multivariate analysis),MONDO_0011122,GCST90624107,40796553.0,2e-47,-,?,3.0,186101093.0,,,https://www.ebi.ac.uk/gwas/variants/rs4234589,Association 192546409 retrieved; study metadata unavailable or capped,Reported human genetic association for an obesity-related trait.
ETV5,ETV5,rs4234589,rs4234589,Body mass index and HDL-C (pairwise),"EFO_0004340, EFO_0004612",GCST011336,33619380.0,4e-33,-,A,3.0,186101093.0,,,https://www.ebi.ac.uk/gwas/variants/rs4234589,Association 73197465 retrieved; study metadata unavailable or capped,Reported human genetic association for an obesity-related trait.
ETV5,ETV5,rs6809651,rs6809651,"Overweight, obesity and other hyperalimentation (PheCode 278)","MONDO_0003916, MONDO_0011122",GCST90479955,39024449.0,7.000000000000001e-29,0.0689 unit increase,G,3.0,186096853.0,,,https://www.ebi.ac.uk/gwas/variants/rs6809651,Association 226253412 retrieved; study metadata unavailable or capped,Reported human genetic association for an obesity-related trait.
ETV5,"DGKG, ETV5",rs869400,rs869400,Body mass index,EFO_0004340,GCST90301650,37280435.0,3e-32,0.0297922 unit decrease,T,3.0,186108951.0,,,https://www.ebi.ac.uk/gwas/variants/rs869400,Association 119090592 retrieved; study metadata unavailable or capped,Reported human genetic association for an obesity-related trait.
ETV5,"DGKG, ETV5",rs1516725,rs1516725,Body mass index,EFO_0004340,GCST005951,26426971.0,2e-31,0.04735101 unit decrease,T,3.0,186106215.0,,,https://www.ebi.ac.uk/gwas/variants/rs1516725,Association 30524634 retrieved; study metadata unavailable or capped,Reported human genetic association for an obesity-related trait.
ETV5,ETV5,rs76880877,rs76880877,Obesity (PheCode 278.1),MONDO_0011122,GCST90479952,39024449.0,2e-27,0.07241 unit increase,A,3.0,186084839.0,,,https://www.ebi.ac.uk/gwas/variants/rs76880877,Association 226252229 retrieved; study metadata unavailable or capped,Reported human genetic association for an obesity-related trait.
ETV5,"DGKG, ETV5",rs869400,rs869400,Body mass index (UKB data field 21001),EFO_0004340,GCST90468161,39789286.0,4e-31,0.027545571 unit increase,G,3.0,186108951.0,,,https://www.ebi.ac.uk/gwas/variants/rs869400,Association 188124506 retrieved; study metadata unavailable or capped,Reported human genetic association for an obesity-related trait.
ETV5,ETV5,rs10513801,rs10513801,Morbid obesity (PheCode 278.11),MONDO_0005139,GCST90475765,39024449.0,2e-25,0.1076 unit increase,T,3.0,186104564.0,,,https://www.ebi.ac.uk/gwas/variants/rs10513801,Association 226242406 retrieved; study metadata unavailable or capped,Reported human genetic association for an obesity-related trait.
ETV5,"DGKG, ETV5",rs869400,rs869400,Body mass index,EFO_0004340,GCST90018947,34594039.0,5.0000000000000005e-25,0.0303 unit increase,G,3.0,186108951.0,,,https://www.ebi.ac.uk/gwas/variants/rs869400,Association 93494724 retrieved; study metadata unavailable or capped,Reported human genetic association for an obesity-related trait.
ETV5,"DGKG, ETV5",rs1516725,rs1516725,Body mass index,EFO_0004340,GCST002783,25673413.0,1e-24,0.045 kg/m2 increase,C,3.0,186106215.0,,,https://www.ebi.ac.uk/gwas/variants/rs1516725,Association 12223377 retrieved; study metadata unavailable or capped,Reported human genetic association for an obesity-related trait.
ETV5,"DGKG, ETV5",rs1516725,rs1516725,Body mass index,EFO_0004340,GCST004904,28892062.0,1e-24,0.045 unit increase,C,3.0,186106215.0,,,https://www.ebi.ac.uk/gwas/variants/rs1516725,Association 49100611 retrieved; study metadata unavailable or capped,Reported human genetic association for an obesity-related trait.
ETV5,"DGKG, ETV5",rs1516725,rs1516725,Bipolar disorder or body mass index,"EFO_0004340, MONDO_0004985",GCST009371,31754094.0,1e-24,0.046 unit decrease,T,3.0,186106215.0,,,https://www.ebi.ac.uk/gwas/variants/rs1516725,Association 55315860 retrieved; study metadata unavailable or capped,Reported human genetic association for an obesity-related trait.
NEGR1,NEGR1,rs61765646,rs61765646,Obesity (PheCode 278.1),MONDO_0011122,GCST90479952,39024449.0,3e-16,0.05316 unit increase,T,1.0,72257528.0,"African American or Afro-Caribbean cases, 58,725 African American or Afro-Caribbean controls, 25,279 Hispanic or Latin American cases, 29,030 Hispanic or Latin American controls, 1,613 East Asian ancestry cases, 4,733 East Asian ancestry controls, 169,600 European ancestry cases, 244,254 European ancestry controls","52,351 African American or Afro-Caribbean cases, 58,725 African American or Afro-Caribbean controls, 25,279 Hispanic or Latin American cases, 29,030 Hispanic or Latin American controls, 1,613 East Asian ancestry cases, 4,733 East Asian ancestry controls, 169,600 European ancestry cases, 244,254 European ancestry controls",https://www.ebi.ac.uk/gwas/variants/rs61765646,Association 226252137 retrieved; study metadata fetched,Reported human genetic association for an obesity-related trait.
NEGR1,NEGR1,rs12725081,rs12725081,Body mass index,EFO_0004340,GCST90428119,38538606.0,2e-18,0.026153 unit decrease,A,1.0,72217035.0,European ancestry individuals,"342,566 European ancestry individuals",https://www.ebi.ac.uk/gwas/variants/rs12725081,Association 131613414 retrieved; study metadata fetched,Reported human genetic association for an obesity-related trait.
NEGR1,NEGR1,rs727726,rs727726,Body mass index,EFO_0004340,GCST009871,31669095.0,1e-16,-,?,1.0,72094057.0,European ancestry individuals,"457,822 European ancestry individuals",https://www.ebi.ac.uk/gwas/variants/rs727726,Association 55728853 retrieved; study metadata fetched,Reported human genetic association for an obesity-related trait.
NEGR1,NEGR1,rs973526,rs973526,Childhood body mass index,EFO_0004340,GCST90301649,37280435.0,6e-16,0.0170725 unit increase,C,1.0,72090710.0,European ancestry individuals,"441,761 European ancestry individuals",https://www.ebi.ac.uk/gwas/variants/rs973526,Association 119085760 retrieved; study metadata fetched,Reported human genetic association for an obesity-related trait.
NEGR1,NEGR1,rs12127789,rs12127789,Body mass index,EFO_0004340,GCST90255621,36581621.0,4e-14,0.0178 unit decrease,G,1.0,72274390.0,European ancestry individuals,"1,122,049 European ancestry individuals",https://www.ebi.ac.uk/gwas/variants/rs12127789,Association 104106647 retrieved; study metadata fetched,Reported human genetic association for an obesity-related trait.
NEGR1,NEGR1,rs2801321,rs2801321,Body mass index,EFO_0004340,GCST90255621,36581621.0,2e-12,0.0168 unit increase,G,1.0,71983116.0,European ancestry individuals,"1,122,049 European ancestry individuals",https://www.ebi.ac.uk/gwas/variants/rs2801321,Association 104106636 retrieved; study metadata fetched,Reported human genetic association for an obesity-related trait.
NEGR1,NEGR1,rs1342862,rs1342862,Body mass index,EFO_0004340,GCST90255621,36581621.0,7e-12,0.0215 unit increase,C,1.0,72191375.0,European ancestry individuals,"1,122,049 European ancestry individuals",https://www.ebi.ac.uk/gwas/variants/rs1342862,Association 104106642 retrieved; study metadata fetched,Reported human genetic association for an obesity-related trait.
NEGR1,NEGR1,rs1620977,rs1620977,Bipolar disorder or body mass index,"EFO_0004340, MONDO_0004985",GCST009371,31754094.0,9e-13,0.024 unit increase,A,1.0,72263459.0,,,https://www.ebi.ac.uk/gwas/variants/rs1620977,Association 55315878 retrieved; study metadata unavailable or capped,Reported human genetic association for an obesity-related trait.
NEGR1,NEGR1,rs2821248,rs2821248,Body mass index x sex x age interaction (4df test),"EFO_0004340, EFO_0008343, EFO_0008007",GCST005950,26426971.0,1e-12,-,A,1.0,72109877.0,,,https://www.ebi.ac.uk/gwas/variants/rs2821248,Association 30519748 retrieved; study metadata unavailable or capped,Reported human genetic association for an obesity-related trait.
NEGR1,NEGR1,rs2821248,rs2821248,Body mass index,EFO_0004340,GCST005951,26426971.0,1e-12,-,A,1.0,72109877.0,,,https://www.ebi.ac.uk/gwas/variants/rs2821248,Association 30523950 retrieved; study metadata unavailable or capped,Reported human genetic association for an obesity-related trait.
NEGR1,NEGR1,rs1335004,rs1335004,Obesity class II and Anorexia nervosa or Schizophrenia,"MONDO_0005090, MONDO_0005351, MONDO_0011122",GCST90624556,36137488.0,2e-08,-,?,1.0,71674016.0,,,https://www.ebi.ac.uk/gwas/variants/rs1335004,Association 189881740 retrieved; study metadata unavailable or capped,Reported human genetic association for an obesity-related trait.
NEGR1,NEGR1,rs2821248,rs2821248,Body mass index (age <50),EFO_0004340,GCST005953,26426971.0,8e-12,0.042 unit increase,A,1.0,72109877.0,,,https://www.ebi.ac.uk/gwas/variants/rs2821248,Association 30519641 retrieved; study metadata unavailable or capped,Reported human genetic association for an obesity-related trait.
NEGR1,NEGR1,rs12134600,rs12134600,Body mass index (MTAG),EFO_0004340,GCST90179150,36376304.0,9e-10,0.014827 unit increase,A,1.0,72170313.0,,,https://www.ebi.ac.uk/gwas/variants/rs12134600,Association 101964206 retrieved; study metadata unavailable or capped,Reported human genetic association for an obesity-related trait.
NEGR1,NEGR1,rs2821278,rs2821278,Body mass index (MTAG),EFO_0004340,GCST90179150,36376304.0,4e-09,0.0118 unit decrease,T,1.0,72044000.0,,,https://www.ebi.ac.uk/gwas/variants/rs2821278,Association 101964201 retrieved; study metadata unavailable or capped,Reported human genetic association for an obesity-related trait.
NEGR1,NEGR1,rs1486091,rs1486091,BMI (standard GWA),EFO_0004340,GCST90267268,37106081.0,2e-08,0.070933 unit increase,C,1.0,72105681.0,,,https://www.ebi.ac.uk/gwas/variants/rs1486091,Association 104955550 retrieved; study metadata unavailable or capped,Reported human genetic association for an obesity-related trait.
NEGR1,NEGR1,rs34940719,rs34940719,Whole body fat mass (UKB data field 23100),OBA_0004528,GCST90428121,38538606.0,5e-14,0.0221397 unit decrease,A,1.0,72228103.0,,,https://www.ebi.ac.uk/gwas/variants/rs34940719,Association 131626400 retrieved; study metadata unavailable or capped,Reported human genetic association for an obesity-related trait.
NEGR1,NEGR1,rs1776012,rs1776012,Obesity (extreme),MONDO_0011122,GCST009700,31888951.0,1e-07,-,A,1.0,72252060.0,,,https://www.ebi.ac.uk/gwas/variants/rs1776012,Association 55884192 retrieved; study metadata unavailable or capped,Reported human genetic association for an obesity-related trait.
NEGR1,NEGR1,rs1620977,rs1620977,Body mass index,EFO_0004340,GCST009702,31888951.0,3e-06,0.5819 unit increase,A,1.0,72263459.0,,,https://www.ebi.ac.uk/gwas/variants/rs1620977,Association 55884054 retrieved; study metadata unavailable or capped,Reported human genetic association for an obesity-related trait.
NEGR1,NEGR1,rs1776012,rs1776012,Body mass index,EFO_0004340,GCST009701,31888951.0,9e-06,0.4848 unit decrease,G,1.0,72252060.0,,,https://www.ebi.ac.uk/gwas/variants/rs1776012,Association 55884115 retrieved; study metadata unavailable or capped,Reported human genetic association for an obesity-related trait.
NEGR1,NEGR1,rs72941254,rs72941254,Body composition traits,EFO_0007800,GCST012676,30026463.0,4e-06,3.9 unit increase,A,1.0,72208234.0,,,https://www.ebi.ac.uk/gwas/variants/rs72941254,Association 94009083 retrieved; study metadata unavailable or capped,Reported human genetic association for an obesity-related trait.
NPC1,"NPC1, RMC1",rs891387,rs891387,Body mass index,EFO_0004340,GCST90255621,36581621.0,1e-41,0.0204 unit decrease,C,18.0,23523945.0,European ancestry individuals,"1,122,049 European ancestry individuals",https://www.ebi.ac.uk/gwas/variants/rs891387,Association 104118509 retrieved; study metadata fetched,Reported human genetic association for an obesity-related trait.
NPC1,"NPC1, RMC1",rs891387,rs891387,Body mass index,EFO_0004340,GCST009004,30239722.0,9e-35,0.0208 unit increase,T,18.0,23523945.0,European ancestry individuals,"806,834 European ancestry individuals",https://www.ebi.ac.uk/gwas/variants/rs891387,Association 49131205 retrieved; study metadata fetched,Reported human genetic association for an obesity-related trait.
NPC1,"NPC1, RMC1",rs891387,rs891387,Body mass index,EFO_0004340,GCST009001,30239722.0,9e-35,0.0208 unit increase,T,18.0,23523945.0,European ancestry male individuals,"374,756 European ancestry male individuals",https://www.ebi.ac.uk/gwas/variants/rs891387,Association 49137256 retrieved; study metadata fetched,Reported human genetic association for an obesity-related trait.
NPC1,"NPC1, RMC1",rs1808579,rs1808579,Body mass index,EFO_0004340,GCST009003,30239722.0,2e-33,0.0196 unit decrease,T,18.0,23524924.0,European ancestry female individuals,"434,794 European ancestry female individuals",https://www.ebi.ac.uk/gwas/variants/rs1808579,Association 49134099 retrieved; study metadata fetched,Reported human genetic association for an obesity-related trait.
NPC1,"NPC1, RMC1",rs1367083,rs1367083,Body mass index (MTAG),EFO_0004340,GCST90179150,36376304.0,9.000000000000001e-33,0.02104 unit decrease,T,18.0,23520276.0,,,https://www.ebi.ac.uk/gwas/variants/rs1367083,Association 101971594 retrieved; study metadata unavailable or capped,Reported human genetic association for an obesity-related trait.
NPC1,"NPC1, RMC1",rs1788808,rs1788808,Body mass index,EFO_0004340,GCST90662912,40436827.0,9.000000000000001e-29,0.0227 unit increase,A,18.0,23510059.0,,,https://www.ebi.ac.uk/gwas/variants/rs1788808,Association 191905205 retrieved; study metadata unavailable or capped,Reported human genetic association for an obesity-related trait.
NPC1,"NPC1, RMC1",rs891387,rs891387,Body mass index,EFO_0004340,GCST90446645,39375568.0,9.999999999999999e-27,0.0195 unit increase,T,18.0,23523945.0,,,https://www.ebi.ac.uk/gwas/variants/rs891387,Association 138725414 retrieved; study metadata unavailable or capped,Reported human genetic association for an obesity-related trait.
NPC1,"NPC1, RMC1",rs1788808,rs1788808,Body mass index,EFO_0004340,GCST007039,30595370.0,1.9999999999999998e-26,-,?,18.0,23510059.0,,,https://www.ebi.ac.uk/gwas/variants/rs1788808,Association 36061954 retrieved; study metadata unavailable or capped,Reported human genetic association for an obesity-related trait.
NPC1,NPC1,rs6507720,rs6507720,Body mass index,EFO_0004340,GCST009871,31669095.0,1e-25,-,?,18.0,23539327.0,,,https://www.ebi.ac.uk/gwas/variants/rs6507720,Association 55735176 retrieved; study metadata unavailable or capped,Reported human genetic association for an obesity-related trait.
NPC1,"NPC1, RMC1",rs1788808,rs1788808,Body mass index,EFO_0004340,GCST90301650,37280435.0,2e-24,0.0195407 unit increase,A,18.0,23510059.0,,,https://www.ebi.ac.uk/gwas/variants/rs1788808,Association 119088785 retrieved; study metadata unavailable or capped,Reported human genetic association for an obesity-related trait.
NPC1,"NPC1, RMC1",rs1788808,rs1788808,Body mass index,EFO_0004340,GCST90428119,38538606.0,3e-21,0.0227757 unit decrease,G,18.0,23510059.0,,,https://www.ebi.ac.uk/gwas/variants/rs1788808,Association 131613253 retrieved; study metadata unavailable or capped,Reported human genetic association for an obesity-related trait.
NPC1,NPC1,rs6507720,rs6507720,Body mass index,EFO_0004340,GCST90428119,38538606.0,3e-21,0.0228119 unit decrease,G,18.0,23539327.0,,,https://www.ebi.ac.uk/gwas/variants/rs6507720,Association 131613248 retrieved; study metadata unavailable or capped,Reported human genetic association for an obesity-related trait.
NPC1,"NPC1, RMC1",rs1788808,rs1788808,Body mass index,EFO_0004340,GCST90435413,39134668.0,8e-20,0.0188801 unit decrease,?,18.0,23510059.0,,,https://www.ebi.ac.uk/gwas/variants/rs1788808,Association 134165983 retrieved; study metadata unavailable or capped,Reported human genetic association for an obesity-related trait.
NPC1,"NPC1, RMC1",rs1788808,rs1788808,Body mass index,EFO_0004340,GCST90018947,34594039.0,2e-19,0.0193 unit decrease,G,18.0,23510059.0,,,https://www.ebi.ac.uk/gwas/variants/rs1788808,Association 93496554 retrieved; study metadata unavailable or capped,Reported human genetic association for an obesity-related trait.
NPC1,NPC1,rs12964689,rs12964689,Adiposity (multivariate analysis),MONDO_0011122,GCST90624107,40796553.0,4e-25,-,?,18.0,23537034.0,,,https://www.ebi.ac.uk/gwas/variants/rs12964689,Association 192548419 retrieved; study metadata unavailable or capped,Reported human genetic association for an obesity-related trait.
NPC1,"NPC1, RMC1",rs1788808,rs1788808,Body mass index (UKB data field 21001),EFO_0004340,GCST90468161,39789286.0,4e-19,0.016369086 unit decrease,G,18.0,23510059.0,,,https://www.ebi.ac.uk/gwas/variants/rs1788808,Association 188123681 retrieved; study metadata unavailable or capped,Reported human genetic association for an obesity-related trait.
NPC1,NPC1,rs771025058,rs771025058,Body fat percentage,EFO_0007800,GCST90020232,33980691.0,4e-30,0.017 % increase,AAG,18.0,23542244.0,,,https://www.ebi.ac.uk/gwas/variants/rs771025058,Association 91777575 retrieved; study metadata unavailable or capped,Reported human genetic association for an obesity-related trait.
NPC1,NPC1,rs1788799,rs1788799,Body mass index,EFO_0004340,GCST008129,29273807.0,1e-17,0.0161 unit increase,C,18.0,23544981.0,,,https://www.ebi.ac.uk/gwas/variants/rs1788799,Association 41553616 retrieved; study metadata unavailable or capped,Reported human genetic association for an obesity-related trait.
NPC1,NPC1,rs1652343,rs1652343,"Overweight, obesity and other hyperalimentation (PheCode 278)","MONDO_0003916, MONDO_0011122",GCST90479955,39024449.0,5e-13,0.0339 unit increase,T,18.0,23551965.0,,,https://www.ebi.ac.uk/gwas/variants/rs1652343,Association 226253816 retrieved; study metadata unavailable or capped,Reported human genetic association for an obesity-related trait.
NPC1,NPC1,rs1652343,rs1652343,Obesity (PheCode 278.1),MONDO_0011122,GCST90479952,39024449.0,2e-11,0.03236 unit increase,T,18.0,23551965.0,,,https://www.ebi.ac.uk/gwas/variants/rs1652343,Association 226252669 retrieved; study metadata unavailable or capped,Reported human genetic association for an obesity-related trait.
ADCY5,ADCY5,rs11719201,rs11719201,Sex hormone-binding globulin levels adjusted for BMI and heel estimated bone mineral density,"EFO_0004696, EFO_0009270",GCST90399398,37615194.0,1.0000000000000001e-23,-,?,3.0,123349897.0,European ancestry individuals,"831,753 European ancestry individuals",https://www.ebi.ac.uk/gwas/variants/rs11719201,Association 191186344 retrieved; study metadata fetched,Reported human genetic association for an obesity-related trait.
ADCY5,ADCY5,rs2124499,rs2124499,Body mass index,EFO_0004340,GCST90255621,36581621.0,4e-16,0.0123 unit increase,G,3.0,123374694.0,European ancestry individuals,"1,122,049 European ancestry individuals",https://www.ebi.ac.uk/gwas/variants/rs2124499,Association 104109421 retrieved; study metadata fetched,Reported human genetic association for an obesity-related trait.
ADCY5,ADCY5,rs55925662,rs55925662,Waist circumference adjusted for body mass index,EFO_0007789,GCST90020029,34021172.0,8e-11,0.0212287 unit increase,G,3.0,123399852.0,,,https://www.ebi.ac.uk/gwas/variants/rs55925662,Association 90708368 retrieved; study metadata unavailable or capped,Reported human genetic association for an obesity-related trait.
ADCY5,ADCY5,rs9840967,rs9840967,Waist circumference adjusted for body mass index,EFO_0007789,GCST009867,31669095.0,2e-10,-,?,3.0,123408259.0,,,https://www.ebi.ac.uk/gwas/variants/rs9840967,Association 55722755 retrieved; study metadata unavailable or capped,Reported human genetic association for an obesity-related trait.
ADCY5,ADCY5,rs11708067,rs11708067,BMI at birth,EFO_0004340,GCST90104629,35315439.0,5e-16,0.0789424 unit decrease,A,3.0,123346931.0,European ancestry individuals,"28,681 European ancestry individuals",https://www.ebi.ac.uk/gwas/variants/rs11708067,Association 97371146 retrieved; study metadata fetched,Reported human genetic association for an obesity-related trait.
ADCY5,ADCY5,rs11708067,rs11708067,Body mass index,EFO_0004340,GCST90255621,36581621.0,1e-11,0.0106 unit increase,G,3.0,123346931.0,European ancestry individuals,"1,122,049 European ancestry individuals",https://www.ebi.ac.uk/gwas/variants/rs11708067,Association 104109416 retrieved; study metadata fetched,Reported human genetic association for an obesity-related trait.
ADCY5,ADCY5,rs4677883,rs4677883,Waist circumference adjusted for body mass index,EFO_0007789,GCST90020029,34021172.0,5e-09,0.021381 unit increase,A,3.0,123333171.0,,,https://www.ebi.ac.uk/gwas/variants/rs4677883,Association 90708364 retrieved; study metadata unavailable or capped,Reported human genetic association for an obesity-related trait.
ADCY5,ADCY5,rs35596775,rs35596775,Waist-to-hip ratio adjusted for BMI,EFO_0007788,GCST90020025,34021172.0,1e-08,0.0163592 unit increase,A,3.0,123439305.0,,,https://www.ebi.ac.uk/gwas/variants/rs35596775,Association 90793999 retrieved; study metadata unavailable or capped,Reported human genetic association for an obesity-related trait.
ADCY5,ADCY5,rs12496583,rs12496583,Waist-to-hip ratio adjusted for BMI,EFO_0007788,GCST008994,30239722.0,2e-08,0.011 unit decrease,A,3.0,123402439.0,,,https://www.ebi.ac.uk/gwas/variants/rs12496583,Association 47380789 retrieved; study metadata unavailable or capped,Reported human genetic association for an obesity-related trait.
ADCY5,"ADCY5, HACD2",rs114266505,rs114266505,Body mass index,EFO_0004340,GCST90255621,36581621.0,5e-09,0.0309 unit increase,G,3.0,123481096.0,European ancestry individuals,"1,122,049 European ancestry individuals",https://www.ebi.ac.uk/gwas/variants/rs114266505,Association 104109427 retrieved; study metadata fetched,Reported human genetic association for an obesity-related trait.
ADCY5,ADCY5,rs12330631,rs12330631,Body fat percentage,EFO_0007800,GCST90020232,33980691.0,1e-15,0.013 % increase,C,3.0,123370987.0,European ancestry individuals,"442,278 European ancestry individuals",https://www.ebi.ac.uk/gwas/variants/rs12330631,Association 91778199 retrieved; study metadata fetched,Reported human genetic association for an obesity-related trait.
ADCY5,ADCY5,rs9844212,rs9844212,Fasting glucose (adjusted for BMI) or polycystic ovary syndrome (pleiotropy),"OBA_VT0000188, MONDO_0008487",GCST90134406,35771237.0,4e-13,-,C,3.0,123303023.0,,,https://www.ebi.ac.uk/gwas/variants/rs9844212,Association 100370884 retrieved; study metadata unavailable or capped,Reported human genetic association for an obesity-related trait.
ADCY5,ADCY5,rs2124499,rs2124499,Body mass index,EFO_0004340,GCST90662912,40436827.0,5e-13,0.0134 unit decrease,C,3.0,123374694.0,,,https://www.ebi.ac.uk/gwas/variants/rs2124499,Association 191905435 retrieved; study metadata unavailable or capped,Reported human genetic association for an obesity-related trait.
ADCY5,ADCY5,rs11708067,rs11708067,Fasting glucose adjusted for BMI,EFO_0008036,GCST90094959,34951656.0,2e-12,0.0565 unit increase,A,3.0,123346931.0,,,https://www.ebi.ac.uk/gwas/variants/rs11708067,Association 165397829 retrieved; study metadata unavailable or capped,Reported human genetic association for an obesity-related trait.
ADCY5,ADCY5,rs9855635,rs9855635,"Body mass index (BMI, maximum, inv-normal transformed)",EFO_0004340,GCST90479521,39024449.0,2e-12,0.02749 unit increase,A,3.0,123328631.0,,,https://www.ebi.ac.uk/gwas/variants/rs9855635,Association 226137354 retrieved; study metadata unavailable or capped,Reported human genetic association for an obesity-related trait.
ADCY5,ADCY5,rs11708067,rs11708067,Body mass index and type 2 diabetes (pairwise),"MONDO_0005148, EFO_0004340",GCST011329,33619380.0,5e-12,-,G,3.0,123346931.0,,,https://www.ebi.ac.uk/gwas/variants/rs11708067,Association 73197833 retrieved; study metadata unavailable or capped,Reported human genetic association for an obesity-related trait.
ADCY5,ADCY5,rs9855635,rs9855635,"Body mass index (BMI, mean, inv-normal transformed)",EFO_0004340,GCST90479522,39024449.0,3e-11,0.02547 unit increase,A,3.0,123328631.0,,,https://www.ebi.ac.uk/gwas/variants/rs9855635,Association 226143557 retrieved; study metadata unavailable or capped,Reported human genetic association for an obesity-related trait.
ADCY5,ADCY5,rs7614016,rs7614016,"Body mass index (BMI, minimum, inv-normal transformed)",EFO_0004340,GCST90479523,39024449.0,3e-11,0.02482 unit decrease,G,3.0,123351579.0,,,https://www.ebi.ac.uk/gwas/variants/rs7614016,Association 226147644 retrieved; study metadata unavailable or capped,Reported human genetic association for an obesity-related trait.
ADCY5,ADCY5,rs11720108,rs11720108,Sex hormone-binding globulin levels adjusted for BMI,EFO_0004696,GCST90012106,32042192.0,5e-11,0.00813794 unit increase,T,3.0,123350211.0,,,https://www.ebi.ac.uk/gwas/variants/rs11720108,Association 63837847 retrieved; study metadata unavailable or capped,Reported human genetic association for an obesity-related trait.
ADCY5,ADCY5,rs11708067,rs11708067,Fasting blood glucose (BMI interaction),"EFO_0004340, OBA_VT0000188",GCST001527,22581228.0,4e-10,2.0E-4 unit increase,A,3.0,123346931.0,,,https://www.ebi.ac.uk/gwas/variants/rs11708067,Association 27281707 retrieved; study metadata unavailable or capped,Reported human genetic association for an obesity-related trait.
SPARC,SPARC,rs41290587,rs41290587,Body mass index,EFO_0004340,GCST90255621,36581621.0,1e-21,0.079 unit decrease,C,5.0,151666362.0,European ancestry individuals,"1,122,049 European ancestry individuals",https://www.ebi.ac.uk/gwas/variants/rs41290587,Association 104111185 retrieved; study metadata fetched,Reported human genetic association for an obesity-related trait.
SPARC,SPARC,rs41290587,rs41290587,Body mass index,EFO_0004340,GCST90094398,34210852.0,1e-14,0.08 unit increase,?,5.0,151666362.0,"European ancestry individuals, 95,846 admixed American ancestry individuals","549,780 European ancestry individuals, 95,846 admixed American ancestry individuals",https://www.ebi.ac.uk/gwas/variants/rs41290587,Association 94073302 retrieved; study metadata fetched,Reported human genetic association for an obesity-related trait.
SPARC,SPARC,rs41290587,rs41290587,Body mass index,EFO_0004340,GCST90662912,40436827.0,1e-12,0.1093 unit increase,T,5.0,151666362.0,"East Asian ancestry individuals, 420,829 European ancestry individuals","507,850 East Asian ancestry individuals, 420,829 European ancestry individuals",https://www.ebi.ac.uk/gwas/variants/rs41290587,Association 191906330 retrieved; study metadata fetched,Reported human genetic association for an obesity-related trait.
SPARC,SPARC,rs41290587,rs41290587,Body mass index,EFO_0004340,GCST009004,30239722.0,3e-11,0.0776 unit increase,T,5.0,151666362.0,European ancestry individuals,"806,834 European ancestry individuals",https://www.ebi.ac.uk/gwas/variants/rs41290587,Association 49130004 retrieved; study metadata fetched,Reported human genetic association for an obesity-related trait.
SPARC,SPARC,rs41290587,rs41290587,Body mass index,EFO_0004340,GCST009871,31669095.0,1e-10,-,?,5.0,151666362.0,European ancestry individuals,"457,822 European ancestry individuals",https://www.ebi.ac.uk/gwas/variants/rs41290587,Association 55730969 retrieved; study metadata fetched,Reported human genetic association for an obesity-related trait.
SPARC,SPARC,rs41290587,rs41290587,Body mass index,EFO_0004340,GCST90018947,34594039.0,4e-08,0.0776 unit increase,T,5.0,151666362.0,,,https://www.ebi.ac.uk/gwas/variants/rs41290587,Association 93495014 retrieved; study metadata unavailable or capped,Reported human genetic association for an obesity-related trait.
RPTOR,RPTOR,rs11150745,rs11150745,"Body mass index (BMI, maximum, inv-normal transformed)",EFO_0004340,GCST90475153,39024449.0,4e-37,0.0407 unit increase,A,17.0,80783826.0,European ancestry individuals,"424,231 European ancestry individuals",https://www.ebi.ac.uk/gwas/variants/rs11150745,Association 226006262 retrieved; study metadata fetched,Reported human genetic association for an obesity-related trait.
RPTOR,RPTOR,rs11150745,rs11150745,"Body mass index (BMI, mean, inv-normal transformed)",EFO_0004340,GCST90475156,39024449.0,1e-36,0.03998 unit increase,A,17.0,80783826.0,European ancestry individuals,"424,221 European ancestry individuals",https://www.ebi.ac.uk/gwas/variants/rs11150745,Association 226037529 retrieved; study metadata fetched,Reported human genetic association for an obesity-related trait.
RPTOR,RPTOR,rs12940622,rs12940622,Body mass index,EFO_0004340,GCST90255621,36581621.0,1.9999999999999998e-30,0.0168 unit increase,G,17.0,80641771.0,,,https://www.ebi.ac.uk/gwas/variants/rs12940622,Association 104118418 retrieved; study metadata unavailable or capped,Reported human genetic association for an obesity-related trait.
RPTOR,RPTOR,rs12939549,rs12939549,Body mass index,EFO_0004340,GCST009001,30239722.0,3.9999999999999994e-28,0.018 unit increase,A,17.0,80637924.0,,,https://www.ebi.ac.uk/gwas/variants/rs12939549,Association 49136425 retrieved; study metadata unavailable or capped,Reported human genetic association for an obesity-related trait.
RPTOR,RPTOR,rs12939549,rs12939549,Body mass index,EFO_0004340,GCST009004,30239722.0,3.9999999999999994e-28,0.018 unit increase,A,17.0,80637924.0,,,https://www.ebi.ac.uk/gwas/variants/rs12939549,Association 49128730 retrieved; study metadata unavailable or capped,Reported human genetic association for an obesity-related trait.
RPTOR,RPTOR,rs12939549,rs12939549,Body mass index (MTAG),EFO_0004340,GCST90179150,36376304.0,5e-28,0.017688 unit increase,A,17.0,80637924.0,,,https://www.ebi.ac.uk/gwas/variants/rs12939549,Association 101971545 retrieved; study metadata unavailable or capped,Reported human genetic association for an obesity-related trait.
RPTOR,RPTOR,rs9910745,rs9910745,Body mass index,EFO_0004340,GCST009003,30239722.0,3e-26,0.0181 unit decrease,T,17.0,80636743.0,,,https://www.ebi.ac.uk/gwas/variants/rs9910745,Association 49135039 retrieved; study metadata unavailable or capped,Reported human genetic association for an obesity-related trait.
RPTOR,RPTOR,rs11150745,rs11150745,"Body mass index (BMI, minimum, inv-normal transformed)",EFO_0004340,GCST90475159,39024449.0,4.9999999999999996e-26,0.03218 unit increase,A,17.0,80783826.0,,,https://www.ebi.ac.uk/gwas/variants/rs11150745,Association 226052800 retrieved; study metadata unavailable or capped,Reported human genetic association for an obesity-related trait.
RPTOR,RPTOR,rs11150745,rs11150745,Body mass index,EFO_0004340,GCST007039,30595370.0,3e-24,-,?,17.0,80783826.0,,,https://www.ebi.ac.uk/gwas/variants/rs11150745,Association 36061930 retrieved; study metadata unavailable or capped,Reported human genetic association for an obesity-related trait.
RPTOR,RPTOR,rs11150745,rs11150745,Body mass index,EFO_0004340,GCST90301650,37280435.0,9e-24,0.0206684 unit increase,A,17.0,80783826.0,,,https://www.ebi.ac.uk/gwas/variants/rs11150745,Association 119088759 retrieved; study metadata unavailable or capped,Reported human genetic association for an obesity-related trait.
RPTOR,RPTOR,rs4889782,rs4889782,Body mass index,EFO_0004340,GCST90255621,36581621.0,4e-22,0.0157 unit increase,C,17.0,80666710.0,,,https://www.ebi.ac.uk/gwas/variants/rs4889782,Association 104118423 retrieved; study metadata unavailable or capped,Reported human genetic association for an obesity-related trait.
RPTOR,RPTOR,rs12940622,rs12940622,Body mass index,EFO_0004340,GCST90446645,39375568.0,5e-21,0.0166 unit increase,G,17.0,80641771.0,,,https://www.ebi.ac.uk/gwas/variants/rs12940622,Association 138725384 retrieved; study metadata unavailable or capped,Reported human genetic association for an obesity-related trait.
RPTOR,RPTOR,rs11150745,rs11150745,Body mass index (UKB data field 21001),EFO_0004340,GCST90468161,39789286.0,8e-21,0.018200383 unit decrease,G,17.0,80783826.0,,,https://www.ebi.ac.uk/gwas/variants/rs11150745,Association 188123401 retrieved; study metadata unavailable or capped,Reported human genetic association for an obesity-related trait.
RPTOR,RPTOR,rs8079537,rs8079537,Body mass index,EFO_0004340,GCST009871,31669095.0,2e-19,-,?,17.0,80627018.0,,,https://www.ebi.ac.uk/gwas/variants/rs8079537,Association 55735114 retrieved; study metadata unavailable or capped,Reported human genetic association for an obesity-related trait.
RPTOR,RPTOR,rs11150745,rs11150745,Body mass index,EFO_0004340,GCST90435413,39134668.0,3.0000000000000002e-18,0.0193798 unit decrease,?,17.0,80783826.0,,,https://www.ebi.ac.uk/gwas/variants/rs11150745,Association 134165291 retrieved; study metadata unavailable or capped,Reported human genetic association for an obesity-related trait.
RPTOR,RPTOR,rs12939549,rs12939549,Adiposity (multivariate analysis),MONDO_0011122,GCST90624107,40796553.0,8.000000000000001e-24,-,?,17.0,80637924.0,,,https://www.ebi.ac.uk/gwas/variants/rs12939549,Association 192548345 retrieved; study metadata unavailable or capped,Reported human genetic association for an obesity-related trait.
RPTOR,RPTOR,rs11150745,rs11150745,Body mass index,EFO_0004340,GCST90428119,38538606.0,3e-17,0.021845 unit decrease,G,17.0,80783826.0,,,https://www.ebi.ac.uk/gwas/variants/rs11150745,Association 131613532 retrieved; study metadata unavailable or capped,Reported human genetic association for an obesity-related trait.
RPTOR,RPTOR,rs11150745,rs11150745,"Body mass index (BMI, mean, inv-normal transformed)",EFO_0004340,GCST90479522,39024449.0,4e-16,0.03284 unit increase,A,17.0,80783826.0,,,https://www.ebi.ac.uk/gwas/variants/rs11150745,Association 226146237 retrieved; study metadata unavailable or capped,Reported human genetic association for an obesity-related trait.
RPTOR,RPTOR,rs11150745,rs11150745,"Body mass index (BMI, maximum, inv-normal transformed)",EFO_0004340,GCST90479521,39024449.0,9e-16,0.03307 unit increase,A,17.0,80783826.0,,,https://www.ebi.ac.uk/gwas/variants/rs11150745,Association 226141382 retrieved; study metadata unavailable or capped,Reported human genetic association for an obesity-related trait.
RPTOR,RPTOR,rs11150745,rs11150745,Body mass index,EFO_0004340,GCST90018947,34594039.0,1e-15,0.0161 unit decrease,G,17.0,80783826.0,,,https://www.ebi.ac.uk/gwas/variants/rs11150745,Association 93496539 retrieved; study metadata unavailable or capped,Reported human genetic association for an obesity-related trait.
KCTD15,"KCTD15, SUNO1",rs29940,rs29940,Body mass index,EFO_0004340,GCST90662912,40436827.0,7.999999999999997e-32,0.0208 unit increase,A,19.0,33819129.0,"East Asian ancestry individuals, 420,829 European ancestry individuals","507,850 East Asian ancestry individuals, 420,829 European ancestry individuals",https://www.ebi.ac.uk/gwas/variants/rs29940,Association 191905920 retrieved; study metadata fetched,Reported human genetic association for an obesity-related trait.
KCTD15,"KCTD15, SUNO1",rs29941,rs29941,Body mass index,EFO_0004340,GCST90255621,36581621.0,2e-21,0.0135 unit increase,G,19.0,33818627.0,European ancestry individuals,"1,122,049 European ancestry individuals",https://www.ebi.ac.uk/gwas/variants/rs29941,Association 104119092 retrieved; study metadata fetched,Reported human genetic association for an obesity-related trait.
KCTD15,"KCTD15, SUNO1",rs29938,rs29938,Body mass index (MTAG),EFO_0004340,GCST90179150,36376304.0,9e-21,0.01579 unit decrease,T,19.0,33820576.0,European ancestry individuals,"694,649 European ancestry individuals",https://www.ebi.ac.uk/gwas/variants/rs29938,Association 101972013 retrieved; study metadata fetched,Reported human genetic association for an obesity-related trait.
KCTD15,"KCTD15, SUNO1",rs29938,rs29938,Body mass index,EFO_0004340,GCST009001,30239722.0,4e-20,0.0158 unit decrease,T,19.0,33820576.0,European ancestry male individuals,"374,756 European ancestry male individuals",https://www.ebi.ac.uk/gwas/variants/rs29938,Association 49136750 retrieved; study metadata fetched,Reported human genetic association for an obesity-related trait.
KCTD15,"KCTD15, SUNO1",rs29938,rs29938,Body mass index,EFO_0004340,GCST009004,30239722.0,4e-20,0.0158 unit decrease,T,19.0,33820576.0,,,https://www.ebi.ac.uk/gwas/variants/rs29938,Association 49129770 retrieved; study metadata unavailable or capped,Reported human genetic association for an obesity-related trait.
KCTD15,"CHST8, KCTD15",rs285685,rs285685,Body mass index (MTAG),EFO_0004340,GCST90179150,36376304.0,6.999999999999999e-11,0.014745 unit increase,T,19.0,33780174.0,European ancestry individuals,"694,649 European ancestry individuals",https://www.ebi.ac.uk/gwas/variants/rs285685,Association 101972008 retrieved; study metadata fetched,Reported human genetic association for an obesity-related trait.
KCTD15,"CHST8, KCTD15",rs285685,rs285685,Body mass index,EFO_0004340,GCST90255621,36581621.0,7.000000000000001e-10,0.0122 unit decrease,C,19.0,33780174.0,European ancestry individuals,"1,122,049 European ancestry individuals",https://www.ebi.ac.uk/gwas/variants/rs285685,Association 104119087 retrieved; study metadata fetched,Reported human genetic association for an obesity-related trait.
KCTD15,"KCTD15, SUNO1",rs29939,rs29939,Body mass index,EFO_0004340,GCST009003,30239722.0,1e-18,0.016 unit decrease,A,19.0,33819895.0,,,https://www.ebi.ac.uk/gwas/variants/rs29939,Association 49134383 retrieved; study metadata unavailable or capped,Reported human genetic association for an obesity-related trait.
KCTD15,"KCTD15, SUNO1",rs29941,rs29941,Body mass index,EFO_0004340,GCST90446645,39375568.0,9.000000000000001e-18,0.0159 unit decrease,A,19.0,33818627.0,,,https://www.ebi.ac.uk/gwas/variants/rs29941,Association 138725623 retrieved; study metadata unavailable or capped,Reported human genetic association for an obesity-related trait.
KCTD15,KCTD15,rs29947,rs29947,"Body mass index (BMI, maximum, inv-normal transformed)",EFO_0004340,GCST90479521,39024449.0,2e-17,0.03216 unit decrease,A,19.0,33808946.0,,,https://www.ebi.ac.uk/gwas/variants/rs29947,Association 226141690 retrieved; study metadata unavailable or capped,Reported human genetic association for an obesity-related trait.
KCTD15,KCTD15,rs29947,rs29947,"Body mass index (BMI, mean, inv-normal transformed)",EFO_0004340,GCST90479522,39024449.0,1e-16,0.03105 unit decrease,A,19.0,33808946.0,,,https://www.ebi.ac.uk/gwas/variants/rs29947,Association 226146533 retrieved; study metadata unavailable or capped,Reported human genetic association for an obesity-related trait.
KCTD15,"KCTD15, SUNO1",rs29938,rs29938,Body mass index,EFO_0004340,GCST005951,26426971.0,4e-14,0.02165926 unit decrease,T,19.0,33820576.0,,,https://www.ebi.ac.uk/gwas/variants/rs29938,Association 30524969 retrieved; study metadata unavailable or capped,Reported human genetic association for an obesity-related trait.
KCTD15,"KCTD15, SUNO1",rs7256653,rs7256653,Body mass index,EFO_0004340,GCST007039,30595370.0,6e-14,-,?,19.0,33825800.0,,,https://www.ebi.ac.uk/gwas/variants/rs7256653,Association 36062114 retrieved; study metadata unavailable or capped,Reported human genetic association for an obesity-related trait.
KCTD15,"KCTD15, SUNO1",rs40815,rs40815,Body mass index,EFO_0004340,GCST90662887,40436827.0,1e-13,0.0299512 unit increase,A,19.0,33816097.0,,,https://www.ebi.ac.uk/gwas/variants/rs40815,Association 191846520 retrieved; study metadata unavailable or capped,Reported human genetic association for an obesity-related trait.
KCTD15,KCTD15,rs29947,rs29947,"Body mass index (BMI, minimum, inv-normal transformed)",EFO_0004340,GCST90479523,39024449.0,2e-13,0.0259 unit decrease,A,19.0,33808946.0,,,https://www.ebi.ac.uk/gwas/variants/rs29947,Association 226149468 retrieved; study metadata unavailable or capped,Reported human genetic association for an obesity-related trait.
KCTD15,"KCTD15, SUNO1",rs7256653,rs7256653,Body mass index,EFO_0004340,GCST009871,31669095.0,9e-13,-,?,19.0,33825800.0,,,https://www.ebi.ac.uk/gwas/variants/rs7256653,Association 55735613 retrieved; study metadata unavailable or capped,Reported human genetic association for an obesity-related trait.
KCTD15,"KCTD15, SUNO1",rs7256653,rs7256653,Body mass index,EFO_0004340,GCST90301650,37280435.0,1e-12,0.0149698 unit decrease,T,19.0,33825800.0,,,https://www.ebi.ac.uk/gwas/variants/rs7256653,Association 119089005 retrieved; study metadata unavailable or capped,Reported human genetic association for an obesity-related trait.
KCTD15,"KCTD15, SUNO1",rs29941,rs29941,Body mass index,EFO_0004340,GCST000296,19079260.0,7e-12,4.18 % SD increase,C,19.0,33818627.0,,,https://www.ebi.ac.uk/gwas/variants/rs29941,Association 14783462 retrieved; study metadata unavailable or capped,Reported human genetic association for an obesity-related trait.
KCTD15,"KCTD15, SUNO1",rs29940,rs29940,Body mass index,EFO_0004340,GCST90018947,34594039.0,1e-11,0.0143 unit increase,A,19.0,33819129.0,,,https://www.ebi.ac.uk/gwas/variants/rs29940,Association 93496649 retrieved; study metadata unavailable or capped,Reported human genetic association for an obesity-related trait.
KCTD15,"KCTD15, SUNO1",rs29941,rs29941,Body mass index,EFO_0004340,GCST004904,28892062.0,2e-10,0.017 unit increase,G,19.0,33818627.0,,,https://www.ebi.ac.uk/gwas/variants/rs29941,Association 49100955 retrieved; study metadata unavailable or capped,Reported human genetic association for an obesity-related trait.
ADCY9,ADCY9,rs879620,rs879620,Body mass index,EFO_0004340,GCST90662912,40436827.0,1e-74,0.0291 unit increase,T,16.0,3965728.0,"East Asian ancestry individuals, 420,829 European ancestry individuals","507,850 East Asian ancestry individuals, 420,829 European ancestry individuals",https://www.ebi.ac.uk/gwas/variants/rs879620,Association 191908235 retrieved; study metadata fetched,Reported human genetic association for an obesity-related trait.
ADCY9,ADCY9,rs879620,rs879620,"Body mass index (BMI, maximum, inv-normal transformed)",EFO_0004340,GCST90475153,39024449.0,1e-71,0.05474 unit decrease,C,16.0,3965728.0,European ancestry individuals,"424,231 European ancestry individuals",https://www.ebi.ac.uk/gwas/variants/rs879620,Association 226008926 retrieved; study metadata fetched,Reported human genetic association for an obesity-related trait.
ADCY9,ADCY9,rs879620,rs879620,BMI and adiposity (confirmatory factor analysis Factor 7),EFO_0004340,GCST90309342,38965376.0,1e-20,-,?,16.0,3965728.0,,,https://www.ebi.ac.uk/gwas/variants/rs879620,Association 136009271 retrieved; study metadata unavailable or capped,Reported human genetic association for an obesity-related trait.
ADCY9,ADCY9,rs879620,rs879620,"Body mass index (BMI, mean, inv-normal transformed)",EFO_0004340,GCST90475156,39024449.0,8e-67,0.05228 unit decrease,C,16.0,3965728.0,,,https://www.ebi.ac.uk/gwas/variants/rs879620,Association 226040105 retrieved; study metadata unavailable or capped,Reported human genetic association for an obesity-related trait.
ADCY9,ADCY9,rs879620,rs879620,Body mass index,EFO_0004340,GCST90255621,36581621.0,9e-57,0.0249 unit decrease,C,16.0,3965728.0,,,https://www.ebi.ac.uk/gwas/variants/rs879620,Association 104117277 retrieved; study metadata unavailable or capped,Reported human genetic association for an obesity-related trait.
ADCY9,ADCY9,rs879620,rs879620,"Body mass index (BMI, minimum, inv-normal transformed)",EFO_0004340,GCST90475159,39024449.0,1e-47,0.0423 unit decrease,C,16.0,3965728.0,,,https://www.ebi.ac.uk/gwas/variants/rs879620,Association 226053852 retrieved; study metadata unavailable or capped,Reported human genetic association for an obesity-related trait.
ADCY9,ADCY9,rs879620,rs879620,Body mass index (MTAG),EFO_0004340,GCST90179150,36376304.0,3e-39,0.022658 unit increase,T,16.0,3965728.0,,,https://www.ebi.ac.uk/gwas/variants/rs879620,Association 101970856 retrieved; study metadata unavailable or capped,Reported human genetic association for an obesity-related trait.
ADCY9,ADCY9,rs879620,rs879620,Body mass index,EFO_0004340,GCST90446645,39375568.0,4e-35,0.0235 unit decrease,C,16.0,3965728.0,,,https://www.ebi.ac.uk/gwas/variants/rs879620,Association 138725066 retrieved; study metadata unavailable or capped,Reported human genetic association for an obesity-related trait.
ADCY9,ADCY9,rs879620,rs879620,Body mass index,EFO_0004340,GCST90018947,34594039.0,6e-35,0.0242 unit increase,T,16.0,3965728.0,,,https://www.ebi.ac.uk/gwas/variants/rs879620,Association 93496394 retrieved; study metadata unavailable or capped,Reported human genetic association for an obesity-related trait.
ADCY9,ADCY9,rs2238435,rs2238435,Body mass index,EFO_0004340,GCST007039,30595370.0,2e-31,-,?,16.0,3964281.0,,,https://www.ebi.ac.uk/gwas/variants/rs2238435,Association 36061642 retrieved; study metadata unavailable or capped,Reported human genetic association for an obesity-related trait.
ADCY9,ADCY9,rs879620,rs879620,Body mass index,EFO_0004340,GCST90301650,37280435.0,2e-31,0.0230866 unit decrease,C,16.0,3965728.0,,,https://www.ebi.ac.uk/gwas/variants/rs879620,Association 119088396 retrieved; study metadata unavailable or capped,Reported human genetic association for an obesity-related trait.
ADCY9,ADCY9,rs879620,rs879620,Body mass index,EFO_0004340,GCST90435413,39134668.0,4e-31,0.0248072 unit increase,?,16.0,3965728.0,,,https://www.ebi.ac.uk/gwas/variants/rs879620,Association 134167776 retrieved; study metadata unavailable or capped,Reported human genetic association for an obesity-related trait.
ADCY9,ADCY9,rs879620,rs879620,Body mass index (UKB data field 21001),EFO_0004340,GCST90468161,39789286.0,6.0000000000000005e-30,0.021626288 unit increase,T,16.0,3965728.0,,,https://www.ebi.ac.uk/gwas/variants/rs879620,Association 188124511 retrieved; study metadata unavailable or capped,Reported human genetic association for an obesity-related trait.
ADCY9,ADCY9,rs2238435,rs2238435,Obesity (PheCode 278.1),MONDO_0011122,GCST90475762,39024449.0,7.000000000000001e-24,0.0423 unit decrease,C,16.0,3964281.0,,,https://www.ebi.ac.uk/gwas/variants/rs2238435,Association 226240679 retrieved; study metadata unavailable or capped,Reported human genetic association for an obesity-related trait.
ADCY9,ADCY9,rs879620,rs879620,"Body mass index (BMI, mean, inv-normal transformed)",EFO_0004340,GCST90479522,39024449.0,6.0000000000000005e-25,0.03584 unit decrease,C,16.0,3965728.0,,,https://www.ebi.ac.uk/gwas/variants/rs879620,Association 226145825 retrieved; study metadata unavailable or capped,Reported human genetic association for an obesity-related trait.
ADCY9,ADCY9,rs879620,rs879620,Body mass index,EFO_0004340,GCST90428119,38538606.0,2.0000000000000002e-24,0.0252131 unit decrease,T,16.0,3965728.0,,,https://www.ebi.ac.uk/gwas/variants/rs879620,Association 131613115 retrieved; study metadata unavailable or capped,Reported human genetic association for an obesity-related trait.
ADCY9,ADCY9,rs2238435,rs2238435,"Body mass index (BMI, maximum, inv-normal transformed)",EFO_0004340,GCST90479521,39024449.0,2.0000000000000002e-24,0.03593 unit decrease,C,16.0,3964281.0,,,https://www.ebi.ac.uk/gwas/variants/rs2238435,Association 226140634 retrieved; study metadata unavailable or capped,Reported human genetic association for an obesity-related trait.
ADCY9,ADCY9,rs2238435,rs2238435,Childhood body mass index,EFO_0004340,GCST90301649,37280435.0,8.000000000000001e-24,0.0216948 unit decrease,C,16.0,3964281.0,,,https://www.ebi.ac.uk/gwas/variants/rs2238435,Association 119085438 retrieved; study metadata unavailable or capped,Reported human genetic association for an obesity-related trait.
ADCY9,ADCY9,rs879620,rs879620,"Body mass index (BMI, minimum, inv-normal transformed)",EFO_0004340,GCST90479523,39024449.0,5e-23,0.03226 unit decrease,C,16.0,3965728.0,,,https://www.ebi.ac.uk/gwas/variants/rs879620,Association 226148968 retrieved; study metadata unavailable or capped,Reported human genetic association for an obesity-related trait.
ADCY9,ADCY9,rs2238435,rs2238435,"Overweight, obesity and other hyperalimentation (PheCode 278)","MONDO_0003916, MONDO_0011122",GCST90475759,39024449.0,9.000000000000001e-18,0.03673 unit decrease,C,16.0,3964281.0,,,https://www.ebi.ac.uk/gwas/variants/rs2238435,Association 226235860 retrieved; study metadata unavailable or capped,Reported human genetic association for an obesity-related trait.
MAP2K5,MAP2K5,rs2241423,rs2241423,Body mass index,EFO_0004340,GCST90255621,36581621.0,4e-65,0.0271 unit increase,G,15.0,67794500.0,European ancestry individuals,"1,122,049 European ancestry individuals",https://www.ebi.ac.uk/gwas/variants/rs2241423,Association 104117062 retrieved; study metadata fetched,Reported human genetic association for an obesity-related trait.
MAP2K5,"MAP2K5, SKOR1",rs28670272,rs28670272,Body mass index,EFO_0004340,GCST90662912,40436827.0,1e-79,0.0313 unit increase,A,15.0,67817569.0,"East Asian ancestry individuals, 420,829 European ancestry individuals","507,850 East Asian ancestry individuals, 420,829 European ancestry individuals",https://www.ebi.ac.uk/gwas/variants/rs28670272,Association 191905855 retrieved; study metadata fetched,Reported human genetic association for an obesity-related trait.
MAP2K5,MAP2K5,rs4776970,rs4776970,"Body mass index (BMI, maximum, inv-normal transformed)",EFO_0004340,GCST90475153,39024449.0,4e-67,0.05192 unit increase,A,15.0,67788548.0,European ancestry individuals,"424,231 European ancestry individuals",https://www.ebi.ac.uk/gwas/variants/rs4776970,Association 226008022 retrieved; study metadata fetched,Reported human genetic association for an obesity-related trait.
MAP2K5,MAP2K5,rs4776970,rs4776970,"Body mass index (BMI, mean, inv-normal transformed)",EFO_0004340,GCST90475156,39024449.0,3.9999999999999997e-63,0.04979 unit increase,A,15.0,67788548.0,,,https://www.ebi.ac.uk/gwas/variants/rs4776970,Association 226039285 retrieved; study metadata unavailable or capped,Reported human genetic association for an obesity-related trait.
MAP2K5,"MAP2K5, SKOR1",rs4776976,rs4776976,Body mass index (MTAG),EFO_0004340,GCST90179150,36376304.0,9.999999999999999e-55,0.02975 unit decrease,T,15.0,67810953.0,,,https://www.ebi.ac.uk/gwas/variants/rs4776976,Association 101970748 retrieved; study metadata unavailable or capped,Reported human genetic association for an obesity-related trait.
MAP2K5,MAP2K5,rs2241423,rs2241423,Body mass index,EFO_0004340,GCST90446645,39375568.0,9.000000000000003e-51,0.0317 unit increase,G,15.0,67794500.0,,,https://www.ebi.ac.uk/gwas/variants/rs2241423,Association 138724984 retrieved; study metadata unavailable or capped,Reported human genetic association for an obesity-related trait.
MAP2K5,MAP2K5,rs4776970,rs4776970,"Body mass index (BMI, minimum, inv-normal transformed)",EFO_0004340,GCST90475159,39024449.0,1e-43,0.03965 unit increase,A,15.0,67788548.0,,,https://www.ebi.ac.uk/gwas/variants/rs4776970,Association 226053420 retrieved; study metadata unavailable or capped,Reported human genetic association for an obesity-related trait.
MAP2K5,MAP2K5,rs4776970,rs4776970,BMI and adiposity (confirmatory factor analysis Factor 7),EFO_0004340,GCST90309342,38965376.0,6.000000000000004e-13,-,?,15.0,67788548.0,,,https://www.ebi.ac.uk/gwas/variants/rs4776970,Association 136009586 retrieved; study metadata unavailable or capped,Reported human genetic association for an obesity-related trait.
MAP2K5,MAP2K5,rs3784710,rs3784710,Body mass index,EFO_0004340,GCST90301650,37280435.0,4.0000000000000004e-39,0.0292003 unit increase,T,15.0,67780120.0,,,https://www.ebi.ac.uk/gwas/variants/rs3784710,Association 119088202 retrieved; study metadata unavailable or capped,Reported human genetic association for an obesity-related trait.
MAP2K5,MAP2K5,rs3784710,rs3784710,Body mass index,EFO_0004340,GCST007039,30595370.0,2e-38,-,?,15.0,67780120.0,,,https://www.ebi.ac.uk/gwas/variants/rs3784710,Association 36061566 retrieved; study metadata unavailable or capped,Reported human genetic association for an obesity-related trait.
MAP2K5,MAP2K5,rs4776970,rs4776970,Body mass index,EFO_0004340,GCST90435413,39134668.0,3e-32,0.0255477 unit decrease,?,15.0,67788548.0,,,https://www.ebi.ac.uk/gwas/variants/rs4776970,Association 134166847 retrieved; study metadata unavailable or capped,Reported human genetic association for an obesity-related trait.
MAP2K5,MAP2K5,rs4776375,rs4776375,Childhood body mass index,EFO_0004340,GCST90301649,37280435.0,8.999999999999999e-32,0.0293201 unit increase,G,15.0,67793217.0,,,https://www.ebi.ac.uk/gwas/variants/rs4776375,Association 119085358 retrieved; study metadata unavailable or capped,Reported human genetic association for an obesity-related trait.
MAP2K5,"HNRNPA1P5, MAP2K5",rs140450540,rs140450540,Waist circumference adjusted for body mass index,EFO_0007789,GCST009867,31669095.0,5e-09,-,?,15.0,67628341.0,,,https://www.ebi.ac.uk/gwas/variants/rs140450540,Association 55726287 retrieved; study metadata unavailable or capped,Reported human genetic association for an obesity-related trait.
MAP2K5,"HNRNPA1P5, MAP2K5",rs8025889,rs8025889,Body mass index,EFO_0004340,GCST90255621,36581621.0,1e-10,0.0111 unit increase,G,15.0,67628836.0,European ancestry individuals,"1,122,049 European ancestry individuals",https://www.ebi.ac.uk/gwas/variants/rs8025889,Association 104117051 retrieved; study metadata fetched,Reported human genetic association for an obesity-related trait.
MAP2K5,MAP2K5,rs4776970,rs4776970,"Body mass index (BMI, maximum, inv-normal transformed)",EFO_0004340,GCST90479521,39024449.0,6.0000000000000005e-30,0.0362 unit increase,A,15.0,67788548.0,,,https://www.ebi.ac.uk/gwas/variants/rs4776970,Association 226140626 retrieved; study metadata unavailable or capped,Reported human genetic association for an obesity-related trait.
MAP2K5,MAP2K5,rs3865018,rs3865018,Body mass index,EFO_0004340,GCST009003,30239722.0,2.0000000000000002e-29,0.0208 unit decrease,T,15.0,67600428.0,,,https://www.ebi.ac.uk/gwas/variants/rs3865018,Association 49134481 retrieved; study metadata unavailable or capped,Reported human genetic association for an obesity-related trait.
MAP2K5,MAP2K5,rs7166903,rs7166903,Body mass index,EFO_0004340,GCST90255621,36581621.0,2e-08,0.0248 unit increase,G,15.0,67684133.0,European ancestry individuals,"1,122,049 European ancestry individuals",https://www.ebi.ac.uk/gwas/variants/rs7166903,Association 104117057 retrieved; study metadata fetched,Reported human genetic association for an obesity-related trait.
MAP2K5,MAP2K5,rs4776970,rs4776970,"Body mass index (BMI, mean, inv-normal transformed)",EFO_0004340,GCST90479522,39024449.0,1.9999999999999997e-28,0.03495 unit increase,A,15.0,67788548.0,,,https://www.ebi.ac.uk/gwas/variants/rs4776970,Association 226145821 retrieved; study metadata unavailable or capped,Reported human genetic association for an obesity-related trait.
MAP2K5,MAP2K5,rs4776970,rs4776970,Obesity (PheCode 278.1),MONDO_0011122,GCST90475762,39024449.0,4.0000000000000004e-24,0.04012 unit increase,A,15.0,67788548.0,,,https://www.ebi.ac.uk/gwas/variants/rs4776970,Association 226240983 retrieved; study metadata unavailable or capped,Reported human genetic association for an obesity-related trait.
MAP2K5,MAP2K5,rs3784710,rs3784710,Body mass index,EFO_0004340,GCST90018947,34594039.0,1e-27,0.0233 unit decrease,C,15.0,67780120.0,,,https://www.ebi.ac.uk/gwas/variants/rs3784710,Association 93496299 retrieved; study metadata unavailable or capped,Reported human genetic association for an obesity-related trait.
FGF19,"FGF19, LTO1",rs1789171,rs1789171,"Body mass index (BMI, mean, inv-normal transformed)",EFO_0004340,GCST90475156,39024449.0,7.9999999999999985e-25,0.03271 unit decrease,C,11.0,69679572.0,European ancestry individuals,"424,221 European ancestry individuals",https://www.ebi.ac.uk/gwas/variants/rs1789171,Association 226038317 retrieved; study metadata fetched,Reported human genetic association for an obesity-related trait.
FGF19,"FGF19, LTO1",rs4441044,rs4441044,"Body mass index (BMI, maximum, inv-normal transformed)",EFO_0004340,GCST90479521,39024449.0,2e-17,0.02776 unit decrease,G,11.0,69685595.0,"African American or Afro-Caribbean individuals, 57,796 Hispanic or Latin American individuals, 6,384 East Asian ancestry individuals, 424,231 European ancestry individuals","118,995 African American or Afro-Caribbean individuals, 57,796 Hispanic or Latin American individuals, 6,384 East Asian ancestry individuals, 424,231 European ancestry individuals",https://www.ebi.ac.uk/gwas/variants/rs4441044,Association 226139558 retrieved; study metadata fetched,Reported human genetic association for an obesity-related trait.
FGF19,"FGF19, LTO1",rs1789171,rs1789171,"Body mass index (BMI, minimum, inv-normal transformed)",EFO_0004340,GCST90475159,39024449.0,5.000000000000001e-17,0.02573 unit decrease,C,11.0,69679572.0,European ancestry individuals,"424,217 European ancestry individuals",https://www.ebi.ac.uk/gwas/variants/rs1789171,Association 226053064 retrieved; study metadata fetched,Reported human genetic association for an obesity-related trait.
FGF19,"FGF19, LTO1",rs4441044,rs4441044,"Body mass index (BMI, mean, inv-normal transformed)",EFO_0004340,GCST90479522,39024449.0,1e-15,0.0259 unit decrease,G,11.0,69685595.0,"African American or Afro-Caribbean individuals, 57,793 Hispanic or Latin American individuals, 6,384 East Asian ancestry individuals, 424,221 European ancestry individuals","118,993 African American or Afro-Caribbean individuals, 57,793 Hispanic or Latin American individuals, 6,384 East Asian ancestry individuals, 424,221 European ancestry individuals",https://www.ebi.ac.uk/gwas/variants/rs4441044,Association 226145341 retrieved; study metadata fetched,Reported human genetic association for an obesity-related trait.
FGF19,"FGF19, LTO1",rs1789170,rs1789170,Body mass index (MTAG),EFO_0004340,GCST90179150,36376304.0,3.0000000000000002e-15,0.01437 unit decrease,A,11.0,69694575.0,European ancestry individuals,"694,649 European ancestry individuals",https://www.ebi.ac.uk/gwas/variants/rs1789170,Association 101969472 retrieved; study metadata fetched,Reported human genetic association for an obesity-related trait.
FGF19,"FGF19, LTO1",rs58439903,rs58439903,Waist-to-hip ratio adjusted for BMI,EFO_0007788,GCST012230,34021172.0,4e-08,0.0178424 unit increase,C,11.0,69686241.0,,,https://www.ebi.ac.uk/gwas/variants/rs58439903,Association 90642079 retrieved; study metadata unavailable or capped,Reported human genetic association for an obesity-related trait.
FGF19,"FGF19, LTO1",rs4441044,rs4441044,"Body mass index (BMI, minimum, inv-normal transformed)",EFO_0004340,GCST90479523,39024449.0,3e-12,0.02131 unit decrease,G,11.0,69685595.0,,,https://www.ebi.ac.uk/gwas/variants/rs4441044,Association 226148624 retrieved; study metadata unavailable or capped,Reported human genetic association for an obesity-related trait.
FGF19,"FGF19, LTO1",rs4441044,rs4441044,Body mass index,EFO_0004340,GCST009871,31669095.0,3e-11,-,?,11.0,69685595.0,,,https://www.ebi.ac.uk/gwas/variants/rs4441044,Association 55733279 retrieved; study metadata unavailable or capped,Reported human genetic association for an obesity-related trait.
FGF19,"FGF19, LTO1",rs4441044,rs4441044,Whole body fat free mass (UKB data field 23101),EFO_0004995,GCST90428120,38538606.0,8e-09,0.00793865 unit decrease,A,11.0,69685595.0,,,https://www.ebi.ac.uk/gwas/variants/rs4441044,Association 131624272 retrieved; study metadata unavailable or capped,Reported human genetic association for an obesity-related trait.
FGF19,"FGF19, LTO1",rs58439903,rs58439903,Waist-hip index,EFO_0007788,GCST012228,34021172.0,4e-08,0.0178885 unit increase,C,11.0,69686241.0,,,https://www.ebi.ac.uk/gwas/variants/rs58439903,Association 90623299 retrieved; study metadata unavailable or capped,Reported human genetic association for an obesity-related trait.
CCND2,"CCND2, CCND2-AS1",rs76895963,rs76895963,Sex hormone-binding globulin levels adjusted for BMI and heel estimated bone mineral density,"EFO_0004696, EFO_0009270",GCST90399398,37615194.0,7.000000000000001e-133,-,?,12.0,4275678.0,European ancestry individuals,"831,753 European ancestry individuals",https://www.ebi.ac.uk/gwas/variants/rs76895963,Association 191187265 retrieved; study metadata fetched,Reported human genetic association for an obesity-related trait.
CCND2,"CCND2, CCND2-AS1",rs76895963,rs76895963,Sex hormone-binding globulin levels adjusted for BMI,EFO_0004696,GCST90012110,32042192.0,1e-120,0.0729231 unit increase,G,12.0,4275678.0,European ancestry individuals,"368,929 European ancestry individuals",https://www.ebi.ac.uk/gwas/variants/rs76895963,Association 63829265 retrieved; study metadata fetched,Reported human genetic association for an obesity-related trait.
CCND2,"CCND2, CCND2-AS1",rs76895963,rs76895963,BMI and adiposity (confirmatory factor analysis Factor 7),EFO_0004340,GCST90309342,38965376.0,3e-24,-,?,12.0,4275678.0,,,https://www.ebi.ac.uk/gwas/variants/rs76895963,Association 136009246 retrieved; study metadata unavailable or capped,Reported human genetic association for an obesity-related trait.
CCND2,"CCND2, CCND2-AS1",rs76895963,rs76895963,Sex hormone-binding globulin levels adjusted for BMI,EFO_0004696,GCST90012106,32042192.0,1e-64,0.075445 unit increase,G,12.0,4275678.0,,,https://www.ebi.ac.uk/gwas/variants/rs76895963,Association 63838482 retrieved; study metadata unavailable or capped,Reported human genetic association for an obesity-related trait.
CCND2,"CCND2, CCND2-AS1",rs76895963,rs76895963,Sex hormone-binding globulin levels adjusted for BMI,EFO_0004696,GCST90012108,32042192.0,2e-55,0.0662234 unit increase,G,12.0,4275678.0,,,https://www.ebi.ac.uk/gwas/variants/rs76895963,Association 63834907 retrieved; study metadata unavailable or capped,Reported human genetic association for an obesity-related trait.
CCND2,"CCND2, CCND2-AS1",rs76895963,rs76895963,Waist circumference adjusted for body mass index,EFO_0007789,GCST009867,31669095.0,3e-09,-,?,12.0,4275678.0,,,https://www.ebi.ac.uk/gwas/variants/rs76895963,Association 55725733 retrieved; study metadata unavailable or capped,Reported human genetic association for an obesity-related trait.
CCND2,"CCND2, CCND2-AS1",rs76895963,rs76895963,Whole body fat free mass (UKB data field 23101),EFO_0004995,GCST90428120,38538606.0,7e-71,0.0910976 unit increase,G,12.0,4275678.0,,,https://www.ebi.ac.uk/gwas/variants/rs76895963,Association 131618247 retrieved; study metadata unavailable or capped,Reported human genetic association for an obesity-related trait.
CCND2,"CCND2, CCND2-AS1",rs76895963,rs76895963,"Body mass index (BMI, minimum, inv-normal transformed)",EFO_0004340,GCST90475159,39024449.0,6.0000000000000005e-30,0.143 unit decrease,T,12.0,4275678.0,,,https://www.ebi.ac.uk/gwas/variants/rs76895963,Association 226053728 retrieved; study metadata unavailable or capped,Reported human genetic association for an obesity-related trait.
CCND2,"CCND2, CCND2-AS1",rs76895963,rs76895963,"Body mass index (BMI, mean, inv-normal transformed)",EFO_0004340,GCST90475156,39024449.0,8.000000000000001e-29,0.1454 unit decrease,T,12.0,4275678.0,,,https://www.ebi.ac.uk/gwas/variants/rs76895963,Association 226039797 retrieved; study metadata unavailable or capped,Reported human genetic association for an obesity-related trait.
CCND2,"CCND2, CCND2-AS1",rs76895963,rs76895963,"Body mass index (BMI, maximum, inv-normal transformed)",EFO_0004340,GCST90475153,39024449.0,1.9999999999999998e-26,0.1406 unit decrease,T,12.0,4275678.0,,,https://www.ebi.ac.uk/gwas/variants/rs76895963,Association 226008554 retrieved; study metadata unavailable or capped,Reported human genetic association for an obesity-related trait.
CCND2,"CCND2, CCND2-AS1",rs76895963,rs76895963,"Body mass index (BMI, minimum, inv-normal transformed)",EFO_0004340,GCST90479523,39024449.0,3e-14,0.1279 unit decrease,T,12.0,4275678.0,,,https://www.ebi.ac.uk/gwas/variants/rs76895963,Association 226148636 retrieved; study metadata unavailable or capped,Reported human genetic association for an obesity-related trait.
CCND2,"CCND2, CCND2-AS1",rs76895963,rs76895963,"Body mass index (BMI, mean, inv-normal transformed)",EFO_0004340,GCST90479522,39024449.0,3.0000000000000014e-13,0.1339 unit decrease,T,12.0,4275678.0,,,https://www.ebi.ac.uk/gwas/variants/rs76895963,Association 226145353 retrieved; study metadata unavailable or capped,Reported human genetic association for an obesity-related trait.
CCND2,"CCND2, CCND2-AS1",rs76895963,rs76895963,"Body mass index (BMI, maximum, inv-normal transformed)",EFO_0004340,GCST90479521,39024449.0,8e-13,0.1333 unit decrease,T,12.0,4275678.0,,,https://www.ebi.ac.uk/gwas/variants/rs76895963,Association 226139738 retrieved; study metadata unavailable or capped,Reported human genetic association for an obesity-related trait.
CCND2,"CCND2, CCND2-AS1",rs76895963,rs76895963,Hip circumference (UKB data field 49),OBA_1000032,GCST90468170,39789286.0,9.999999999999999e-26,0.0762458 unit increase,G,12.0,4275678.0,,,https://www.ebi.ac.uk/gwas/variants/rs76895963,Association 188129964 retrieved; study metadata unavailable or capped,Reported human genetic association for an obesity-related trait.
CCND2,"CCND2, CCND2-AS1",rs76895963,rs76895963,Body mass index,EFO_0004340,GCST90255621,36581621.0,1e-10,0.0468 unit increase,G,12.0,4275678.0,,,https://www.ebi.ac.uk/gwas/variants/rs76895963,Association 104115341 retrieved; study metadata unavailable or capped,Reported human genetic association for an obesity-related trait.
CCND2,"CCND2, CCND2-AS1",rs76895963,rs76895963,Body mass index,EFO_0004340,GCST007039,30595370.0,8e-09,-,?,12.0,4275678.0,,,https://www.ebi.ac.uk/gwas/variants/rs76895963,Association 36061054 retrieved; study metadata unavailable or capped,Reported human genetic association for an obesity-related trait.
CCND2,"CCND2, CCND2-AS1",rs76895963,rs76895963,Body mass index (MTAG),EFO_0004340,GCST90179150,36376304.0,3.0000000000000004e-08,0.04052 unit decrease,T,12.0,4275678.0,,,https://www.ebi.ac.uk/gwas/variants/rs76895963,Association 101969663 retrieved; study metadata unavailable or capped,Reported human genetic association for an obesity-related trait.
CCND2,"CCND2, CCND2-AS1",rs76895963,rs76895963,Trunk fat mass (UKB data field 23128),OBA_0004528,GCST90468180,39789286.0,3e-19,0.06461332 unit increase,G,12.0,4275678.0,,,https://www.ebi.ac.uk/gwas/variants/rs76895963,Association 188147711 retrieved; study metadata unavailable or capped,Reported human genetic association for an obesity-related trait.
CCND2,"CCND2, CCND2-AS1",rs76895963,rs76895963,"Weight (maximum, inv-normal transformed)",EFO_0004338,GCST90476460,39024449.0,3e-85,0.2538 unit decrease,T,12.0,4275678.0,European ancestry individuals,"425,541 European ancestry individuals",https://www.ebi.ac.uk/gwas/variants/rs76895963,Association 226321291 retrieved; study metadata fetched,Reported human genetic association for an obesity-related trait.
CCND2,"CCND2, CCND2-AS1",rs76895963,rs76895963,"Weight (minimum, inv-normal transformed)",EFO_0004338,GCST90476466,39024449.0,9.999999999999999e-87,0.2457 unit decrease,T,12.0,4275678.0,European ancestry individuals,"425,537 European ancestry individuals",https://www.ebi.ac.uk/gwas/variants/rs76895963,Association 226328685 retrieved; study metadata fetched,Reported human genetic association for an obesity-related trait.
LINGO2,LINGO2,rs10968576,rs10968576,Body mass index,EFO_0004340,GCST90255621,36581621.0,2.0000000000000002e-75,0.0257 unit increase,G,9.0,28414341.0,European ancestry individuals,"1,122,049 European ancestry individuals",https://www.ebi.ac.uk/gwas/variants/rs10968576,Association 104113672 retrieved; study metadata fetched,Reported human genetic association for an obesity-related trait.
LINGO2,LINGO2,rs17770336,rs17770336,"Body mass index (BMI, maximum, inv-normal transformed)",EFO_0004340,GCST90475153,39024449.0,2.9999999999999996e-60,0.05095 unit decrease,C,9.0,28414627.0,European ancestry individuals,"424,231 European ancestry individuals",https://www.ebi.ac.uk/gwas/variants/rs17770336,Association 226007034 retrieved; study metadata fetched,Reported human genetic association for an obesity-related trait.
LINGO2,LINGO2,rs17770336,rs17770336,"Body mass index (BMI, mean, inv-normal transformed)",EFO_0004340,GCST90475156,39024449.0,4.0000000000000004e-60,0.05036 unit decrease,C,9.0,28414627.0,European ancestry individuals,"424,221 European ancestry individuals",https://www.ebi.ac.uk/gwas/variants/rs17770336,Association 226038309 retrieved; study metadata fetched,Reported human genetic association for an obesity-related trait.
LINGO2,LINGO2,rs17770336,rs17770336,"Body mass index (BMI, minimum, inv-normal transformed)",EFO_0004340,GCST90475159,39024449.0,5e-48,0.0432 unit decrease,C,9.0,28414627.0,,,https://www.ebi.ac.uk/gwas/variants/rs17770336,Association 226052996 retrieved; study metadata unavailable or capped,Reported human genetic association for an obesity-related trait.
LINGO2,LINGO2,rs10968576,rs10968576,Body mass index (MTAG),EFO_0004340,GCST90179150,36376304.0,9.999999999999999e-43,0.02373 unit decrease,A,9.0,28414341.0,,,https://www.ebi.ac.uk/gwas/variants/rs10968576,Association 101968628 retrieved; study metadata unavailable or capped,Reported human genetic association for an obesity-related trait.
LINGO2,"CTAGE12P, LINGO2",rs1330199,rs1330199,Body mass index,EFO_0004340,GCST90255621,36581621.0,2e-22,0.0133 unit increase,G,9.0,27760948.0,European ancestry individuals,"1,122,049 European ancestry individuals",https://www.ebi.ac.uk/gwas/variants/rs1330199,Association 104113650 retrieved; study metadata fetched,Reported human genetic association for an obesity-related trait.
LINGO2,LINGO2,rs2183824,rs2183824,Body mass index,EFO_0004340,GCST009004,30239722.0,2e-41,0.0234 unit increase,T,9.0,28412080.0,,,https://www.ebi.ac.uk/gwas/variants/rs2183824,Association 49129477 retrieved; study metadata unavailable or capped,Reported human genetic association for an obesity-related trait.
LINGO2,LINGO2,rs2183825,rs2183825,Body mass index,EFO_0004340,GCST009001,30239722.0,4e-41,0.0233 unit decrease,T,9.0,28412377.0,,,https://www.ebi.ac.uk/gwas/variants/rs2183825,Association 49136659 retrieved; study metadata unavailable or capped,Reported human genetic association for an obesity-related trait.
LINGO2,LINGO2,rs16912921,rs16912921,Body mass index,EFO_0004340,GCST009003,30239722.0,4e-41,0.0233 unit increase,A,9.0,28413463.0,,,https://www.ebi.ac.uk/gwas/variants/rs16912921,Association 49134067 retrieved; study metadata unavailable or capped,Reported human genetic association for an obesity-related trait.
LINGO2,LINGO2,rs1412234,rs1412234,BMI and adiposity (confirmatory factor analysis Factor 7),EFO_0004340,GCST90309342,38965376.0,6e-11,-,?,9.0,28410685.0,,,https://www.ebi.ac.uk/gwas/variants/rs1412234,Association 136009899 retrieved; study metadata unavailable or capped,Reported human genetic association for an obesity-related trait.
LINGO2,"CTAGE12P, LINGO2",rs7874154,rs7874154,BMI and adiposity (confirmatory factor analysis Factor 7),EFO_0004340,GCST90309342,38965376.0,2e-08,-,?,9.0,27777014.0,,,https://www.ebi.ac.uk/gwas/variants/rs7874154,Association 136010736 retrieved; study metadata unavailable or capped,Reported human genetic association for an obesity-related trait.
LINGO2,LINGO2,rs10968576,rs10968576,Body mass index,EFO_0004340,GCST90446645,39375568.0,3e-38,0.0239 unit decrease,A,9.0,28414341.0,,,https://www.ebi.ac.uk/gwas/variants/rs10968576,Association 138723833 retrieved; study metadata unavailable or capped,Reported human genetic association for an obesity-related trait.
LINGO2,LINGO2,rs10812830,rs10812830,Body mass index,EFO_0004340,GCST90255621,36581621.0,3e-16,0.0173 unit decrease,C,9.0,28446610.0,European ancestry individuals,"1,122,049 European ancestry individuals",https://www.ebi.ac.uk/gwas/variants/rs10812830,Association 104113682 retrieved; study metadata fetched,Reported human genetic association for an obesity-related trait.
LINGO2,"LINGO2, ME2P1",rs11792311,rs11792311,Body mass index,EFO_0004340,GCST90255621,36581621.0,6.000000000000001e-15,0.014 unit increase,G,9.0,29672407.0,European ancestry individuals,"1,122,049 European ancestry individuals",https://www.ebi.ac.uk/gwas/variants/rs11792311,Association 104113711 retrieved; study metadata fetched,Reported human genetic association for an obesity-related trait.
LINGO2,LINGO2,rs13285474,rs13285474,Body mass index,EFO_0004340,GCST90255621,36581621.0,2e-14,0.0159 unit increase,C,9.0,28942540.0,European ancestry individuals,"1,122,049 European ancestry individuals",https://www.ebi.ac.uk/gwas/variants/rs13285474,Association 104113694 retrieved; study metadata fetched,Reported human genetic association for an obesity-related trait.
LINGO2,LINGO2,rs13285209,rs13285209,Body mass index,EFO_0004340,GCST90662912,40436827.0,2.0000000000000003e-34,0.0219 unit decrease,T,9.0,28410905.0,,,https://www.ebi.ac.uk/gwas/variants/rs13285209,Association 191904740 retrieved; study metadata unavailable or capped,Reported human genetic association for an obesity-related trait.
LINGO2,LINGO2,rs1412239,rs1412239,"Body mass index (BMI, mean, inv-normal transformed)",EFO_0004340,GCST90479522,39024449.0,8.999999999999999e-34,0.044 unit decrease,C,9.0,28425517.0,,,https://www.ebi.ac.uk/gwas/variants/rs1412239,Association 226144837 retrieved; study metadata unavailable or capped,Reported human genetic association for an obesity-related trait.
LINGO2,LINGO2,rs1412239,rs1412239,"Body mass index (BMI, maximum, inv-normal transformed)",EFO_0004340,GCST90479521,39024449.0,4e-33,0.04407 unit decrease,C,9.0,28425517.0,,,https://www.ebi.ac.uk/gwas/variants/rs1412239,Association 226138962 retrieved; study metadata unavailable or capped,Reported human genetic association for an obesity-related trait.
LINGO2,LINGO2,rs1412239,rs1412239,Body mass index,EFO_0004340,GCST007039,30595370.0,1.9999999999999998e-32,-,?,9.0,28425517.0,,,https://www.ebi.ac.uk/gwas/variants/rs1412239,Association 36060534 retrieved; study metadata unavailable or capped,Reported human genetic association for an obesity-related trait.
LINGO2,LINGO2,rs17770336,rs17770336,Body mass index,EFO_0004340,GCST90301650,37280435.0,1e-31,0.0241747 unit decrease,C,9.0,28414627.0,,,https://www.ebi.ac.uk/gwas/variants/rs17770336,Association 119092753 retrieved; study metadata unavailable or capped,Reported human genetic association for an obesity-related trait.
ANO4,ANO4,rs150333455,rs150333455,Vitamin D levels (adjusted for BMI) x vegetarianism interaction,"EFO_0008111, OBA_1000968",GCST90161230,38990837.0,8e-06,0.437585 unit decrease,G,12.0,100934983.0,European ancestry individuals,"140,871 European ancestry individuals",https://www.ebi.ac.uk/gwas/variants/rs150333455,Association 133724211 retrieved; study metadata fetched,Reported human genetic association for an obesity-related trait.
UBR2,UBR2,rs9296396,rs9296396,Body mass index,EFO_0004340,GCST90301650,37280435.0,1e-09,0.0121818 unit decrease,G,6.0,42620506.0,European ancestry individuals,"441,761 European ancestry individuals",https://www.ebi.ac.uk/gwas/variants/rs9296396,Association 119091905 retrieved; study metadata fetched,Reported human genetic association for an obesity-related trait.
UBR2,UBR2,rs3749897,rs3749897,Body mass index,EFO_0004340,GCST90018947,34594039.0,9.000000000000001e-09,0.0109 unit increase,T,6.0,42564364.0,"European ancestry individuals, 163,835 East Asian ancestry individuals","359,983 European ancestry individuals, 163,835 East Asian ancestry individuals",https://www.ebi.ac.uk/gwas/variants/rs3749897,Association 93495219 retrieved; study metadata fetched,Reported human genetic association for an obesity-related trait.
UBR2,"RPL36AP5, UBR2",rs16895812,rs16895812,Obesity-related traits,OBA_VT0010046,GCST001762,23251661.0,3e-06,0.03 mmol/L increase,G,6.0,42527540.0,Hispanic children from 263 families,815 Hispanic children from 263 families,https://www.ebi.ac.uk/gwas/variants/rs16895812,Association 29030 retrieved; study metadata fetched,Reported human genetic association for an obesity-related trait.
ROBO1,ROBO1,rs4681011,rs4681011,Waist-to-hip ratio adjusted for BMI,EFO_0007788,GCST009858,31669095.0,1e-11,-,?,3.0,78786588.0,European ancestry individuals,"457,690 European ancestry individuals",https://www.ebi.ac.uk/gwas/variants/rs4681011,Association 55717021 retrieved; study metadata fetched,Reported human genetic association for an obesity-related trait.
ROBO1,ROBO1,rs17311057,rs17311057,Waist-to-hip ratio adjusted for body mass index or colorectal cancer (pleiotropy),"EFO_0007788, MONDO_0005575",GCST90693328,40874817.0,5e-11,-,?,3.0,78792639.0,European ancestry individuals,"721,203 European ancestry individuals",https://www.ebi.ac.uk/gwas/variants/rs17311057,Association 214132202 retrieved; study metadata fetched,Reported human genetic association for an obesity-related trait.
ROBO1,ROBO1,rs3773240,rs3773240,Waist-to-hip ratio adjusted for BMI,EFO_0007788,GCST008994,30239722.0,1e-10,0.0137 unit increase,T,3.0,78733934.0,,,https://www.ebi.ac.uk/gwas/variants/rs3773240,Association 47381157 retrieved; study metadata unavailable or capped,Reported human genetic association for an obesity-related trait.
ROBO1,ROBO1,rs3773192,rs3773192,Body mass index,EFO_0004340,GCST90255621,36581621.0,2e-12,0.0122 unit increase,C,3.0,78610906.0,European ancestry individuals,"1,122,049 European ancestry individuals",https://www.ebi.ac.uk/gwas/variants/rs3773192,Association 104109145 retrieved; study metadata fetched,Reported human genetic association for an obesity-related trait.
ROBO1,ROBO1,rs6548600,rs6548600,Waist circumference adjusted for body mass index,EFO_0007789,GCST009867,31669095.0,2e-10,-,?,3.0,78800958.0,,,https://www.ebi.ac.uk/gwas/variants/rs6548600,Association 55723104 retrieved; study metadata unavailable or capped,Reported human genetic association for an obesity-related trait.
ROBO1,ROBO1,rs3773192,rs3773192,Body mass index (MTAG),EFO_0004340,GCST90179150,36376304.0,2e-11,0.01291 unit decrease,T,3.0,78610906.0,European ancestry individuals,"694,649 European ancestry individuals",https://www.ebi.ac.uk/gwas/variants/rs3773192,Association 101965892 retrieved; study metadata fetched,Reported human genetic association for an obesity-related trait.
ROBO1,ROBO1,rs7638321,rs7638321,Body mass index,EFO_0004340,GCST90255621,36581621.0,3e-10,0.0087 unit decrease,G,3.0,78816156.0,European ancestry individuals,"1,122,049 European ancestry individuals",https://www.ebi.ac.uk/gwas/variants/rs7638321,Association 104109151 retrieved; study metadata fetched,Reported human genetic association for an obesity-related trait.
ROBO1,"HMGB1P38, ROBO1",rs1827435,rs1827435,Body mass index,EFO_0004340,GCST90255621,36581621.0,6.000000000000001e-09,0.0127 unit increase,C,3.0,79775082.0,European ancestry individuals,"1,122,049 European ancestry individuals",https://www.ebi.ac.uk/gwas/variants/rs1827435,Association 104109157 retrieved; study metadata fetched,Reported human genetic association for an obesity-related trait.
ROBO1,ROBO1,rs723766,rs723766,Body mass index (MTAG),EFO_0004340,GCST90179150,36376304.0,5e-09,0.01127 unit decrease,T,3.0,78608624.0,European ancestry individuals,"694,649 European ancestry individuals",https://www.ebi.ac.uk/gwas/variants/rs723766,Association 101965886 retrieved; study metadata fetched,Reported human genetic association for an obesity-related trait.
ROBO1,ROBO1,rs333495,rs333495,Body mass index (MTAG),EFO_0004340,GCST90179150,36376304.0,3.0000000000000004e-08,0.00901 unit decrease,T,3.0,78785193.0,European ancestry individuals,"694,649 European ancestry individuals",https://www.ebi.ac.uk/gwas/variants/rs333495,Association 101965898 retrieved; study metadata fetched,Reported human genetic association for an obesity-related trait.
ROBO1,ROBO1,rs4681011,rs4681011,Waist-hip ratio,EFO_0004343,GCST007067,30595370.0,3.0000000000000014e-13,-,?,3.0,78786588.0,"approximately 458,000 European ancestry individuals","approximately 458,000 European ancestry individuals",https://www.ebi.ac.uk/gwas/variants/rs4681011,Association 36485566 retrieved; study metadata fetched,Reported human genetic association for an obesity-related trait.
ROBO1,ROBO1,rs1840969,rs1840969,Body mass index,EFO_0004340,GCST005951,26426971.0,5e-10,0.019002179 unit decrease,A,3.0,78781690.0,,,https://www.ebi.ac.uk/gwas/variants/rs1840969,Association 30524112 retrieved; study metadata unavailable or capped,Reported human genetic association for an obesity-related trait.
ROBO1,ROBO1,rs4681011,rs4681011,Waist-hip index,EFO_0007788,GCST90020027,34021172.0,3.0000000000000004e-08,0.0162564 unit increase,A,3.0,78786588.0,,,https://www.ebi.ac.uk/gwas/variants/rs4681011,Association 90753041 retrieved; study metadata unavailable or capped,Reported human genetic association for an obesity-related trait.
ROBO1,"MRPS17P3, ROBO1",rs1507413,rs1507413,Body mass index and diastolic blood pressure (bivariate analysis),"EFO_0004340, EFO_0006336",GCST012190,33539483.0,2e-06,-,?,3.0,78561681.0,,,https://www.ebi.ac.uk/gwas/variants/rs1507413,Association 90519105 retrieved; study metadata unavailable or capped,Reported human genetic association for an obesity-related trait.
ANKRD27,ANKRD27,rs9636114,rs9636114,Body mass index,EFO_0004340,GCST90662912,40436827.0,7e-13,0.0158 unit increase,C,19.0,32610245.0,"East Asian ancestry individuals, 420,829 European ancestry individuals","507,850 East Asian ancestry individuals, 420,829 European ancestry individuals",https://www.ebi.ac.uk/gwas/variants/rs9636114,Association 191908375 retrieved; study metadata fetched,Reported human genetic association for an obesity-related trait.
ANKRD27,ANKRD27,rs147502994,rs147502994,Body mass index,EFO_0004340,GCST90094398,34210852.0,2e-09,0.06 unit increase,?,19.0,32658955.0,"European ancestry individuals, 95,846 admixed American ancestry individuals","549,780 European ancestry individuals, 95,846 admixed American ancestry individuals",https://www.ebi.ac.uk/gwas/variants/rs147502994,Association 94073322 retrieved; study metadata fetched,Reported human genetic association for an obesity-related trait.
CRTC1,CRTC1,rs7258722,rs7258722,Body mass index,EFO_0004340,GCST90255621,36581621.0,1e-40,0.0211 unit increase,T,19.0,18698105.0,European ancestry individuals,"1,122,049 European ancestry individuals",https://www.ebi.ac.uk/gwas/variants/rs7258722,Association 104119002 retrieved; study metadata fetched,Reported human genetic association for an obesity-related trait.
CRTC1,CRTC1,rs10404726,rs10404726,BMI and adiposity (confirmatory factor analysis Factor 7),EFO_0004340,GCST90309342,38965376.0,2e-12,-,?,19.0,18723704.0,,,https://www.ebi.ac.uk/gwas/variants/rs10404726,Association 136009638 retrieved; study metadata unavailable or capped,Reported human genetic association for an obesity-related trait.
CRTC1,CRTC1,rs4808845,rs4808845,Body mass index,EFO_0004340,GCST90662912,40436827.0,9e-28,0.0211 unit increase,A,19.0,18701214.0,,,https://www.ebi.ac.uk/gwas/variants/rs4808845,Association 191906565 retrieved; study metadata unavailable or capped,Reported human genetic association for an obesity-related trait.
CRTC1,CRTC1,rs4808845,rs4808845,Body mass index (MTAG),EFO_0004340,GCST90179150,36376304.0,1e-27,0.022832 unit increase,A,19.0,18701214.0,,,https://www.ebi.ac.uk/gwas/variants/rs4808845,Association 101971943 retrieved; study metadata unavailable or capped,Reported human genetic association for an obesity-related trait.
CRTC1,CRTC1,rs8112818,rs8112818,Body mass index,EFO_0004340,GCST007039,30595370.0,1.0000000000000001e-24,-,?,19.0,18701975.0,,,https://www.ebi.ac.uk/gwas/variants/rs8112818,Association 36062090 retrieved; study metadata unavailable or capped,Reported human genetic association for an obesity-related trait.
CRTC1,CRTC1,rs78830644,rs78830644,Body mass index,EFO_0004340,GCST90255621,36581621.0,2e-11,0.021 unit decrease,C,19.0,18777340.0,European ancestry individuals,"1,122,049 European ancestry individuals",https://www.ebi.ac.uk/gwas/variants/rs78830644,Association 104119007 retrieved; study metadata fetched,Reported human genetic association for an obesity-related trait.
CRTC1,CRTC1,rs8112818,rs8112818,Body mass index,EFO_0004340,GCST90301650,37280435.0,1.0000000000000001e-23,0.0199503 unit increase,A,19.0,18701975.0,,,https://www.ebi.ac.uk/gwas/variants/rs8112818,Association 119088952 retrieved; study metadata unavailable or capped,Reported human genetic association for an obesity-related trait.
CRTC1,CRTC1,rs11668500,rs11668500,Body mass index,EFO_0004340,GCST009003,30239722.0,2.0000000000000002e-23,0.0191 unit increase,C,19.0,18725864.0,,,https://www.ebi.ac.uk/gwas/variants/rs11668500,Association 49133738 retrieved; study metadata unavailable or capped,Reported human genetic association for an obesity-related trait.
CRTC1,CRTC1,rs11668500,rs11668500,Body mass index,EFO_0004340,GCST009004,30239722.0,2.0000000000000002e-23,0.0191 unit increase,C,19.0,18725864.0,,,https://www.ebi.ac.uk/gwas/variants/rs11668500,Association 49128319 retrieved; study metadata unavailable or capped,Reported human genetic association for an obesity-related trait.
CRTC1,CRTC1,rs757318,rs757318,Body mass index,EFO_0004340,GCST90446645,39375568.0,2.0000000000000002e-23,0.0173 unit increase,C,19.0,18709498.0,,,https://www.ebi.ac.uk/gwas/variants/rs757318,Association 138725598 retrieved; study metadata unavailable or capped,Reported human genetic association for an obesity-related trait.
CRTC1,CRTC1,rs10221489,rs10221489,Body mass index,EFO_0004340,GCST009001,30239722.0,1e-22,0.0177 unit decrease,T,19.0,18716165.0,,,https://www.ebi.ac.uk/gwas/variants/rs10221489,Association 49136170 retrieved; study metadata unavailable or capped,Reported human genetic association for an obesity-related trait.
CRTC1,CRTC1,rs10404726,rs10404726,Body mass index (UKB data field 21001),EFO_0004340,GCST90468161,39789286.0,3e-22,0.017491743 unit decrease,T,19.0,18723704.0,,,https://www.ebi.ac.uk/gwas/variants/rs10404726,Association 188123301 retrieved; study metadata unavailable or capped,Reported human genetic association for an obesity-related trait.
CRTC1,CRTC1,rs11668500,rs11668500,Body mass index,EFO_0004340,GCST009871,31669095.0,4e-22,-,?,19.0,18725864.0,,,https://www.ebi.ac.uk/gwas/variants/rs11668500,Association 55735550 retrieved; study metadata unavailable or capped,Reported human genetic association for an obesity-related trait.
CRTC1,CRTC1,rs4808844,rs4808844,Body mass index,EFO_0004340,GCST90435413,39134668.0,1e-21,0.020212 unit decrease,?,19.0,18701156.0,,,https://www.ebi.ac.uk/gwas/variants/rs4808844,Association 134166858 retrieved; study metadata unavailable or capped,Reported human genetic association for an obesity-related trait.
CRTC1,CRTC1,rs4808844,rs4808844,"Body mass index (BMI, maximum, inv-normal transformed)",EFO_0004340,GCST90479521,39024449.0,8e-19,0.02932 unit increase,A,19.0,18701156.0,,,https://www.ebi.ac.uk/gwas/variants/rs4808844,Association 226141686 retrieved; study metadata unavailable or capped,Reported human genetic association for an obesity-related trait.
CRTC1,CRTC1,rs4808844,rs4808844,"Body mass index (BMI, mean, inv-normal transformed)",EFO_0004340,GCST90479522,39024449.0,1e-18,0.02885 unit increase,A,19.0,18701156.0,,,https://www.ebi.ac.uk/gwas/variants/rs4808844,Association 226146529 retrieved; study metadata unavailable or capped,Reported human genetic association for an obesity-related trait.
CRTC1,CRTC1,rs10404726,rs10404726,Body mass index,EFO_0004340,GCST90018947,34594039.0,5e-18,0.0189 unit decrease,T,19.0,18723704.0,,,https://www.ebi.ac.uk/gwas/variants/rs10404726,Association 93496634 retrieved; study metadata unavailable or capped,Reported human genetic association for an obesity-related trait.
CRTC1,CRTC1,rs10404726,rs10404726,Body mass index,EFO_0004340,GCST90428119,38538606.0,1e-17,0.0206709 unit decrease,T,19.0,18723704.0,,,https://www.ebi.ac.uk/gwas/variants/rs10404726,Association 131613479 retrieved; study metadata unavailable or capped,Reported human genetic association for an obesity-related trait.
CRTC1,CRTC1,rs4808844,rs4808844,Obesity (PheCode 278.1),MONDO_0011122,GCST90479952,39024449.0,4e-12,0.03277 unit increase,A,19.0,18701156.0,,,https://www.ebi.ac.uk/gwas/variants/rs4808844,Association 226252677 retrieved; study metadata unavailable or capped,Reported human genetic association for an obesity-related trait.
CRTC1,CRTC1,rs4808844,rs4808844,"Body mass index (BMI, minimum, inv-normal transformed)",EFO_0004340,GCST90479523,39024449.0,2e-14,0.02363 unit increase,A,19.0,18701156.0,,,https://www.ebi.ac.uk/gwas/variants/rs4808844,Association 226149464 retrieved; study metadata unavailable or capped,Reported human genetic association for an obesity-related trait.
MCM6,MCM6,rs4988235,rs4988235,"Body mass index (BMI, maximum, inv-normal transformed)",EFO_0004340,GCST90475153,39024449.0,2e-59,0.05158 unit decrease,G,2.0,135851076.0,European ancestry individuals,"424,231 European ancestry individuals",https://www.ebi.ac.uk/gwas/variants/rs4988235,Association 226008034 retrieved; study metadata fetched,Reported human genetic association for an obesity-related trait.
MCM6,MCM6,rs4988235,rs4988235,"Body mass index (BMI, mean, inv-normal transformed)",EFO_0004340,GCST90475156,39024449.0,8e-57,0.04986 unit decrease,G,2.0,135851076.0,European ancestry individuals,"424,221 European ancestry individuals",https://www.ebi.ac.uk/gwas/variants/rs4988235,Association 226039293 retrieved; study metadata fetched,Reported human genetic association for an obesity-related trait.
MCM6,MCM6,rs4988235,rs4988235,"Body mass index (BMI, minimum, inv-normal transformed)",EFO_0004340,GCST90475159,39024449.0,2e-43,0.04179 unit decrease,G,2.0,135851076.0,,,https://www.ebi.ac.uk/gwas/variants/rs4988235,Association 226053464 retrieved; study metadata unavailable or capped,Reported human genetic association for an obesity-related trait.
MCM6,MCM6,rs4988235,rs4988235,"Body mass index (BMI, mean, inv-normal transformed)",EFO_0004340,GCST90479522,39024449.0,9.999999999999999e-29,0.04345 unit decrease,G,2.0,135851076.0,,,https://www.ebi.ac.uk/gwas/variants/rs4988235,Association 226143097 retrieved; study metadata unavailable or capped,Reported human genetic association for an obesity-related trait.
MCM6,MCM6,rs4988235,rs4988235,"Body mass index (BMI, maximum, inv-normal transformed)",EFO_0004340,GCST90479521,39024449.0,8e-27,0.04262 unit decrease,G,2.0,135851076.0,,,https://www.ebi.ac.uk/gwas/variants/rs4988235,Association 226136790 retrieved; study metadata unavailable or capped,Reported human genetic association for an obesity-related trait.
MCM6,MCM6,rs4988235,rs4988235,"Body mass index (BMI, minimum, inv-normal transformed)",EFO_0004340,GCST90479523,39024449.0,9.999999999999999e-27,0.03905 unit decrease,G,2.0,135851076.0,,,https://www.ebi.ac.uk/gwas/variants/rs4988235,Association 226147420 retrieved; study metadata unavailable or capped,Reported human genetic association for an obesity-related trait.
MCM6,MCM6,rs160329,rs160329,Morbid obesity (PheCode 278.11),MONDO_0005139,GCST90475765,39024449.0,4e-14,0.05473 unit decrease,C,2.0,135860235.0,,,https://www.ebi.ac.uk/gwas/variants/rs160329,Association 226242534 retrieved; study metadata unavailable or capped,Reported human genetic association for an obesity-related trait.
MCM6,MCM6,rs4988235,rs4988235,Obesity (PheCode 278.1),MONDO_0011122,GCST90475762,39024449.0,1e-12,0.02864 unit decrease,G,2.0,135851076.0,,,https://www.ebi.ac.uk/gwas/variants/rs4988235,Association 226240991 retrieved; study metadata unavailable or capped,Reported human genetic association for an obesity-related trait.
MCM6,MCM6,rs4988235,rs4988235,Body mass index (MTAG),EFO_0004340,GCST90179150,36376304.0,8e-13,0.012867 unit increase,A,2.0,135851076.0,,,https://www.ebi.ac.uk/gwas/variants/rs4988235,Association 101965176 retrieved; study metadata unavailable or capped,Reported human genetic association for an obesity-related trait.
MCM6,MCM6,rs4988235,rs4988235,Body mass index and LDL-C (pairwise),"EFO_0004340, EFO_0004611",GCST011335,33619380.0,2e-12,-,A,2.0,135851076.0,,,https://www.ebi.ac.uk/gwas/variants/rs4988235,Association 73197532 retrieved; study metadata unavailable or capped,Reported human genetic association for an obesity-related trait.
MCM6,MCM6,rs4988235,rs4988235,"Body mass index (BMI, minimum, inv-normal transformed)",EFO_0004340,GCST90475158,39024449.0,6e-12,0.0539 unit decrease,G,2.0,135851076.0,,,https://www.ebi.ac.uk/gwas/variants/rs4988235,Association 226042251 retrieved; study metadata unavailable or capped,Reported human genetic association for an obesity-related trait.
MCM6,MCM6,rs4988235,rs4988235,Body mass index,EFO_0004340,GCST005951,26426971.0,1e-09,0.0183999 unit increase,A,2.0,135851076.0,,,https://www.ebi.ac.uk/gwas/variants/rs4988235,Association 30524071 retrieved; study metadata unavailable or capped,Reported human genetic association for an obesity-related trait.
MCM6,MCM6,rs4988235,rs4988235,Body mass index,EFO_0004340,GCST006368,30108127.0,5e-09,0.016 unit decrease,G,2.0,135851076.0,,,https://www.ebi.ac.uk/gwas/variants/rs4988235,Association 35038025 retrieved; study metadata unavailable or capped,Reported human genetic association for an obesity-related trait.
MCM6,MCM6,rs4988235,rs4988235,"Weight (maximum, inv-normal transformed)",EFO_0004338,GCST90476460,39024449.0,4e-85,0.06095 unit decrease,G,2.0,135851076.0,European ancestry individuals,"425,541 European ancestry individuals",https://www.ebi.ac.uk/gwas/variants/rs4988235,Association 226321179 retrieved; study metadata fetched,Reported human genetic association for an obesity-related trait.
MCM6,MCM6,rs4988235,rs4988235,"Weight (minimum, inv-normal transformed)",EFO_0004338,GCST90476466,39024449.0,1e-65,0.05121 unit decrease,G,2.0,135851076.0,European ancestry individuals,"425,537 European ancestry individuals",https://www.ebi.ac.uk/gwas/variants/rs4988235,Association 226328569 retrieved; study metadata fetched,Reported human genetic association for an obesity-related trait.
MCM6,MCM6,rs4988235,rs4988235,"Weight (mean, inv-normal transformed)",EFO_0004338,GCST90476463,39024449.0,1.0000000000000001e-82,0.05955 unit decrease,G,2.0,135851076.0,European ancestry individuals,"425,535 European ancestry individuals",https://www.ebi.ac.uk/gwas/variants/rs4988235,Association 226325310 retrieved; study metadata fetched,Reported human genetic association for an obesity-related trait.
MCM6,MCM6,rs4988235,rs4988235,Body fat percentage and LDL-C (pairwise),"EFO_0007800, EFO_0004611",GCST011343,33619380.0,2e-13,-,A,2.0,135851076.0,,,https://www.ebi.ac.uk/gwas/variants/rs4988235,Association 75061866 retrieved; study metadata unavailable or capped,Reported human genetic association for an obesity-related trait.
MCM6,MCM6,rs4988235,rs4988235,Hip circumference,OBA_1000032,GCST004066,25673412.0,2e-08,0.0217 unit increase,A,2.0,135851076.0,,,https://www.ebi.ac.uk/gwas/variants/rs4988235,Association 19283800 retrieved; study metadata unavailable or capped,Reported human genetic association for an obesity-related trait.
MCM6,MCM6,rs4988235,rs4988235,"What is your weight? (pounds, inv-normal transformed)",EFO_0004338,GCST90476469,39024449.0,1e-44,0.04814 unit decrease,G,2.0,135851076.0,,,https://www.ebi.ac.uk/gwas/variants/rs4988235,Association 226027494 retrieved; study metadata unavailable or capped,Reported human genetic association for an obesity-related trait.
MCM6,MCM6,rs4988235,rs4988235,"Weight (mean, inv-normal transformed)",EFO_0004338,GCST90480727,39024449.0,9e-35,0.04902 unit decrease,G,2.0,135851076.0,,,https://www.ebi.ac.uk/gwas/variants/rs4988235,Association 226314008 retrieved; study metadata unavailable or capped,Reported human genetic association for an obesity-related trait.
SYT10,"ASS1P14, SYT10",rs6488140,rs6488140,"Body mass index (BMI, minimum, inv-normal transformed)",EFO_0004340,GCST90475159,39024449.0,1.9999999999999998e-30,0.0463 unit decrease,G,12.0,33217471.0,European ancestry individuals,"424,217 European ancestry individuals",https://www.ebi.ac.uk/gwas/variants/rs6488140,Association 226053540 retrieved; study metadata fetched,Reported human genetic association for an obesity-related trait.
SYT10,"ASS1P14, SYT10",rs10772055,rs10772055,Body mass index,EFO_0004340,GCST90255621,36581621.0,7e-20,0.0198 unit increase,G,12.0,33226505.0,European ancestry individuals,"1,122,049 European ancestry individuals",https://www.ebi.ac.uk/gwas/variants/rs10772055,Association 104115448 retrieved; study metadata fetched,Reported human genetic association for an obesity-related trait.
SYT10,"ASS1P14, SYT10",rs67139171,rs67139171,"Body mass index (BMI, mean, inv-normal transformed)",EFO_0004340,GCST90479522,39024449.0,3.0000000000000002e-18,0.03217 unit decrease,C,12.0,33245364.0,"African American or Afro-Caribbean individuals, 57,793 Hispanic or Latin American individuals, 6,384 East Asian ancestry individuals, 424,221 European ancestry individuals","118,993 African American or Afro-Caribbean individuals, 57,793 Hispanic or Latin American individuals, 6,384 East Asian ancestry individuals, 424,221 European ancestry individuals",https://www.ebi.ac.uk/gwas/variants/rs67139171,Association 226145357 retrieved; study metadata fetched,Reported human genetic association for an obesity-related trait.
SYT10,"RNU6-400P, SYT10",rs7308214,rs7308214,Waist-to-hip ratio adjusted for BMI,EFO_0007788,GCST009858,31669095.0,2e-12,-,?,12.0,33560899.0,,,https://www.ebi.ac.uk/gwas/variants/rs7308214,Association 55719508 retrieved; study metadata unavailable or capped,Reported human genetic association for an obesity-related trait.
SYT10,"ASS1P14, SYT10",rs67139171,rs67139171,"Body mass index (BMI, minimum, inv-normal transformed)",EFO_0004340,GCST90479523,39024449.0,2e-17,0.02998 unit decrease,C,12.0,33245364.0,,,https://www.ebi.ac.uk/gwas/variants/rs67139171,Association 226148640 retrieved; study metadata unavailable or capped,Reported human genetic association for an obesity-related trait.
SYT10,"ASS1P14, SYT10",rs67139171,rs67139171,"Body mass index (BMI, maximum, inv-normal transformed)",EFO_0004340,GCST90479521,39024449.0,3e-17,0.0314 unit decrease,C,12.0,33245364.0,,,https://www.ebi.ac.uk/gwas/variants/rs67139171,Association 226139962 retrieved; study metadata unavailable or capped,Reported human genetic association for an obesity-related trait.
SYT10,"ASS1P14, SYT10",rs9738446,rs9738446,Body mass index,EFO_0004340,GCST90662912,40436827.0,9.000000000000001e-15,0.0147 unit increase,A,12.0,33230521.0,,,https://www.ebi.ac.uk/gwas/variants/rs9738446,Association 191908395 retrieved; study metadata unavailable or capped,Reported human genetic association for an obesity-related trait.
SYT10,"ASS1P14, SYT10",rs28851196,rs28851196,Body mass index,EFO_0004340,GCST90018947,34594039.0,4e-11,0.0185 unit increase,T,12.0,33228959.0,,,https://www.ebi.ac.uk/gwas/variants/rs28851196,Association 93496024 retrieved; study metadata unavailable or capped,Reported human genetic association for an obesity-related trait.
SYT10,"ASS1P14, SYT10",rs11052536,rs11052536,Body mass index (MTAG),EFO_0004340,GCST90179150,36376304.0,4e-10,0.014991 unit increase,T,12.0,33218914.0,,,https://www.ebi.ac.uk/gwas/variants/rs11052536,Association 101969729 retrieved; study metadata unavailable or capped,Reported human genetic association for an obesity-related trait.
SYT10,"ASS1P14, SYT10",rs9971845,rs9971845,Body mass index,EFO_0004340,GCST007039,30595370.0,3e-09,-,?,12.0,33225563.0,,,https://www.ebi.ac.uk/gwas/variants/rs9971845,Association 36061086 retrieved; study metadata unavailable or capped,Reported human genetic association for an obesity-related trait.
SYT10,"ASS1P14, SYT10",rs9971845,rs9971845,Body mass index,EFO_0004340,GCST90301650,37280435.0,5e-09,0.0173781 unit decrease,T,12.0,33225563.0,,,https://www.ebi.ac.uk/gwas/variants/rs9971845,Association 119087614 retrieved; study metadata unavailable or capped,Reported human genetic association for an obesity-related trait.
SYT10,"ASS1P14, SYT10",rs6488140,rs6488140,"Weight (minimum, inv-normal transformed)",EFO_0004338,GCST90476466,39024449.0,1e-33,0.04826 unit decrease,G,12.0,33217471.0,European ancestry individuals,"425,537 European ancestry individuals",https://www.ebi.ac.uk/gwas/variants/rs6488140,Association 226328629 retrieved; study metadata fetched,Reported human genetic association for an obesity-related trait.
SYT10,"ASS1P14, SYT10",rs6488140,rs6488140,"Weight (minimum, inv-normal transformed)",EFO_0004338,GCST90480728,39024449.0,7e-18,0.03086 unit decrease,G,12.0,33217471.0,"African American or Afro-Caribbean individuals, 57,954 Hispanic or Latin American individuals, 6,419 East Asian ancestry individuals, 425,537 European ancestry individuals","119,286 African American or Afro-Caribbean individuals, 57,954 Hispanic or Latin American individuals, 6,419 East Asian ancestry individuals, 425,537 European ancestry individuals",https://www.ebi.ac.uk/gwas/variants/rs6488140,Association 226318895 retrieved; study metadata fetched,Reported human genetic association for an obesity-related trait.
SYT10,"ASS1P14, SYT10",rs6488140,rs6488140,"Weight (mean, inv-normal transformed)",EFO_0004338,GCST90480727,39024449.0,1e-17,0.03164 unit decrease,G,12.0,33217471.0,,,https://www.ebi.ac.uk/gwas/variants/rs6488140,Association 226315972 retrieved; study metadata unavailable or capped,Reported human genetic association for an obesity-related trait.
SYT10,"ASS1P14, SYT10",rs7309601,rs7309601,"Weight (maximum, inv-normal transformed)",EFO_0004338,GCST90480726,39024449.0,2e-17,0.03114 unit decrease,C,12.0,33251108.0,,,https://www.ebi.ac.uk/gwas/variants/rs7309601,Association 226311705 retrieved; study metadata unavailable or capped,Reported human genetic association for an obesity-related trait.
SYT10,"ASS1P14, SYT10",rs28865339,rs28865339,Weight,EFO_0004338,GCST90662910,40436827.0,6e-14,0.0151 unit decrease,A,12.0,33228917.0,,,https://www.ebi.ac.uk/gwas/variants/rs28865339,Association 191896557 retrieved; study metadata unavailable or capped,Reported human genetic association for an obesity-related trait.
SYT10,"ASS1P14, SYT10",rs77072854,rs77072854,Weight,EFO_0004338,GCST90018949,34594039.0,2e-12,0.0164 unit increase,G,12.0,33245181.0,,,https://www.ebi.ac.uk/gwas/variants/rs77072854,Association 93500027 retrieved; study metadata unavailable or capped,Reported human genetic association for an obesity-related trait.
COBLL1,COBLL1,rs13389219,rs13389219,Waist-to-hip ratio adjusted for BMI,EFO_0007788,GCST90020025,34021172.0,7.000000000000001e-125,0.0682543 unit decrease,T,2.0,164672366.0,British ancestry women,"219,872 British ancestry women",https://www.ebi.ac.uk/gwas/variants/rs13389219,Association 90792978 retrieved; study metadata fetched,Reported human genetic association for an obesity-related trait.
COBLL1,COBLL1,rs10195252,rs10195252,Waist-to-hip ratio adjusted for BMI,EFO_0007788,GCST008733,30575882.0,8.999999999999996e-69,0.031 unit increase,T,2.0,164656581.0,,,https://www.ebi.ac.uk/gwas/variants/rs10195252,Association 47690897 retrieved; study metadata unavailable or capped,Reported human genetic association for an obesity-related trait.
COBLL1,COBLL1,rs13389219,rs13389219,Waist-to-hip ratio adjusted for BMI,EFO_0007788,GCST90102274,35168826.0,3e-64,0.026 unit increase,?,2.0,164672366.0,,,https://www.ebi.ac.uk/gwas/variants/rs13389219,Association 96752347 retrieved; study metadata unavailable or capped,Reported human genetic association for an obesity-related trait.
COBLL1,COBLL1,rs1128249,rs1128249,Waist circumference adjusted for body mass index,EFO_0007789,GCST90020029,34021172.0,3.0000000000000003e-56,0.0457874 unit decrease,T,2.0,164672114.0,,,https://www.ebi.ac.uk/gwas/variants/rs1128249,Association 90707662 retrieved; study metadata unavailable or capped,Reported human genetic association for an obesity-related trait.
COBLL1,COBLL1,rs6705646,rs6705646,Waist-to-hip ratio adjusted for BMI,EFO_0007788,GCST009858,31669095.0,8e-48,-,?,2.0,164711185.0,,,https://www.ebi.ac.uk/gwas/variants/rs6705646,Association 55716313 retrieved; study metadata unavailable or capped,Reported human genetic association for an obesity-related trait.
COBLL1,COBLL1,rs12692738,rs12692738,Waist-to-hip ratio adjusted for BMI,EFO_0007788,GCST90020025,34021172.0,7e-86,0.0665577 unit decrease,C,2.0,164701742.0,British ancestry women,"219,872 British ancestry women",https://www.ebi.ac.uk/gwas/variants/rs12692738,Association 90792992 retrieved; study metadata fetched,Reported human genetic association for an obesity-related trait.
COBLL1,"COBLL1, GRB14",rs13391980,rs13391980,Waist-to-hip ratio adjusted for BMI,EFO_0007788,GCST90020025,34021172.0,1e-83,0.0844803 unit decrease,A,2.0,164648331.0,British ancestry women,"219,872 British ancestry women",https://www.ebi.ac.uk/gwas/variants/rs13391980,Association 90792983 retrieved; study metadata fetched,Reported human genetic association for an obesity-related trait.
COBLL1,COBLL1,rs6705646,rs6705646,Waist-to-hip ratio adjusted for BMI,EFO_0007788,GCST90020025,34021172.0,1.0000000000000001e-72,0.0515414 unit increase,A,2.0,164711185.0,British ancestry women,"219,872 British ancestry women",https://www.ebi.ac.uk/gwas/variants/rs6705646,Association 90793040 retrieved; study metadata fetched,Reported human genetic association for an obesity-related trait.
COBLL1,COBLL1,rs13017482,rs13017482,Waist-to-hip ratio adjusted for BMI,EFO_0007788,GCST90020025,34021172.0,2e-71,0.0513149 unit decrease,C,2.0,164706383.0,British ancestry women,"219,872 British ancestry women",https://www.ebi.ac.uk/gwas/variants/rs13017482,Association 90793027 retrieved; study metadata fetched,Reported human genetic association for an obesity-related trait.
COBLL1,COBLL1,rs3769891,rs3769891,Waist-to-hip ratio adjusted for BMI,EFO_0007788,GCST90020025,34021172.0,1e-53,0.0498795 unit decrease,G,2.0,164745671.0,British ancestry women,"219,872 British ancestry women",https://www.ebi.ac.uk/gwas/variants/rs3769891,Association 90793067 retrieved; study metadata fetched,Reported human genetic association for an obesity-related trait.
COBLL1,COBLL1,rs355897,rs355897,Waist-to-hip ratio adjusted for BMI,EFO_0007788,GCST90020025,34021172.0,6e-51,0.042628 unit decrease,C,2.0,164779822.0,British ancestry women,"219,872 British ancestry women",https://www.ebi.ac.uk/gwas/variants/rs355897,Association 90793081 retrieved; study metadata fetched,Reported human genetic association for an obesity-related trait.
COBLL1,COBLL1,rs10221833,rs10221833,Waist-to-hip ratio adjusted for BMI,EFO_0007788,GCST90020025,34021172.0,8e-46,0.0632106 unit decrease,C,2.0,164720654.0,British ancestry women,"219,872 British ancestry women",https://www.ebi.ac.uk/gwas/variants/rs10221833,Association 90793053 retrieved; study metadata fetched,Reported human genetic association for an obesity-related trait.
COBLL1,COBLL1,rs355910,rs355910,Waist-to-hip ratio adjusted for BMI,EFO_0007788,GCST90020025,34021172.0,2e-40,0.0378201 unit decrease,T,2.0,164790822.0,British ancestry women,"219,872 British ancestry women",https://www.ebi.ac.uk/gwas/variants/rs355910,Association 90793098 retrieved; study metadata fetched,Reported human genetic association for an obesity-related trait.
COBLL1,COBLL1,rs3820981,rs3820981,Waist-to-hip ratio adjusted for BMI,EFO_0007788,GCST90020025,34021172.0,2e-33,0.0342819 unit decrease,G,2.0,164710367.0,British ancestry women,"219,872 British ancestry women",https://www.ebi.ac.uk/gwas/variants/rs3820981,Association 90793036 retrieved; study metadata fetched,Reported human genetic association for an obesity-related trait.
COBLL1,COBLL1,rs355911,rs355911,Waist-to-hip ratio adjusted for BMI,EFO_0007788,GCST90020025,34021172.0,3e-26,0.0356211 unit decrease,A,2.0,164790831.0,British ancestry women,"219,872 British ancestry women",https://www.ebi.ac.uk/gwas/variants/rs355911,Association 90793071 retrieved; study metadata fetched,Reported human genetic association for an obesity-related trait.
COBLL1,"COBLL1, RNA5SP110",rs355817,rs355817,Waist-to-hip ratio adjusted for BMI,EFO_0007788,GCST90020025,34021172.0,1.0000000000000001e-24,0.0287556 unit decrease,C,2.0,164852282.0,British ancestry women,"219,872 British ancestry women",https://www.ebi.ac.uk/gwas/variants/rs355817,Association 90793111 retrieved; study metadata fetched,Reported human genetic association for an obesity-related trait.
COBLL1,"COBLL1, GRB14",rs13391980,rs13391980,Waist circumference adjusted for body mass index,EFO_0007789,GCST90020029,34021172.0,3e-50,0.0655685 unit decrease,A,2.0,164648331.0,,,https://www.ebi.ac.uk/gwas/variants/rs13391980,Association 90707667 retrieved; study metadata unavailable or capped,Reported human genetic association for an obesity-related trait.
COBLL1,COBLL1,rs12692738,rs12692738,Waist circumference adjusted for body mass index,EFO_0007789,GCST90020029,34021172.0,7e-47,0.0491641 unit decrease,C,2.0,164701742.0,,,https://www.ebi.ac.uk/gwas/variants/rs12692738,Association 90707672 retrieved; study metadata unavailable or capped,Reported human genetic association for an obesity-related trait.
COBLL1,COBLL1,rs13389219,rs13389219,Hip circumference adjusted for BMI,EFO_0008039,GCST90020028,34021172.0,1e-46,0.0411266 unit increase,T,2.0,164672366.0,,,https://www.ebi.ac.uk/gwas/variants/rs13389219,Association 90724442 retrieved; study metadata unavailable or capped,Reported human genetic association for an obesity-related trait.
COBLL1,COBLL1,rs12328675,rs12328675,Waist-to-hip ratio adjusted for BMI,EFO_0007788,GCST008994,30239722.0,3e-44,0.0366 unit increase,T,2.0,164684290.0,,,https://www.ebi.ac.uk/gwas/variants/rs12328675,Association 47380769 retrieved; study metadata unavailable or capped,Reported human genetic association for an obesity-related trait.
