Gene,PMID,Title,Relevance_Score,Evidence_Type,Human_or_Animal,Obesity_Relevance,Mechanistic_Relevance,Recent,Selection_Reason,Source
ADCY3,34821371,Molecular modelling of novel ADCY3 variant predicts a molecular target for tackling obesity.,78.0,Human genetic,Human,obesity; body weight; food intake,metabolism; appetite/feeding,True,obesity relevance in title; ADCY3 named in title; human genetic evidence; published 2022; recent,https://pubmed.ncbi.nlm.nih.gov/34821371/
ADCY3,41942711,The exonic SNP rs11676272-C risk allele mediates diet-induced obesity and reduces enhancer activation.,56.0,Human genetic; Animal experiment,Human; Animal,obesity,No listed mechanism detected,True,obesity relevance in title; gene and obesity finding reported in the same abstract sentence; human genetic evidence; animal evidence; published 2026; recent,https://pubmed.ncbi.nlm.nih.gov/41942711/
ADCY3,29311636,Loss-of-function variants in ADCY3 increase risk of obesity and type 2 diabetes.,52.0,Human genetic,Human,obesity,No listed mechanism detected,False,obesity relevance in title; ADCY3 named in title; human genetic evidence; published 2018; older evidence retained,https://pubmed.ncbi.nlm.nih.gov/29311636/
ADCY3,40236087,A mutation in the transmembrane domain of,50.5,Animal experiment,Animal,adiposity; body weight; food intake,appetite/feeding,True,obesity relevance in abstract; gene and obesity finding reported in the same abstract sentence; animal evidence; published 2025; recent,https://pubmed.ncbi.nlm.nih.gov/40236087/
ADCY3,40492272,A Mutation in the Transmembrane Domain of Adenylate Cyclase 3 Impairs Enzymatic Function to Cause Sex-Specific Depression- and Anxiety-Like Behaviors and Food Seeking in a Rat Model.,50.5,Animal experiment,Animal,adiposity; body weight; food intake,appetite/feeding,True,obesity relevance in abstract; gene and obesity finding reported in the same abstract sentence; animal evidence; published 2025; recent,https://pubmed.ncbi.nlm.nih.gov/40492272/
ADCY3,34523051,Epigenetic clock and DNA methylation analysis of porcine models of aging and obesity.,44.5,Human study,Human,obesity; BMI/body mass,No listed mechanism detected,True,obesity relevance in title; gene and obesity finding reported in the same abstract sentence; human evidence; published 2021; recent,https://pubmed.ncbi.nlm.nih.gov/34523051/
ADCY3,38334651,Postnatal Dynamic Ciliary ARL13B and ADCY3 Localization in the Mouse Brain.,41.0,Animal experiment,Animal,obesity; food intake,No listed mechanism detected,True,obesity relevance in abstract; ADCY3 named in title; animal evidence; published 2024; recent,https://pubmed.ncbi.nlm.nih.gov/38334651/
ADCY3,41630919,Circadian,40.0,Human genetic,Human,adiposity,metabolism,True,obesity relevance in abstract; gene and obesity finding reported in the same abstract sentence; human genetic evidence; published 2026; recent,https://pubmed.ncbi.nlm.nih.gov/41630919/
ADCY3,38956946,Medical semiology of patients with monogenic obesity: A systematic review.,40.0,Human study; Review,Human,obesity,No listed mechanism detected,True,obesity relevance in title; gene and obesity finding reported in the same abstract sentence; human evidence; published 2024; recent,https://pubmed.ncbi.nlm.nih.gov/38956946/
ADCY3,40766578,,38.5,Human genetic,Human,adiposity,metabolism,True,obesity relevance in abstract; gene and obesity finding reported in the same abstract sentence; human genetic evidence; published 2025; recent,https://pubmed.ncbi.nlm.nih.gov/40766578/
ADCY5,25793868,ADCY5 gene expression in adipose tissue is related to obesity in men and mice.,72.0,Human genetic; Animal experiment,Human; Animal,obesity,adipose biology,False,obesity relevance in title; ADCY5 named in title; human genetic evidence; animal evidence; published 2015; older evidence retained,https://pubmed.ncbi.nlm.nih.gov/25793868/
ADCY5,33919448,Effects of Whole-Body Adenylyl Cyclase 5 (,32.5,Animal experiment,Animal,obesity,adipose biology; insulin resistance,True,obesity relevance in abstract; gene and obesity finding reported in the same abstract sentence; animal evidence; published 2021; recent,https://pubmed.ncbi.nlm.nih.gov/33919448/
ADCY5,22956255,"Genetic variants in GCKR, GIPR, ADCY5 and VPS13C and the risk of severe sulfonylurea-induced hypoglycaemia in patients with type 2 diabetes.",32.0,Human genetic,Human,BMI/body mass,No listed mechanism detected,False,obesity relevance in abstract; ADCY5 named in title; human genetic evidence; published 2013; older evidence retained,https://pubmed.ncbi.nlm.nih.gov/22956255/
ADCY9,23563607,Genome-wide meta-analysis identifies 11 new loci for anthropometric traits and provides insights into genetic architecture.,47.0,Human genetic; Animal experiment; Review,Human; Animal,obesity; BMI/body mass,No listed mechanism detected,False,obesity relevance in abstract; gene and obesity finding reported in the same abstract sentence; human genetic evidence; animal evidence; published 2013; older evidence retained,https://pubmed.ncbi.nlm.nih.gov/23563607/
ADCY9,37579959,The rs2601796 variant in ADCY9 gene is associated with severe asthma and less bronchodilator response.,43.5,Human genetic,Human,BMI/body mass,No listed mechanism detected,True,obesity relevance in abstract; ADCY9 named in title; human genetic evidence; published 2023; recent,https://pubmed.ncbi.nlm.nih.gov/37579959/
BDNF,40699472,High-Intensity Interval Training Improves Memory Deficits in Obese Mice by Enhancing Osteocalcin-Driven Astrocytic BDNF Expression and Stimulating Hippocampal Neurogenesis.,66.5,Animal experiment,Animal,obesity; body weight; food intake,appetite/feeding,True,obesity relevance in title; BDNF named in title; animal evidence; published 2025; recent,https://pubmed.ncbi.nlm.nih.gov/40699472/
BDNF,25122490,"Human NR5A1/SF-1 mutations show decreased activity on BDNF (brain-derived neurotrophic factor), an important regulator of energy balance: testing impact of novel SF-1 mutations beyond steroidogenesis.",64.0,Human study; Animal experiment,Human; Animal,energy balance; obesity,No listed mechanism detected,False,obesity relevance in title; BDNF named in title; human evidence; animal evidence; published 2014; older evidence retained,https://pubmed.ncbi.nlm.nih.gov/25122490/
BDNF,42644319,BDNF-related brain-liver communication in metabolic syndrome: implications for anxiety and depression.,52.0,Not specified,Not specified,obesity,metabolism; lipid metabolism,True,obesity relevance in abstract; BDNF named in title; published 2026; recent,https://pubmed.ncbi.nlm.nih.gov/42644319/
BDNF,18667348,Association of the BDNF Val66Met variation with obesity in women.,52.0,Human genetic,Human,obesity,No listed mechanism detected,False,obesity relevance in title; BDNF named in title; human genetic evidence; published 2008; older evidence retained,https://pubmed.ncbi.nlm.nih.gov/18667348/
BDNF,15115760,"Association of BDNF with anorexia, bulimia and age of onset of weight loss in six European populations.",52.0,Not specified,Not specified,body weight; food intake,appetite/feeding,False,obesity relevance in title; BDNF named in title; published 2004; older evidence retained,https://pubmed.ncbi.nlm.nih.gov/15115760/
BDNF,29137402,BDNF/TrkB signaling mediates the anorectic action of estradiol in the nucleus tractus solitarius.,48.0,Animal experiment,Animal,body weight; food intake,appetite/feeding,False,obesity relevance in abstract; BDNF named in title; animal evidence; published 2017; older evidence retained,https://pubmed.ncbi.nlm.nih.gov/29137402/
BDNF,27288826,Rare Syndromes and Common Variants of the Brain-Derived Neurotrophic Factor Gene in Human Obesity.,48.0,Human genetic,Human,obesity; food intake,No listed mechanism detected,False,obesity relevance in title; gene and obesity finding reported in the same abstract sentence; human genetic evidence; published 2016; older evidence retained,https://pubmed.ncbi.nlm.nih.gov/27288826/
BDNF,23408508,Obesity-susceptibility loci and the tails of the pediatric BMI distribution.,48.0,Not specified,Not specified,obesity; BMI/body mass,No listed mechanism detected,False,obesity relevance in title; gene and obesity finding reported in the same abstract sentence; published 2013; older evidence retained,https://pubmed.ncbi.nlm.nih.gov/23408508/
BDNF,20300069,TrkB agonist antibody dose-dependently raises blood pressure in mice with diet-induced obesity.,48.0,Animal experiment,Animal,obesity; body weight; food intake,appetite/feeding,False,obesity relevance in title; gene and obesity finding reported in the same abstract sentence; animal evidence; published 2010; older evidence retained,https://pubmed.ncbi.nlm.nih.gov/20300069/
BDNF,40405119,"Associations of leptin levels with psychopathology, BDNF and inflammatory cytokines in patients with chronic schizophrenia as well as gender differences.",46.5,Human study,Human,BMI/body mass,metabolism,True,obesity relevance in abstract; BDNF named in title; human evidence; published 2025; recent,https://pubmed.ncbi.nlm.nih.gov/40405119/
CALCR,42744908,Cagrilintide and retatrutide combination therapy enhances weight loss and metabolic outcomes in obese male rats.,80.0,Human study; Animal experiment,Human; Animal,obesity; body weight,metabolism,True,obesity relevance in title; gene and obesity finding reported in the same abstract sentence; human evidence; animal evidence; published 2026; recent,https://pubmed.ncbi.nlm.nih.gov/42744908/
CALCR,33767443,A genetic map of the mouse dorsal vagal complex and its role in obesity.,60.5,Human genetic; Animal experiment,Human; Animal,obesity; food intake,appetite/feeding,True,obesity relevance in title; gene and obesity finding reported in the same abstract sentence; human genetic evidence; animal evidence; published 2021; recent,https://pubmed.ncbi.nlm.nih.gov/33767443/
CALCR,42260119,A cross-species atlas of the dorsal vagal complex reveals neural mediators of the effects of cagrilintide on energy balance.,60.0,Animal experiment,Animal,energy balance; obesity; body weight; food intake,appetite/feeding,True,obesity relevance in title; gene and obesity finding reported in the same abstract sentence; animal evidence; published 2026; recent,https://pubmed.ncbi.nlm.nih.gov/42260119/
CALCR,39868309,A Cross-Species Atlas of the Dorsal Vagal Complex Reveals Neural Mediators of Cagrilintide's Effects on Energy Balance.,54.5,Not specified,Not specified,energy balance; obesity; body weight; food intake,appetite/feeding,True,obesity relevance in title; gene and obesity finding reported in the same abstract sentence; published 2025; recent,https://pubmed.ncbi.nlm.nih.gov/39868309/
CALCR,28666011,Differential effects of Calca-derived peptides in male mice with diet-induced obesity.,52.0,Animal experiment,Animal,obesity; food intake,metabolism; appetite/feeding,False,obesity relevance in title; gene and obesity finding reported in the same abstract sentence; animal evidence; published 2017; older evidence retained,https://pubmed.ncbi.nlm.nih.gov/28666011/
CALCR,34462445,NTS Prlh overcomes orexigenic stimuli and ameliorates dietary and genetic forms of obesity.,48.5,Animal experiment; Cellular/in vitro,Animal; Cellular/in vitro,obesity; body weight; food intake,appetite/feeding,True,obesity relevance in title; gene and obesity finding reported in the same abstract sentence; animal evidence; cellular/in-vitro evidence; published 2021; recent,https://pubmed.ncbi.nlm.nih.gov/34462445/
CALCR,36834780,"Polymorphisms in Genes Encoding VDR, CALCR and Antioxidant Enzymes as Predictors of Bone Tissue Condition in Young, Healthy Men.",35.5,Human genetic,Human,BMI/body mass,No listed mechanism detected,True,obesity relevance in abstract; CALCR named in title; human genetic evidence; published 2023; recent,https://pubmed.ncbi.nlm.nih.gov/36834780/
CALCR,33962048,A survey of the mouse hindbrain in the fed and fasted states using single-nucleus RNA sequencing.,32.5,Human study; Animal experiment; Cellular/in vitro,Human; Animal; Cellular/in vitro,obesity,No listed mechanism detected,True,obesity relevance in abstract; gene and obesity finding reported in the same abstract sentence; human evidence; animal evidence; cellular/in-vitro evidence; published 2021; recent,https://pubmed.ncbi.nlm.nih.gov/33962048/
CCND2,25951451,"Replication Study in a Japanese Population to Evaluate the Association between 10 SNP Loci, Identified in European Genome-Wide Association Studies, and Type 2 Diabetes.",44.0,Human genetic; Animal experiment,Human; Animal,obesity; BMI/body mass,No listed mechanism detected,False,obesity relevance in abstract; gene and obesity finding reported in the same abstract sentence; human genetic evidence; animal evidence; published 2015; older evidence retained,https://pubmed.ncbi.nlm.nih.gov/25951451/
CCND2,25605810,"Association analysis of 29,956 individuals confirms that a low-frequency variant at CCND2 halves the risk of type 2 diabetes by enhancing insulin secretion.",40.0,Human genetic,Human,BMI/body mass,No listed mechanism detected,False,obesity relevance in abstract; CCND2 named in title; human genetic evidence; published 2015; older evidence retained,https://pubmed.ncbi.nlm.nih.gov/25605810/
CCND2,32189007,The Map3k12 (Dlk)/JNK3 signaling pathway is required for pancreatic beta-cell proliferation during postnatal development.,28.5,Human study; Cellular/in vitro,Human; Cellular/in vitro,obesity,No listed mechanism detected,True,obesity relevance in abstract; gene and obesity finding reported in the same abstract sentence; human evidence; cellular/in-vitro evidence; published 2021; recent,https://pubmed.ncbi.nlm.nih.gov/32189007/
COBLL1,23463496,The COBLL1 C allele is associated with lower serum insulin levels and lower insulin resistance in overweight and obese children.,68.0,Human genetic,Human,obesity,insulin resistance; metabolism,False,obesity relevance in title; COBLL1 named in title; human genetic evidence; published 2013; older evidence retained,https://pubmed.ncbi.nlm.nih.gov/23463496/
COBLL1,26833246,New loci for body fat percentage reveal link between adiposity and cardiometabolic disease risk.,51.0,Human genetic; Review,Human,adiposity; BMI/body mass,No listed mechanism detected,False,obesity relevance in title; gene and obesity finding reported in the same abstract sentence; human genetic evidence; published 2016; older evidence retained,https://pubmed.ncbi.nlm.nih.gov/26833246/
COBLL1,38699158,Zebrafish,45.0,Human study; Animal experiment,Human; Animal,obesity,metabolism; lipid metabolism,True,obesity relevance in abstract; gene and obesity finding reported in the same abstract sentence; human evidence; animal evidence; published 2024; recent,https://pubmed.ncbi.nlm.nih.gov/38699158/
COBLL1,35955692,Metabolic Effects of the Waist-To-Hip Ratio Associated Locus,38.0,Animal experiment,Animal,obesity,metabolism,True,obesity relevance in abstract; gene and obesity finding reported in the same abstract sentence; animal evidence; published 2022; recent,https://pubmed.ncbi.nlm.nih.gov/35955692/
COBLL1,37709864,Genome-wide association meta-analysis identifies 17 loci associated with nonalcoholic fatty liver disease.,34.5,Human genetic; Review,Human,obesity,No listed mechanism detected,True,obesity relevance in abstract; gene and obesity finding reported in the same abstract sentence; human genetic evidence; published 2023; recent,https://pubmed.ncbi.nlm.nih.gov/37709864/
COBLL1,36835164,Gene-Nutrient Interactions in Obesity:,31.5,Not specified,Not specified,obesity,No listed mechanism detected,True,obesity relevance in title; gene and obesity finding reported in the same abstract sentence; published 2023; recent,https://pubmed.ncbi.nlm.nih.gov/36835164/
CRTC1,36349991,"CRTC1 deficiency, specifically in melanocortin-4 receptor-expressing cells, induces hyperphagia, obesity, and insulin resistance.",86.0,Animal experiment; Cellular/in vitro,Animal; Cellular/in vitro,obesity; food intake,insulin resistance; metabolism,True,obesity relevance in title; CRTC1 named in title; animal evidence; cellular/in-vitro evidence; published 2022; recent,https://pubmed.ncbi.nlm.nih.gov/36349991/
CRTC1,33846709,Loss of CREB Coactivator CRTC1 in SF1 Cells Leads to Hyperphagia and Obesity by High-fat Diet But Not Normal Chow Diet.,80.5,Animal experiment; Cellular/in vitro,Animal; Cellular/in vitro,obesity; food intake,metabolism; appetite/feeding,True,obesity relevance in title; CRTC1 named in title; animal evidence; cellular/in-vitro evidence; published 2021; recent,https://pubmed.ncbi.nlm.nih.gov/33846709/
CRTC1,39264819,CRTC1 in Mc4r-Expressing Cells Is Required for Peripheral Metabolism and Systemic Energy Homeostasis.,73.0,Animal experiment; Cellular/in vitro,Animal; Cellular/in vitro,obesity; food intake,metabolism; insulin resistance; appetite/feeding,True,obesity relevance in abstract; CRTC1 named in title; animal evidence; cellular/in-vitro evidence; published 2024; recent,https://pubmed.ncbi.nlm.nih.gov/39264819/
CRTC1,23925723,Influence of CRTC1 polymorphisms on body mass index and fat mass in psychiatric patients and the general adult population.,72.0,Human genetic; Animal experiment,Human; Animal,BMI/body mass; obesity; energy balance,metabolism,False,obesity relevance in title; CRTC1 named in title; human genetic evidence; animal evidence; published 2013; older evidence retained,https://pubmed.ncbi.nlm.nih.gov/23925723/
CRTC1,33912553,Crtc1 Deficiency Causes Obesity Potentially via Regulating PPARγ Pathway in White Adipose.,64.5,Animal experiment,Animal,obesity,adipose biology; metabolism; lipid metabolism,True,obesity relevance in title; CRTC1 named in title; animal evidence; published 2021; recent,https://pubmed.ncbi.nlm.nih.gov/33912553/
CRTC1,39650226,CREB coactivator CRTC1 in melanocortin-4 receptor-expressing cells regulate dietary fat intake.,61.0,Animal experiment; Cellular/in vitro,Animal; Cellular/in vitro,obesity; food intake,metabolism; appetite/feeding,True,obesity relevance in abstract; CRTC1 named in title; animal evidence; cellular/in-vitro evidence; published 2024; recent,https://pubmed.ncbi.nlm.nih.gov/39650226/
CRTC1,42480244,Pharmacogenomics of antipsychotic-induced weight gain: A systematic review.,59.0,Human genetic; Review,Human,body weight; BMI/body mass,No listed mechanism detected,True,obesity relevance in title; gene and obesity finding reported in the same abstract sentence; human genetic evidence; published 2026; recent,https://pubmed.ncbi.nlm.nih.gov/42480244/
CRTC1,18758446,The Creb1 coactivator Crtc1 is required for energy balance and fertility.,56.0,Animal experiment,Animal,energy balance; obesity,No listed mechanism detected,False,obesity relevance in title; CRTC1 named in title; animal evidence; published 2008; older evidence retained,https://pubmed.ncbi.nlm.nih.gov/18758446/
CRTC1,31878957,Psychotropic drug-induced genetic-epigenetic modulation of CRTC1 gene is associated with early weight gain in a prospective study of psychiatric patients.,52.0,Human study,Human,body weight; obesity,metabolism,False,obesity relevance in title; CRTC1 named in title; human evidence; published 2019; older evidence retained,https://pubmed.ncbi.nlm.nih.gov/31878957/
CRTC1,27002284,Association of CRTC1 polymorphisms with obesity markers in subjects from the general population with lifetime depression.,52.0,Human genetic,Human,obesity,No listed mechanism detected,False,obesity relevance in title; CRTC1 named in title; human genetic evidence; published 2016; older evidence retained,https://pubmed.ncbi.nlm.nih.gov/27002284/
DPP9,33915844,DPP9: Comprehensive In Silico Analyses of Loss of Function Gene Variants and Associated Gene Expression Signatures in Human Hepatocellular Carcinoma.,40.5,Human genetic,Human,obesity,No listed mechanism detected,True,obesity relevance in abstract; DPP9 named in title; human genetic evidence; published 2021; recent,https://pubmed.ncbi.nlm.nih.gov/33915844/
ETV5,24710089,AAV-mediated gene transfer of the obesity-associated gene Etv5 in rat midbrain does not affect energy balance or motivated behavior.,92.0,Human genetic; Animal experiment,Human; Animal,obesity; energy balance; BMI/body mass; body weight; food intake,appetite/feeding,False,obesity relevance in title; ETV5 named in title; human genetic evidence; animal evidence; published 2014; older evidence retained,https://pubmed.ncbi.nlm.nih.gov/24710089/
ETV5,25813907,The obesity-associated transcription factor ETV5 modulates circulating glucocorticoids.,80.0,Human genetic; Animal experiment,Human; Animal,obesity; body weight; energy balance,metabolism,False,obesity relevance in title; ETV5 named in title; human genetic evidence; animal evidence; published 2015; older evidence retained,https://pubmed.ncbi.nlm.nih.gov/25813907/
ETV5,24190582,The role of the transcription factor ETV5 in insulin exocytosis.,68.0,Human genetic; Animal experiment,Human; Animal,obesity; body weight; food intake,appetite/feeding,False,obesity relevance in abstract; ETV5 named in title; human genetic evidence; animal evidence; published 2014; older evidence retained,https://pubmed.ncbi.nlm.nih.gov/24190582/
ETV5,22627920,"Nutritional state affects the expression of the obesity-associated genes Etv5, Faim2, Fto, and Negr1.",56.0,Animal experiment,Animal,obesity; BMI/body mass,No listed mechanism detected,False,obesity relevance in title; ETV5 named in title; animal evidence; published 2012; older evidence retained,https://pubmed.ncbi.nlm.nih.gov/22627920/
ETV5,28645872,Two obesity susceptibility loci in LYPLAL1 and ETV5 independently associated with childhood hypertension in Chinese population.,52.0,Human genetic,Human,obesity,No listed mechanism detected,False,obesity relevance in title; ETV5 named in title; human genetic evidence; published 2017; older evidence retained,https://pubmed.ncbi.nlm.nih.gov/28645872/
ETV5,22553958,Expression of fourteen novel obesity-related genes in Zucker diabetic fatty rats.,52.0,Human genetic; Animal experiment,Human; Animal,obesity,adipose biology,False,obesity relevance in title; gene and obesity finding reported in the same abstract sentence; human genetic evidence; animal evidence; published 2012; older evidence retained,https://pubmed.ncbi.nlm.nih.gov/22553958/
ETV5,18032421,"Effects of ETV5 (ets variant gene 5) on testis and body growth, time course of spermatogonial stem cell loss, and fertility in mice.",52.0,Human genetic; Animal experiment; Cellular/in vitro,Human; Animal; Cellular/in vitro,body weight,No listed mechanism detected,False,obesity relevance in abstract; ETV5 named in title; human genetic evidence; animal evidence; cellular/in-vitro evidence; published 2008; older evidence retained,https://pubmed.ncbi.nlm.nih.gov/18032421/
ETV5,34716308,Chromatin accessibility analysis identifies the transcription factor ETV5 as a suppressor of adipose tissue macrophage activation in obesity.,48.5,Not specified,Not specified,obesity,adipose biology; insulin resistance,True,obesity relevance in title; ETV5 named in title; published 2021; recent,https://pubmed.ncbi.nlm.nih.gov/34716308/
ETV5,27280443,The Drosophila ETV5 Homologue Ets96B: Molecular Link between Obesity and Bipolar Disorder.,48.0,Human study; Animal experiment,Human; Animal,obesity,No listed mechanism detected,False,obesity relevance in title; ETV5 named in title; human evidence; animal evidence; published 2016; older evidence retained,https://pubmed.ncbi.nlm.nih.gov/27280443/
ETV5,33093014,ETV5 Regulates Hepatic Fatty Acid Metabolism Through PPAR Signaling Pathway.,44.5,Not specified,Not specified,obesity,metabolism; lipid metabolism,True,obesity relevance in abstract; ETV5 named in title; published 2021; recent,https://pubmed.ncbi.nlm.nih.gov/33093014/
FAIM2,36921152,"Investigation of associations of European, African, Amerindian genomic ancestries and MC4R, FTO, FAIM2, BDNF loci with obesity-related traits in Rio de Janeiro, Brazil.",63.5,Human genetic,Human,obesity; adiposity,No listed mechanism detected,True,obesity relevance in title; FAIM2 named in title; human genetic evidence; published 2023; recent,https://pubmed.ncbi.nlm.nih.gov/36921152/
FAIM2,38697123,Variant-to-function analysis of the childhood obesity chr12q13 locus implicates rs7132908 as a causal variant within the 3' UTR of FAIM2.,57.0,Human genetic,Human,obesity,No listed mechanism detected,True,obesity relevance in title; FAIM2 named in title; human genetic evidence; published 2024; recent,https://pubmed.ncbi.nlm.nih.gov/38697123/
FAIM2,32228543,"Obesity-related loci in TMEM18, CDKAL1 and FAIM2 are associated with obesity and type 2 diabetes in Chinese Han patients.",52.0,Human genetic,Human,obesity,No listed mechanism detected,False,obesity relevance in title; FAIM2 named in title; human genetic evidence; published 2020; older evidence retained,https://pubmed.ncbi.nlm.nih.gov/32228543/
FAIM2,24948161,"Common variants in BDNF, FAIM2, FTO, MC4R, NEGR1, and SH2B1 show association with obesity-related variables in Spanish Roma population.",52.0,Human genetic,Human,obesity,No listed mechanism detected,False,obesity relevance in title; FAIM2 named in title; human genetic evidence; published 2014; older evidence retained,https://pubmed.ncbi.nlm.nih.gov/24948161/
FAIM2,22553958,Expression of fourteen novel obesity-related genes in Zucker diabetic fatty rats.,52.0,Human genetic; Animal experiment,Human; Animal,obesity,adipose biology,False,obesity relevance in title; gene and obesity finding reported in the same abstract sentence; human genetic evidence; animal evidence; published 2012; older evidence retained,https://pubmed.ncbi.nlm.nih.gov/22553958/
FAIM2,19851340,"Association between obesity and polymorphisms in SEC16B, TMEM18, GNPDA2, BDNF, FAIM2 and MC4R in a Japanese population.",52.0,Human genetic,Human,obesity,No listed mechanism detected,False,obesity relevance in title; FAIM2 named in title; human genetic evidence; published 2009; older evidence retained,https://pubmed.ncbi.nlm.nih.gov/19851340/
FAIM2,39337639,Phenome-Wide Association Study of Latent Autoimmune Diabetes from a Southern Mexican Population Implicates rs7305229 with Plasmatic Anti-Glutamic Acid Decarboxylase Autoantibody (GADA) Levels.,49.0,Human genetic,Human,obesity; adiposity; BMI/body mass,No listed mechanism detected,True,obesity relevance in abstract; gene and obesity finding reported in the same abstract sentence; human genetic evidence; published 2024; recent,https://pubmed.ncbi.nlm.nih.gov/39337639/
FAIM2,25922107,Influence of lifestyle on the FAIM2 promoter methylation between obese and lean children: a cohort study.,48.0,Human study,Human,obesity,No listed mechanism detected,False,obesity relevance in title; FAIM2 named in title; human evidence; published 2015; older evidence retained,https://pubmed.ncbi.nlm.nih.gov/25922107/
FAIM2,37662342,Variant-to-function analysis of the childhood obesity chr12q13 locus implicates rs7132908 as a causal variant within the 3' UTR of,47.5,Human genetic; Cellular/in vitro,Human; Cellular/in vitro,obesity,No listed mechanism detected,True,obesity relevance in title; gene and obesity finding reported in the same abstract sentence; human genetic evidence; cellular/in-vitro evidence; published 2023; recent,https://pubmed.ncbi.nlm.nih.gov/37662342/
FAIM2,23924573,Common rs7138803 variant of FAIM2 and obesity in Han Chinese.,44.0,Human genetic,Human,obesity,No listed mechanism detected,False,obesity relevance in title; FAIM2 named in title; human genetic evidence; published 2013; older evidence retained,https://pubmed.ncbi.nlm.nih.gov/23924573/
FGF19,41651333,Central FGF19 reduces hypothalamic inflammation and improves leptin signaling in obese mice.,72.0,Animal experiment,Animal,obesity; energy balance; food intake,metabolism; appetite/feeding,True,obesity relevance in title; FGF19 named in title; animal evidence; published 2026; recent,https://pubmed.ncbi.nlm.nih.gov/41651333/
FGF19,31767164,The anti-obesity effect of FGF19 does not require UCP1-dependent thermogenesis.,68.0,Animal experiment,Animal,obesity; body weight,metabolism; insulin resistance; lipid metabolism,False,obesity relevance in title; FGF19 named in title; animal evidence; published 2019; older evidence retained,https://pubmed.ncbi.nlm.nih.gov/31767164/
FGF19,32546231,Klotho and fibroblast growth factors 19 and 21 serum concentrations in children and adolescents with normal body weight and obesity and their associations with metabolic parameters.,64.0,Not specified,Not specified,obesity; body weight,metabolism; insulin resistance,False,obesity relevance in title; gene and obesity finding reported in the same abstract sentence; published 2020; older evidence retained,https://pubmed.ncbi.nlm.nih.gov/32546231/
FGF19,40859577,"Correlation analysis of serum Orexin A, PBP4, and FGF19 levels with insulin resistance and neonatal weight in gestational diabetes mellitus: A cross-sectional study.",38.5,Not specified,Not specified,BMI/body mass,insulin resistance,True,obesity relevance in abstract; FGF19 named in title; published 2025; recent,https://pubmed.ncbi.nlm.nih.gov/40859577/
FGF19,40969368,"Analysis of prevalence and associated biomarkers of sarcopenia in older adults living in rural community in Wuhan, China.",22.5,Not specified,Not specified,BMI/body mass,No listed mechanism detected,True,obesity relevance in abstract; gene and obesity finding reported in the same abstract sentence; published 2025; recent,https://pubmed.ncbi.nlm.nih.gov/40969368/
FTO,20360686,FTO effect on energy demand versus food intake.,98.0,Human genetic; Animal experiment,Human; Animal,food intake; obesity; BMI/body mass; body weight,appetite/feeding; metabolism,False,obesity relevance in title; FTO named in title; human genetic evidence; animal evidence; published 2010; older evidence retained,https://pubmed.ncbi.nlm.nih.gov/20360686/
FTO,25724814,The Role of FTO and Vitamin D for the Weight Loss Effect of Roux-en-Y Gastric Bypass Surgery in Obese Patients.,88.0,Human genetic; Animal experiment,Human; Animal,obesity; body weight; BMI/body mass,No listed mechanism detected,False,obesity relevance in title; FTO named in title; human genetic evidence; animal evidence; published 2015; older evidence retained,https://pubmed.ncbi.nlm.nih.gov/25724814/
FTO,37697388,"Dietary approach to stop hypertension and healthy eating index 2015, modify the association between FTO polymorphisms and obesity phenotypes.",79.5,Human genetic; Animal experiment,Human; Animal,obesity; adiposity; BMI/body mass,No listed mechanism detected,True,obesity relevance in title; FTO named in title; human genetic evidence; animal evidence; published 2023; recent,https://pubmed.ncbi.nlm.nih.gov/37697388/
FTO,27003669,"Physical activity, but not dietary intake, attenuates the effect of the FTO rs9939609 polymorphism on obesity and metabolic syndrome in Lithuanian adult population.",72.0,Human genetic,Human,obesity; BMI/body mass,metabolism,False,obesity relevance in title; FTO named in title; human genetic evidence; published 2016; older evidence retained,https://pubmed.ncbi.nlm.nih.gov/27003669/
FTO,20007308,"Influence of common variants near INSIG2, in FTO, and near MC4R genes on overweight and the metabolic profile in adolescence: the TRAILS (TRacking Adolescents' Individual Lives Survey) Study.",72.0,Human genetic,Human,obesity; BMI/body mass,metabolism,False,obesity relevance in title; FTO named in title; human genetic evidence; published 2010; older evidence retained,https://pubmed.ncbi.nlm.nih.gov/20007308/
FTO,37540205,Association of lipid metabolism-related metabolites with overweight/obesity based on the FTO rs1421085.,71.5,Human genetic,Human,obesity,metabolism; lipid metabolism,True,obesity relevance in title; FTO named in title; human genetic evidence; published 2023; recent,https://pubmed.ncbi.nlm.nih.gov/37540205/
FTO,40152179,"Discovery of the 2,3-Dihydrobenzopyrane-4-one as a Potent FTO Inhibitor against Obesity-Related Metabolic Diseases.",70.5,Not specified,Not specified,obesity; body weight,metabolism; adipose biology,True,obesity relevance in title; FTO named in title; published 2025; recent,https://pubmed.ncbi.nlm.nih.gov/40152179/
FTO,42056320,Psychobehavioral profiles of eating risk: schema-emotion regulation patterns differ in central adiposity with genotype (FTO rs9939609) as external validator-a pilot study.,68.0,Human genetic,Human,adiposity; obesity; BMI/body mass,No listed mechanism detected,True,obesity relevance in title; FTO named in title; human genetic evidence; published 2026; recent,https://pubmed.ncbi.nlm.nih.gov/42056320/
FTO,22019092,Cloning and characterization of chicken fat mass and obesity associated (Fto) gene: fasting affects Fto expression.,68.0,Human study,Human,obesity; food intake,metabolism; lipid metabolism; appetite/feeding,False,obesity relevance in title; FTO named in title; human evidence; published 2012; older evidence retained,https://pubmed.ncbi.nlm.nih.gov/22019092/
FTO,36434470,The role of FTO variant rs1421085 in the relationship with obesity: a systematic review and meta-analysis.,65.0,Human genetic; Review,Human,obesity; adiposity,No listed mechanism detected,True,obesity relevance in title; FTO named in title; human genetic evidence; published 2022; recent,https://pubmed.ncbi.nlm.nih.gov/36434470/
GIPR,40360757,Publisher Correction: GIPR agonism and antagonism decrease body weight and food intake via different mechanisms in male mice.,86.5,Animal experiment,Animal,body weight; food intake,appetite/feeding,True,obesity relevance in title; GIPR named in title; animal evidence; published 2025; recent,https://pubmed.ncbi.nlm.nih.gov/40360757/
GIPR,42744908,Cagrilintide and retatrutide combination therapy enhances weight loss and metabolic outcomes in obese male rats.,80.0,Human study; Animal experiment,Human; Animal,obesity; body weight,metabolism,True,obesity relevance in title; gene and obesity finding reported in the same abstract sentence; human evidence; animal evidence; published 2026; recent,https://pubmed.ncbi.nlm.nih.gov/42744908/
GIPR,40625071,"The other face of GWAS: Editorial on ""Genome-wide interaction study with body mass index identifies CYP7A1 and GIPR as genetic modulators of metabolic dysfunction-associated steatotic liver disease"".",72.0,Human genetic,Human,BMI/body mass,metabolism,True,obesity relevance in title; GIPR named in title; human genetic evidence; published 2026; recent,https://pubmed.ncbi.nlm.nih.gov/40625071/
GIPR,40851474,"Editorial on ""Genome-wide interaction study with body mass index identifies CYP7A1 and GIPR as genetic modulators of metabolic dysfunction-associated steatotic liver disease"".",72.0,Human genetic,Human,BMI/body mass,metabolism,True,obesity relevance in title; GIPR named in title; human genetic evidence; published 2026; recent,https://pubmed.ncbi.nlm.nih.gov/40851474/
GIPR,41690462,A novel GIPR/GLP-1R dual agonist improves systemic metabolism through differentially regulating inflammation and lipid metabolism in obesity.,68.0,Not specified,Not specified,obesity,metabolism; lipid metabolism,True,obesity relevance in title; GIPR named in title; published 2026; recent,https://pubmed.ncbi.nlm.nih.gov/41690462/
GIPR,42465481,Opposing GIPR brainstem circuits differentially control feeding behaviour.,64.0,Not specified,Not specified,food intake; obesity,appetite/feeding,True,obesity relevance in title; GIPR named in title; published 2026; recent,https://pubmed.ncbi.nlm.nih.gov/42465481/
GIPR,42056522,GLP-1R-GIPR-PPARα/γ/δ quintuple agonism corrects obesity and diabetes in mice.,60.0,Animal experiment,Animal,obesity,metabolism,True,obesity relevance in title; GIPR named in title; animal evidence; published 2026; recent,https://pubmed.ncbi.nlm.nih.gov/42056522/
GIPR,40571982,"Letter to the editor on ""Genome-wide interaction study with BMI identifies CYP7A1 and GIPR as genetic modulators of MASLD"".",56.0,Human genetic,Human,BMI/body mass,No listed mechanism detected,True,obesity relevance in title; GIPR named in title; human genetic evidence; published 2026; recent,https://pubmed.ncbi.nlm.nih.gov/40571982/
GIPR,41592522,Differential effects of the anti-obesity drug tirzepatide on adipose tissues: Brown fat as a key target.,52.0,Not specified,Not specified,obesity; food intake,adipose biology; appetite/feeding,True,obesity relevance in title; gene and obesity finding reported in the same abstract sentence; published 2026; recent,https://pubmed.ncbi.nlm.nih.gov/41592522/
GIPR,41813456,"Retraction notice to ""Chronic treatment with anti-GIPR mAb alone and combined with DPP-4 inhibitor correct obesity, dyslipidemia and nephropathy in rodent animals"" [Life Sciences 269 (2021) 119038].",52.0,Animal experiment,Animal,obesity,No listed mechanism detected,True,obesity relevance in title; GIPR named in title; animal evidence; published 2026; recent,https://pubmed.ncbi.nlm.nih.gov/41813456/
GNPDA2,34912841,"CNS GNPDA2 Does Not Control Appetite, but Regulates Glucose Homeostasis.",76.5,Human genetic,Human,food intake; obesity,appetite/feeding; metabolism,True,obesity relevance in title; GNPDA2 named in title; human genetic evidence; published 2021; recent,https://pubmed.ncbi.nlm.nih.gov/34912841/
GNPDA2,27326383,"Identification, expression and variation of the GNPDA2 gene, and its association with body weight and fatness traits in chicken.",68.0,Human genetic,Human,body weight; obesity; BMI/body mass,adipose biology; metabolism,False,obesity relevance in title; GNPDA2 named in title; human genetic evidence; published 2016; older evidence retained,https://pubmed.ncbi.nlm.nih.gov/27326383/
GNPDA2,23300277,The influence of obesity-related single nucleotide polymorphisms on BMI across the life course: the PAGE study.,60.0,Human genetic,Human,obesity; BMI/body mass,No listed mechanism detected,False,obesity relevance in title; gene and obesity finding reported in the same abstract sentence; human genetic evidence; published 2013; older evidence retained,https://pubmed.ncbi.nlm.nih.gov/23300277/
GNPDA2,22553958,Expression of fourteen novel obesity-related genes in Zucker diabetic fatty rats.,52.0,Human genetic; Animal experiment,Human; Animal,obesity,adipose biology,False,obesity relevance in title; gene and obesity finding reported in the same abstract sentence; human genetic evidence; animal evidence; published 2012; older evidence retained,https://pubmed.ncbi.nlm.nih.gov/22553958/
GNPDA2,23408508,Obesity-susceptibility loci and the tails of the pediatric BMI distribution.,48.0,Not specified,Not specified,obesity; BMI/body mass,No listed mechanism detected,False,obesity relevance in title; gene and obesity finding reported in the same abstract sentence; published 2013; older evidence retained,https://pubmed.ncbi.nlm.nih.gov/23408508/
GNPDA2,33368221,Obesity-related genes are expressed in human Sertoli cells and modulated by energy homeostasis regulating hormones.,40.5,Human study; Cellular/in vitro,Human; Cellular/in vitro,obesity,No listed mechanism detected,True,obesity relevance in title; gene and obesity finding reported in the same abstract sentence; human evidence; cellular/in-vitro evidence; published 2021; recent,https://pubmed.ncbi.nlm.nih.gov/33368221/
GNPDA2,23349760,Modelling BMI trajectories in children for genetic association studies.,40.0,Human genetic,Human,BMI/body mass; obesity,No listed mechanism detected,False,obesity relevance in title; gene and obesity finding reported in the same abstract sentence; human genetic evidence; published 2013; older evidence retained,https://pubmed.ncbi.nlm.nih.gov/23349760/
GNPDA2,33594455,Validation of BMI genetic risk score and DNA methylation in a Korean population.,36.5,Not specified,Not specified,BMI/body mass; obesity,No listed mechanism detected,True,obesity relevance in title; gene and obesity finding reported in the same abstract sentence; published 2021; recent,https://pubmed.ncbi.nlm.nih.gov/33594455/
GNPDA2,31467530,,32.0,Human genetic,Human,obesity,adipose biology,False,obesity relevance in abstract; gene and obesity finding reported in the same abstract sentence; human genetic evidence; published 2019; older evidence retained,https://pubmed.ncbi.nlm.nih.gov/31467530/
GNPDA2,29374901,[Association between rs10938397 polymorphism in,32.0,Human genetic,Human,obesity,metabolism,False,obesity relevance in abstract; gene and obesity finding reported in the same abstract sentence; human genetic evidence; published 2018; older evidence retained,https://pubmed.ncbi.nlm.nih.gov/29374901/
GPR75,41707065,Gpr75 Deletion in Adipocytes Protects From Diet-Induced Obesity: Changes in Glucose Homeostasis and Inflammatory Responses.,100.0,Human genetic; Animal experiment,Human; Animal,obesity; body weight; energy balance; food intake,adipose biology; metabolism; appetite/feeding,True,obesity relevance in title; GPR75 named in title; human genetic evidence; animal evidence; published 2026; recent,https://pubmed.ncbi.nlm.nih.gov/41707065/
GPR75,41062295,"GPR75 signaling is dispensable for reproduction but contributes to feeding and body growth in rats on normal chow and is involved in high-fat diet-induced hyperphagia, obesity, and hyperglycemia development.",100.0,Human genetic; Animal experiment,Human; Animal,obesity; food intake; BMI/body mass; body weight,appetite/feeding,True,obesity relevance in title; GPR75 named in title; human genetic evidence; animal evidence; published 2025; recent,https://pubmed.ncbi.nlm.nih.gov/41062295/
GPR75,39137039,Central regulation of feeding and body weight by ciliary GPR75.,85.0,Human genetic,Human,body weight; food intake; BMI/body mass,appetite/feeding,True,obesity relevance in title; GPR75 named in title; human genetic evidence; published 2024; recent,https://pubmed.ncbi.nlm.nih.gov/39137039/
GPR75,39310267,Effect and mechanism of GPR75 in metabolic dysfunction-related steatosis liver disease.,85.0,Human genetic,Not specified,BMI/body mass; body weight; energy balance,metabolism; lipid metabolism,True,obesity relevance in abstract; GPR75 named in title; human genetic evidence; published 2024; recent,https://pubmed.ncbi.nlm.nih.gov/39310267/
GPR75,41576172,Neuronal GPR75 deficiency protects against diet-induced obesity in a humanized mouse model.,76.0,Human genetic; Animal experiment,Human; Animal,obesity,adipose biology; metabolism,True,obesity relevance in title; GPR75 named in title; human genetic evidence; animal evidence; published 2026; recent,https://pubmed.ncbi.nlm.nih.gov/41576172/
GPR75,41722047,GPR75 in glutamatergic neurons regulates body weight.,76.0,Human genetic; Animal experiment,Human; Animal,body weight; obesity; BMI/body mass,No listed mechanism detected,True,obesity relevance in title; GPR75 named in title; human genetic evidence; animal evidence; published 2026; recent,https://pubmed.ncbi.nlm.nih.gov/41722047/
GPR75,42103155,GPR75 genetic manipulations in mice reveal central mechanism for weight loss independent of developmental effects.,76.0,Human genetic; Animal experiment,Human; Animal,body weight; obesity,No listed mechanism detected,True,obesity relevance in title; GPR75 named in title; human genetic evidence; animal evidence; published 2026; recent,https://pubmed.ncbi.nlm.nih.gov/42103155/
GPR75,42759884,Global GPR75 deficiency protects against diet-induced obesity through central and peripheral mechanisms.,72.0,Human genetic; Animal experiment,Human; Animal,obesity,metabolism,True,obesity relevance in title; GPR75 named in title; human genetic evidence; animal evidence; published 2026; recent,https://pubmed.ncbi.nlm.nih.gov/42759884/
GPR75,38695569,GPR75: A Newly Identified Receptor for Targeted Intervention in the Treatment of Obesity and Metabolic Syndrome.,64.0,Not specified,Not specified,obesity,metabolism; insulin resistance,True,obesity relevance in title; GPR75 named in title; published 2026; recent,https://pubmed.ncbi.nlm.nih.gov/38695569/
GPR75,36854900,Gpr75-deficient mice are protected from high-fat diet-induced obesity.,63.5,Human genetic; Animal experiment,Human; Animal,obesity,No listed mechanism detected,True,obesity relevance in title; GPR75 named in title; human genetic evidence; animal evidence; published 2023; recent,https://pubmed.ncbi.nlm.nih.gov/36854900/
HMGA2,35679898,Adipose-derived exosomes block muscular stem cell proliferation in aged mouse by delivering miRNA Let-7d-3p that targets transcription factor HMGA2.,54.0,Human study; Animal experiment; Cellular/in vitro,Human; Animal; Cellular/in vitro,obesity,adipose biology,True,obesity relevance in abstract; HMGA2 named in title; human evidence; animal evidence; cellular/in-vitro evidence; published 2022; recent,https://pubmed.ncbi.nlm.nih.gov/35679898/
HMGA2,23765903,High HMGA2 expression and high body mass index negatively affect the prognosis of patients with ovarian cancer.,44.0,Human study,Human,BMI/body mass,No listed mechanism detected,False,obesity relevance in title; HMGA2 named in title; human evidence; published 2014; older evidence retained,https://pubmed.ncbi.nlm.nih.gov/23765903/
HMGA2,36292658,Identification of Genomic Regions and Candidate Genes Associated with Body Weight and Body Conformation Traits in Karachai Goats.,42.0,Human genetic,Human,body weight,No listed mechanism detected,True,obesity relevance in title; gene and obesity finding reported in the same abstract sentence; human genetic evidence; published 2022; recent,https://pubmed.ncbi.nlm.nih.gov/36292658/
KCTD15,25637721,"Genetic variations in SEC16B, MC4R, MAP2K5 and KCTD15 were associated with childhood obesity and interacted with dietary behaviors in Chinese school-age population.",52.0,Human genetic,Human,obesity,No listed mechanism detected,False,obesity relevance in title; KCTD15 named in title; human genetic evidence; published 2015; older evidence retained,https://pubmed.ncbi.nlm.nih.gov/25637721/
KCTD15,23820787,Association of the FTO obesity risk variant rs8050136 with percentage of energy intake from fat in multiple racial/ethnic populations: the PAGE study.,52.0,Human genetic,Human,obesity; energy balance,No listed mechanism detected,False,obesity relevance in title; gene and obesity finding reported in the same abstract sentence; human genetic evidence; published 2013; older evidence retained,https://pubmed.ncbi.nlm.nih.gov/23820787/
KCTD15,23890480,"Association of obesity susceptibility gene variants with metabolic syndrome and related traits in 1,443 Czech adolescents.",52.0,Human genetic,Human,obesity,metabolism,False,obesity relevance in title; gene and obesity finding reported in the same abstract sentence; human genetic evidence; published 2013; older evidence retained,https://pubmed.ncbi.nlm.nih.gov/23890480/
KCTD15,22553958,Expression of fourteen novel obesity-related genes in Zucker diabetic fatty rats.,52.0,Human genetic; Animal experiment,Human; Animal,obesity,adipose biology,False,obesity relevance in title; gene and obesity finding reported in the same abstract sentence; human genetic evidence; animal evidence; published 2012; older evidence retained,https://pubmed.ncbi.nlm.nih.gov/22553958/
KCTD15,34106484,Association of KCTD15 gene with fat deposition in pigs.,46.0,Human study; Animal experiment,Human; Animal,BMI/body mass,No listed mechanism detected,True,obesity relevance in abstract; KCTD15 named in title; human evidence; animal evidence; published 2022; recent,https://pubmed.ncbi.nlm.nih.gov/34106484/
KCTD15,26495240,Obesity-Related Genetic Variants and their Associations with Physical Activity.,43.0,Human genetic; Review,Human,obesity,No listed mechanism detected,False,obesity relevance in title; gene and obesity finding reported in the same abstract sentence; human genetic evidence; published 2015; older evidence retained,https://pubmed.ncbi.nlm.nih.gov/26495240/
KCTD15,29665387,The essential player in adipogenesis GRP78 is a novel KCTD15 interactor.,40.0,Human study,Human,obesity,adipose biology,False,obesity relevance in abstract; KCTD15 named in title; human evidence; published 2018; older evidence retained,https://pubmed.ncbi.nlm.nih.gov/29665387/
KCTD15,28948079,Influence of,40.0,Human genetic,Human,obesity; food intake,appetite/feeding,False,obesity relevance in abstract; gene and obesity finding reported in the same abstract sentence; human genetic evidence; published 2017; older evidence retained,https://pubmed.ncbi.nlm.nih.gov/28948079/
KCTD15,23349760,Modelling BMI trajectories in children for genetic association studies.,40.0,Human genetic,Human,BMI/body mass; obesity,No listed mechanism detected,False,obesity relevance in title; gene and obesity finding reported in the same abstract sentence; human genetic evidence; published 2013; older evidence retained,https://pubmed.ncbi.nlm.nih.gov/23349760/
KCTD15,38438714,KCTD15 acts as an anti-tumor factor in colorectal cancer cells downstream of the demethylase FTO and the m6A reader YTHDF2.,37.0,Cellular/in vitro,Cellular/in vitro,obesity,No listed mechanism detected,True,obesity relevance in abstract; KCTD15 named in title; cellular/in-vitro evidence; published 2024; recent,https://pubmed.ncbi.nlm.nih.gov/38438714/
KSR2,24209692,"KSR2 mutations are associated with obesity, insulin resistance, and impaired cellular fuel oxidation.",68.0,Human study; Animal experiment; Cellular/in vitro,Human; Animal; Cellular/in vitro,obesity,insulin resistance,False,obesity relevance in title; KSR2 named in title; human evidence; animal evidence; cellular/in-vitro evidence; published 2013; older evidence retained,https://pubmed.ncbi.nlm.nih.gov/24209692/
KSR2,40303835,Obese-diabetic female,66.5,Human study; Animal experiment,Human; Animal,obesity; energy balance,metabolism; insulin resistance,True,obesity relevance in title; gene and obesity finding reported in the same abstract sentence; human evidence; animal evidence; published 2025; recent,https://pubmed.ncbi.nlm.nih.gov/40303835/
KSR2,28180061,Kinase Suppressor of Ras 2 (KSR2) expression in the brain regulates energy balance and glucose homeostasis.,60.0,Human study; Animal experiment,Human; Animal,energy balance; obesity,insulin resistance,False,obesity relevance in title; KSR2 named in title; human evidence; animal evidence; published 2017; older evidence retained,https://pubmed.ncbi.nlm.nih.gov/28180061/
KSR2,19883615,"KSR2 is an essential regulator of AMP kinase, energy expenditure, and insulin sensitivity.",60.0,Animal experiment,Animal,obesity; adiposity,metabolism; insulin resistance,False,obesity relevance in abstract; KSR2 named in title; animal evidence; published 2009; older evidence retained,https://pubmed.ncbi.nlm.nih.gov/19883615/
KSR2,21127480,Profound obesity secondary to hyperphagia in mice lacking kinase suppressor of ras 2.,56.0,Human study; Animal experiment,Human; Animal,obesity; food intake,No listed mechanism detected,False,obesity relevance in title; gene and obesity finding reported in the same abstract sentence; human evidence; animal evidence; published 2011; older evidence retained,https://pubmed.ncbi.nlm.nih.gov/21127480/
KSR2,24997067,Obesity-dependent dysregulation of glucose homeostasis in kinase suppressor of ras 2-/- mice.,52.0,Human study; Animal experiment,Human; Animal,obesity; adiposity,metabolism,False,obesity relevance in title; gene and obesity finding reported in the same abstract sentence; human evidence; animal evidence; published 2014; older evidence retained,https://pubmed.ncbi.nlm.nih.gov/24997067/
KSR2,26507551,Genome-wide association study identifies African-ancestry specific variants for metabolic syndrome.,44.0,Human genetic,Human,obesity,metabolism; insulin resistance,False,obesity relevance in abstract; gene and obesity finding reported in the same abstract sentence; human genetic evidence; published 2015; older evidence retained,https://pubmed.ncbi.nlm.nih.gov/26507551/
KSR2,22801368,Kinase suppressor of Ras 2 (KSR2) regulates tumor cell transformation via AMPK.,44.0,Animal experiment; Cellular/in vitro,Animal; Cellular/in vitro,obesity,metabolism,False,obesity relevance in abstract; KSR2 named in title; animal evidence; cellular/in-vitro evidence; published 2012; older evidence retained,https://pubmed.ncbi.nlm.nih.gov/22801368/
KSR2,24736852,"Discovery of an obesity susceptibility gene, KSR2, provides new insight into energy homeostasis pathways.",36.0,Not specified,Not specified,obesity,No listed mechanism detected,False,obesity relevance in title; KSR2 named in title; published 2014; older evidence retained,https://pubmed.ncbi.nlm.nih.gov/24736852/
KSR2,39202327,Identification of,33.0,Human genetic,Human,obesity,No listed mechanism detected,True,obesity relevance in abstract; gene and obesity finding reported in the same abstract sentence; human genetic evidence; published 2024; recent,https://pubmed.ncbi.nlm.nih.gov/39202327/
LEP,21296922,Reduced appetite and body mass index with delayed puberty in a mother and son: association with a rare novel sequence variant in the leptin gene.,76.0,Human genetic; Animal experiment,Human; Animal,BMI/body mass; food intake; obesity,appetite/feeding,False,obesity relevance in title; gene and obesity finding reported in the same abstract sentence; human genetic evidence; animal evidence; published 2011; older evidence retained,https://pubmed.ncbi.nlm.nih.gov/21296922/
LEP,10802666,Dopamine is required for hyperphagia in Lep(ob/ob) mice.,64.0,Animal experiment,Animal,food intake; obesity,metabolism; appetite/feeding,False,obesity relevance in title; LEP named in title; animal evidence; published 2000; older evidence retained,https://pubmed.ncbi.nlm.nih.gov/10802666/
LEP,11533494,Reversal of obesity- and diet-induced insulin resistance with salicylates or targeted disruption of Ikkbeta.,60.0,Animal experiment,Animal,obesity; food intake,insulin resistance; appetite/feeding,False,obesity relevance in title; gene and obesity finding reported in the same abstract sentence; animal evidence; published 2001; older evidence retained,https://pubmed.ncbi.nlm.nih.gov/11533494/
LEP,41451896,Targeted Next-Generation Sequencing of the Leptin-Melanocortin Pathway in Severe Obesity.,56.0,Human genetic,Human,obesity; BMI/body mass,No listed mechanism detected,True,obesity relevance in title; gene and obesity finding reported in the same abstract sentence; human genetic evidence; published 2026; recent,https://pubmed.ncbi.nlm.nih.gov/41451896/
LEP,31871931,Prediction and Structural Comparison of Deleterious Coding Nonsynonymous Single Nucleotide Polymorphisms (nsSNPs) in Human LEP Gene Associated with Obesity.,56.0,Human genetic,Human,obesity,adipose biology,False,obesity relevance in title; LEP named in title; human genetic evidence; published 2019; older evidence retained,https://pubmed.ncbi.nlm.nih.gov/31871931/
LEP,35334523,-2548G>A LEP Polymorphism Is Positively Associated with Increased Leptin and Glucose Levels in Obese Saudi Patients Irrespective of Blood Pressure Status.,54.0,Human genetic,Human,obesity,No listed mechanism detected,True,obesity relevance in title; LEP named in title; human genetic evidence; published 2022; recent,https://pubmed.ncbi.nlm.nih.gov/35334523/
LEP,37840222,Leptin Rs7799039 polymorphism is associated with type 2 diabetes mellitus Egyptian patients.,49.0,Human genetic,Human,obesity; food intake,metabolism; appetite/feeding,True,obesity relevance in abstract; gene and obesity finding reported in the same abstract sentence; human genetic evidence; published 2024; recent,https://pubmed.ncbi.nlm.nih.gov/37840222/
LEP,32505845,Common polymorphisms in MC4R and FTO genes are associated with BMI and metabolic indicators in Mexican children: Differences by sex and genetic ancestry.,48.0,Human genetic,Human,BMI/body mass; obesity,metabolism,False,obesity relevance in title; gene and obesity finding reported in the same abstract sentence; human genetic evidence; published 2020; older evidence retained,https://pubmed.ncbi.nlm.nih.gov/32505845/
LEP,25304226,Polymorphisms of the leptin and HTR2C genes and clozapine-induced weight change and baseline BMI in patients with chronic schizophrenia.,48.0,Human genetic,Human,BMI/body mass; body weight,No listed mechanism detected,False,obesity relevance in title; gene and obesity finding reported in the same abstract sentence; human genetic evidence; published 2014; older evidence retained,https://pubmed.ncbi.nlm.nih.gov/25304226/
LEP,32521713,α-Linolenic Acid-Enriched Cold-Pressed Perilla Oil Suppress High-Fat Diet-Induced Hepatic Steatosis through Amelioration of the ER Stress-Mediated Autophagy.,44.0,Animal experiment,Animal,obesity; body weight,lipid metabolism,False,obesity relevance in abstract; gene and obesity finding reported in the same abstract sentence; animal evidence; published 2020; older evidence retained,https://pubmed.ncbi.nlm.nih.gov/32521713/
LEPR,42768086,"ADRB3, LEPR, FTO and PPARG variants contribute to obesity-related metabolic syndrome in Brazilian adults: a polygenic risk score approach.",72.0,Human genetic,Human,obesity,metabolism,True,obesity relevance in title; LEPR named in title; human genetic evidence; published 2026; recent,https://pubmed.ncbi.nlm.nih.gov/42768086/
LEPR,33833309,Ileal transposition helps to regulate plasma hepatokine levels in obese Zucker (Crl:ZUC(ORL)-Lepr,64.5,Animal experiment,Animal,obesity; body weight,metabolism; lipid metabolism,True,obesity relevance in title; LEPR named in title; animal evidence; published 2021; recent,https://pubmed.ncbi.nlm.nih.gov/33833309/
LEPR,39549719,"Setmelanotide in patients aged 2-5 years with rare MC4R pathway-associated obesity (VENTURE): a 1 year, open-label, multicenter, phase 3 trial.",58.5,Human genetic,Human,obesity; BMI/body mass; food intake,No listed mechanism detected,True,obesity relevance in title; gene and obesity finding reported in the same abstract sentence; human genetic evidence; published 2025; recent,https://pubmed.ncbi.nlm.nih.gov/39549719/
LEPR,41929005,Molecularly defined subpopulations of leptin receptor neurons dissociate the control of food intake from blood pressure.,56.0,Cellular/in vitro,Cellular/in vitro,food intake; obesity; body weight,appetite/feeding,True,obesity relevance in title; gene and obesity finding reported in the same abstract sentence; cellular/in-vitro evidence; published 2026; recent,https://pubmed.ncbi.nlm.nih.gov/41929005/
LEPR,27207656,Obesity promotes PhIP-induced small intestinal carcinogenesis in hCYP1A-db/db mice: involvement of mutations and DNA hypermethylation of Apc.,56.0,Human study; Animal experiment,Human; Animal,obesity; food intake,appetite/feeding,False,obesity relevance in title; gene and obesity finding reported in the same abstract sentence; human evidence; animal evidence; published 2016; older evidence retained,https://pubmed.ncbi.nlm.nih.gov/27207656/
LEPR,22647716,"Homozygous deletion of an 80 kb region comprising part of DNAJC6 and LEPR genes on chromosome 1P31.3 is associated with early onset obesity, mental retardation and epilepsy.",56.0,Human study; Animal experiment,Human; Animal,obesity,No listed mechanism detected,False,obesity relevance in title; LEPR named in title; human evidence; animal evidence; published 2012; older evidence retained,https://pubmed.ncbi.nlm.nih.gov/22647716/
LEPR,24319309,Investigation of associations between obesity and LEP G2548A and LEPR 668A/G polymorphisms in a Turkish population.,52.0,Human genetic,Human,obesity,No listed mechanism detected,False,obesity relevance in title; LEPR named in title; human genetic evidence; published 2013; older evidence retained,https://pubmed.ncbi.nlm.nih.gov/24319309/
LEPR,21512510,The effect of ponderal index at birth on the relationships between common LEP and LEPR polymorphisms and adiposity in adolescents.,52.0,Human genetic,Human,adiposity,No listed mechanism detected,False,obesity relevance in title; LEPR named in title; human genetic evidence; published 2011; older evidence retained,https://pubmed.ncbi.nlm.nih.gov/21512510/
LEPR,12951635,A novel leptin receptor variant with a conservative amino acid substitution (I359 V) in body weight selected and unselected mouse lines.,52.0,Human genetic; Animal experiment,Human; Animal,body weight; obesity,No listed mechanism detected,False,obesity relevance in title; gene and obesity finding reported in the same abstract sentence; human genetic evidence; animal evidence; published 2003; older evidence retained,https://pubmed.ncbi.nlm.nih.gov/12951635/
LEPR,37085056,Tea polyphenol EGCG ameliorates obesity-related complications by regulating lipidomic pathway in leptin receptor knockout rats.,51.5,Animal experiment,Animal,obesity,lipid metabolism,True,obesity relevance in title; gene and obesity finding reported in the same abstract sentence; animal evidence; published 2023; recent,https://pubmed.ncbi.nlm.nih.gov/37085056/
LINGO2,25711307,Association of the LINGO2-related SNP rs10968576 with body mass in a cohort of elderly Swedes.,60.0,Human genetic,Human,BMI/body mass; adiposity,No listed mechanism detected,False,obesity relevance in title; LINGO2 named in title; human genetic evidence; published 2015; older evidence retained,https://pubmed.ncbi.nlm.nih.gov/25711307/
LINGO2,30426492,A genetic variant in LINGO2 contributes to the risk of gestational diabetes mellitus in a Chinese population.,48.0,Human genetic,Human,obesity; BMI/body mass,No listed mechanism detected,False,obesity relevance in abstract; LINGO2 named in title; human genetic evidence; published 2019; older evidence retained,https://pubmed.ncbi.nlm.nih.gov/30426492/
MAP2K5,22594783,The MAP2K5-linked SNP rs2241423 is associated with BMI and obesity in two cohorts of Swedish and Greek children.,72.0,Human genetic,Human,obesity; BMI/body mass,No listed mechanism detected,False,obesity relevance in title; MAP2K5 named in title; human genetic evidence; published 2012; older evidence retained,https://pubmed.ncbi.nlm.nih.gov/22594783/
MAP2K5,42779987,Folic acid polyglutamylation triggers MAP2K5 signaling to induce adipocyte lipid catabolism.,68.0,Human study; Animal experiment,Human; Animal,obesity,adipose biology; lipid metabolism; metabolism,True,obesity relevance in abstract; MAP2K5 named in title; human evidence; animal evidence; published 2026; recent,https://pubmed.ncbi.nlm.nih.gov/42779987/
MAP2K5,25637721,"Genetic variations in SEC16B, MC4R, MAP2K5 and KCTD15 were associated with childhood obesity and interacted with dietary behaviors in Chinese school-age population.",52.0,Human genetic,Human,obesity,No listed mechanism detected,False,obesity relevance in title; MAP2K5 named in title; human genetic evidence; published 2015; older evidence retained,https://pubmed.ncbi.nlm.nih.gov/25637721/
MAP2K5,35368675,Fine Mapping of the,38.0,Human genetic,Human,obesity; BMI/body mass,No listed mechanism detected,True,obesity relevance in abstract; gene and obesity finding reported in the same abstract sentence; human genetic evidence; published 2022; recent,https://pubmed.ncbi.nlm.nih.gov/35368675/
MC3R,37716291,"Influence of polymorphisms in IRS1, IRS2, MC3R, and MC4R on metabolic and inflammatory status and food intake in Brazilian adults: An exploratory pilot study.",87.5,Human genetic,Human,food intake; obesity,metabolism; appetite/feeding,True,obesity relevance in title; MC3R named in title; human genetic evidence; published 2023; recent,https://pubmed.ncbi.nlm.nih.gov/37716291/
MC3R,30541071,"Lateral Hypothalamic Mc3R-Expressing Neurons Modulate Locomotor Activity, Energy Expenditure, and Adiposity in Male Mice.",86.0,Animal experiment,Animal,adiposity; BMI/body mass; energy balance; food intake,metabolism; appetite/feeding,False,obesity relevance in title; MC3R named in title; animal evidence; published 2019; older evidence retained,https://pubmed.ncbi.nlm.nih.gov/30541071/
MC3R,40247435,Hepatic MC3R is a regulator of lipid droplet autophagy and liver steatosis.,72.0,Animal experiment,Animal,obesity; food intake,lipid metabolism; metabolism; appetite/feeding,True,obesity relevance in abstract; MC3R named in title; animal evidence; published 2026; recent,https://pubmed.ncbi.nlm.nih.gov/40247435/
MC3R,40001512,Pro-Opiomelanocortin and Melanocortin Receptor 3 and 4 Mutations in Genetic Obesity.,70.5,Human genetic,Not specified,obesity; body weight; food intake,metabolism; appetite/feeding,True,obesity relevance in title; gene and obesity finding reported in the same abstract sentence; human genetic evidence; published 2025; recent,https://pubmed.ncbi.nlm.nih.gov/40001512/
MC3R,42074523,The Necessity of POMC and MC3R Analysis in the First-Level Diagnosis of Monogenic Obesity: The Experience of Two Italian Centers.,56.0,Human study,Human,obesity; BMI/body mass,No listed mechanism detected,True,obesity relevance in title; MC3R named in title; human evidence; published 2026; recent,https://pubmed.ncbi.nlm.nih.gov/42074523/
MC3R,39956805,Melanocortin 3 receptor regulates hepatic autophagy and systemic adiposity.,54.5,Human genetic; Animal experiment,Human; Animal,adiposity; obesity,No listed mechanism detected,True,obesity relevance in title; gene and obesity finding reported in the same abstract sentence; human genetic evidence; animal evidence; published 2025; recent,https://pubmed.ncbi.nlm.nih.gov/39956805/
MC3R,41386534,Cross-species studies implicate the melanocortin 3 receptor more strongly in the control of pubertal development than energy balance.,52.0,Human genetic,Human,energy balance; obesity; BMI/body mass,No listed mechanism detected,True,obesity relevance in title; gene and obesity finding reported in the same abstract sentence; human genetic evidence; published 2026; recent,https://pubmed.ncbi.nlm.nih.gov/41386534/
MC3R,24487982,Leptin in association with common variants of MC3R mediates hypertension.,48.0,Human genetic,Human,obesity; BMI/body mass,No listed mechanism detected,False,obesity relevance in abstract; MC3R named in title; human genetic evidence; published 2014; older evidence retained,https://pubmed.ncbi.nlm.nih.gov/24487982/
MC3R,38322156,"Cloning, distribution, and effects of growth regulation of MC3R and MC4R in red crucian carp (",43.5,Not specified,Not specified,food intake,metabolism; lipid metabolism; appetite/feeding,True,obesity relevance in abstract; MC3R named in title; published 2023; recent,https://pubmed.ncbi.nlm.nih.gov/38322156/
MC3R,40055984,MC3R signalling in the medial hypothalamus: new insights on energy rheostasis and implications for obesity therapies.,42.5,Not specified,Not specified,obesity,No listed mechanism detected,True,obesity relevance in title; MC3R named in title; published 2025; recent,https://pubmed.ncbi.nlm.nih.gov/40055984/
MC4R,38175730,A human obesity-associated MC4R mutation with defective Gq/11α signaling leads to hyperphagia in mice.,81.0,Human study; Animal experiment,Human; Animal,obesity; food intake,No listed mechanism detected,True,obesity relevance in title; MC4R named in title; human evidence; animal evidence; published 2024; recent,https://pubmed.ncbi.nlm.nih.gov/38175730/
MC4R,24518831,Controversial association results for INSIG2 on body mass index may be explained by interactions with age and with MC4R.,76.0,Human genetic,Human,BMI/body mass; obesity; food intake,adipose biology; appetite/feeding,False,obesity relevance in title; MC4R named in title; human genetic evidence; published 2014; older evidence retained,https://pubmed.ncbi.nlm.nih.gov/24518831/
MC4R,40858971,Tirzepatide leads to weight reduction in people with obesity due to MC4R deficiency.,74.5,Human genetic; Animal experiment,Human; Animal,obesity; BMI/body mass,No listed mechanism detected,True,obesity relevance in title; MC4R named in title; human genetic evidence; animal evidence; published 2025; recent,https://pubmed.ncbi.nlm.nih.gov/40858971/
MC4R,21311511,High allelic burden of four obesity SNPs is associated with poorer weight loss outcomes following gastric bypass surgery.,68.0,Human genetic,Human,obesity; body weight; BMI/body mass,No listed mechanism detected,False,obesity relevance in title; gene and obesity finding reported in the same abstract sentence; human genetic evidence; published 2011; older evidence retained,https://pubmed.ncbi.nlm.nih.gov/21311511/
MC4R,41758604,Functional characterisation of obesity-associated MRAP2 variants on MC4R and GHSR signalling.,64.0,Human genetic; Cellular/in vitro,Human; Cellular/in vitro,obesity,No listed mechanism detected,True,obesity relevance in title; MC4R named in title; human genetic evidence; cellular/in-vitro evidence; published 2026; recent,https://pubmed.ncbi.nlm.nih.gov/41758604/
MC4R,18697794,"The common obesity variant near MC4R gene is associated with higher intakes of total energy and dietary fat, weight change and diabetes risk in women.",64.0,Human genetic,Human,obesity; BMI/body mass,insulin resistance,False,obesity relevance in title; MC4R named in title; human genetic evidence; published 2008; older evidence retained,https://pubmed.ncbi.nlm.nih.gov/18697794/
MC4R,32019489,Dietary quality indices modifies the effects of melanocortin-4 receptor (MC4R) rs17782313 polymorphism on cardio-metabolic risk factors and hypothalamic hormones in obese adults.,60.0,Human genetic,Human,obesity,metabolism,False,obesity relevance in title; MC4R named in title; human genetic evidence; published 2020; older evidence retained,https://pubmed.ncbi.nlm.nih.gov/32019489/
MC4R,32505845,Common polymorphisms in MC4R and FTO genes are associated with BMI and metabolic indicators in Mexican children: Differences by sex and genetic ancestry.,60.0,Human genetic,Human,BMI/body mass; obesity,metabolism,False,obesity relevance in title; MC4R named in title; human genetic evidence; published 2020; older evidence retained,https://pubmed.ncbi.nlm.nih.gov/32505845/
MC4R,32758123,Melanocortin-4 receptor (MC4R) rs17782313 polymorphism interacts with Dietary Approach to Stop Hypertension (DASH) and Mediterranean Dietary Score (MDS) to affect hypothalamic hormones and cardio-metabolic risk factors among obese individuals.,60.0,Human genetic,Human,obesity,metabolism,False,obesity relevance in title; MC4R named in title; human genetic evidence; published 2020; older evidence retained,https://pubmed.ncbi.nlm.nih.gov/32758123/
MC4R,32109250,"Lack of an association between clinical INSTI-related body weight gain and direct interference with MC4 receptor (MC4R), a key central regulator of body weight.",56.0,Human study,Human,body weight; obesity,No listed mechanism detected,False,obesity relevance in title; MC4R named in title; human evidence; published 2020; older evidence retained,https://pubmed.ncbi.nlm.nih.gov/32109250/
MCM6,38035352,"Genetic variant panel allows predicting both obesity risk, and efficacy of procedures and diet in weight loss.",55.5,Human genetic,Human,obesity; body weight,No listed mechanism detected,True,obesity relevance in title; gene and obesity finding reported in the same abstract sentence; human genetic evidence; published 2023; recent,https://pubmed.ncbi.nlm.nih.gov/38035352/
MCM6,28285768,Dynamic Role of trans Regulation of Gene Expression in Relation to Complex Traits.,28.0,Human genetic,Human,BMI/body mass,No listed mechanism detected,False,obesity relevance in abstract; gene and obesity finding reported in the same abstract sentence; human genetic evidence; published 2017; older evidence retained,https://pubmed.ncbi.nlm.nih.gov/28285768/
MRAP2,32578125,"Study of LEP, MRAP2 and POMC genes as potential causes of severe obesity in Brazilian patients.",68.5,Human genetic,Human,obesity; food intake,metabolism; appetite/feeding,True,obesity relevance in title; MRAP2 named in title; human genetic evidence; published 2021; recent,https://pubmed.ncbi.nlm.nih.gov/32578125/
MRAP2,41758604,Functional characterisation of obesity-associated MRAP2 variants on MC4R and GHSR signalling.,64.0,Human genetic; Cellular/in vitro,Human; Cellular/in vitro,obesity,No listed mechanism detected,True,obesity relevance in title; MRAP2 named in title; human genetic evidence; cellular/in-vitro evidence; published 2026; recent,https://pubmed.ncbi.nlm.nih.gov/41758604/
MRAP2,39807633,Obesity-associated MRAP2 variants impair multiple MC4R-mediated signaling pathways.,62.5,Human genetic; Cellular/in vitro,Human; Cellular/in vitro,obesity,No listed mechanism detected,True,obesity relevance in title; MRAP2 named in title; human genetic evidence; cellular/in-vitro evidence; published 2025; recent,https://pubmed.ncbi.nlm.nih.gov/39807633/
MRAP2,41040264,MRAP2 potentiates GPCR signaling by conserved mechanisms that are disrupted by obesity-associated genetic variants.,62.5,Human genetic,Human,obesity,metabolism,True,obesity relevance in title; MRAP2 named in title; human genetic evidence; published 2025; recent,https://pubmed.ncbi.nlm.nih.gov/41040264/
MRAP2,41722048,MRAP2 potentiates GPCR signaling by conserved mechanisms that are disrupted by obesity-associated genetic variants.,60.0,Human genetic,Human,obesity,No listed mechanism detected,True,obesity relevance in title; MRAP2 named in title; human genetic evidence; published 2026; recent,https://pubmed.ncbi.nlm.nih.gov/41722048/
MRAP2,31700171,Loss-of-function mutations in MRAP2 are pathogenic in hyperphagic obesity with hyperglycemia and hypertension.,60.0,Human genetic,Human,obesity; adiposity,No listed mechanism detected,False,obesity relevance in title; MRAP2 named in title; human genetic evidence; published 2019; older evidence retained,https://pubmed.ncbi.nlm.nih.gov/31700171/
MRAP2,36692018,MRAP2 regulates energy homeostasis by promoting primary cilia localization of MC4R.,59.5,Human study,Human,obesity; body weight; food intake,appetite/feeding,True,obesity relevance in abstract; MRAP2 named in title; human evidence; published 2023; recent,https://pubmed.ncbi.nlm.nih.gov/36692018/
MRAP2,32738077,The Asp298Asn polymorphism of melanocortin-4 receptor (MC4R) in pigs: evidence for its potential effects on MC4R constitutive activity and cell surface expression.,56.0,Human genetic; Animal experiment; Cellular/in vitro,Human; Animal; Cellular/in vitro,obesity; body weight; energy balance,No listed mechanism detected,False,obesity relevance in abstract; gene and obesity finding reported in the same abstract sentence; human genetic evidence; animal evidence; cellular/in-vitro evidence; published 2020; older evidence retained,https://pubmed.ncbi.nlm.nih.gov/32738077/
MRAP2,37888144,A novel pathogenic variant in MRAP2 in an obese patient with successful outcome of bariatric surgery.,55.5,Human genetic,Human,obesity; BMI/body mass,No listed mechanism detected,True,obesity relevance in title; MRAP2 named in title; human genetic evidence; published 2023; recent,https://pubmed.ncbi.nlm.nih.gov/37888144/
MRAP2,40244925,Loss of melanocortin receptor accessory protein 2 in melanocortin-4 receptor neurons protect from obesity-associated autonomic and cardiovascular dysfunctions.,50.5,Not specified,Not specified,obesity; food intake,metabolism; insulin resistance,True,obesity relevance in title; gene and obesity finding reported in the same abstract sentence; published 2025; recent,https://pubmed.ncbi.nlm.nih.gov/40244925/
NEGR1,23229156,Functional relevance of genes implicated by obesity genome-wide association study signals for human adipocyte biology.,60.0,Human genetic; Cellular/in vitro,Human; Cellular/in vitro,obesity,adipose biology; metabolism,False,obesity relevance in title; gene and obesity finding reported in the same abstract sentence; human genetic evidence; cellular/in-vitro evidence; published 2013; older evidence retained,https://pubmed.ncbi.nlm.nih.gov/23229156/
NEGR1,23300277,The influence of obesity-related single nucleotide polymorphisms on BMI across the life course: the PAGE study.,60.0,Human genetic,Human,obesity; BMI/body mass,No listed mechanism detected,False,obesity relevance in title; gene and obesity finding reported in the same abstract sentence; human genetic evidence; published 2013; older evidence retained,https://pubmed.ncbi.nlm.nih.gov/23300277/
NEGR1,35526561,Neuronal growth regulator 1 promotes adipocyte lipid trafficking via interaction with CD36.,58.0,Human study; Animal experiment,Human; Animal,obesity,adipose biology; lipid metabolism,True,obesity relevance in abstract; gene and obesity finding reported in the same abstract sentence; human evidence; animal evidence; published 2022; recent,https://pubmed.ncbi.nlm.nih.gov/35526561/
NEGR1,39034913,"The Association between Obesity Susceptibility and Polymorphisms of MC4R, SH2B1, and NEGR1 in Tibetans.",57.0,Human genetic,Human,obesity,No listed mechanism detected,True,obesity relevance in title; NEGR1 named in title; human genetic evidence; published 2024; recent,https://pubmed.ncbi.nlm.nih.gov/39034913/
NEGR1,31510847,Placental NEGR1 DNA methylation is associated with BMI and neurodevelopment in preschool-age children.,52.0,Not specified,Not specified,BMI/body mass; obesity,metabolism,False,obesity relevance in title; NEGR1 named in title; published 2020; older evidence retained,https://pubmed.ncbi.nlm.nih.gov/31510847/
NEGR1,25072390,Obesity gene NEGR1 associated with white matter integrity in healthy young adults.,52.0,Human genetic,Human,obesity,No listed mechanism detected,False,obesity relevance in title; NEGR1 named in title; human genetic evidence; published 2014; older evidence retained,https://pubmed.ncbi.nlm.nih.gov/25072390/
NEGR1,23820787,Association of the FTO obesity risk variant rs8050136 with percentage of energy intake from fat in multiple racial/ethnic populations: the PAGE study.,52.0,Human genetic,Human,obesity; energy balance,No listed mechanism detected,False,obesity relevance in title; gene and obesity finding reported in the same abstract sentence; human genetic evidence; published 2013; older evidence retained,https://pubmed.ncbi.nlm.nih.gov/23820787/
NEGR1,27940359,"The new obesity-associated protein, neuronal growth regulator 1 (NEGR1), is implicated in Niemann-Pick disease Type C (NPC2)-mediated cholesterol trafficking.",48.0,Human study,Human,obesity,No listed mechanism detected,False,obesity relevance in title; NEGR1 named in title; human evidence; published 2017; older evidence retained,https://pubmed.ncbi.nlm.nih.gov/27940359/
NEGR1,23375129,"Analysis of the contribution of FTO, NPC1, ENPP1, NEGR1, GNPDA2 and MC4R genes to obesity in Mexican children.",48.0,Human genetic,Human,obesity,metabolism,False,obesity relevance in title; NEGR1 named in title; human genetic evidence; published 2013; older evidence retained,https://pubmed.ncbi.nlm.nih.gov/23375129/
NEGR1,26495240,Obesity-Related Genetic Variants and their Associations with Physical Activity.,43.0,Human genetic; Review,Human,obesity,No listed mechanism detected,False,obesity relevance in title; gene and obesity finding reported in the same abstract sentence; human genetic evidence; published 2015; older evidence retained,https://pubmed.ncbi.nlm.nih.gov/26495240/
NPC1,29479887,"Niemann-Pick Disease, Type C1 Gene Expression in PBMCs is Associated with Interleukin 10 Serum Concentration: a Case-Control Study.",24.0,Human study; Cellular/in vitro,Human; Cellular/in vitro,BMI/body mass,No listed mechanism detected,False,obesity relevance in abstract; gene and obesity finding reported in the same abstract sentence; human evidence; cellular/in-vitro evidence; published 2018; older evidence retained,https://pubmed.ncbi.nlm.nih.gov/29479887/
NPC1,33256498,Gene Therapy in a Mouse Model of Niemann-Pick Disease Type C1.,20.5,Animal experiment,Animal,body weight,No listed mechanism detected,True,obesity relevance in abstract; gene and obesity finding reported in the same abstract sentence; animal evidence; published 2021; recent,https://pubmed.ncbi.nlm.nih.gov/33256498/
NRXN3,21674055,"Implications of central obesity-related variants in LYPLAL1, NRXN3, MSRA, and TFAP2B on quantitative metabolic traits in adult Danes.",64.0,Human genetic,Human,obesity,metabolism,False,obesity relevance in title; NRXN3 named in title; human genetic evidence; published 2011; older evidence retained,https://pubmed.ncbi.nlm.nih.gov/21674055/
NRXN3,22391885,"Variations in the obesity genes FTO, TMEM18 and NRXN3 influence the vulnerability of children to weight gain induced by short sleep duration.",60.0,Not specified,Not specified,obesity; body weight,No listed mechanism detected,False,obesity relevance in title; NRXN3 named in title; published 2013; older evidence retained,https://pubmed.ncbi.nlm.nih.gov/22391885/
NRXN3,39090731,Neurexin-3 in the paraventricular nucleus of the hypothalamus regulates body weight and glucose homeostasis independently of food intake.,57.0,Not specified,Not specified,body weight; food intake; obesity,appetite/feeding; metabolism,True,obesity relevance in title; gene and obesity finding reported in the same abstract sentence; published 2024; recent,https://pubmed.ncbi.nlm.nih.gov/39090731/
NRXN3,19557197,NRXN3 is a novel locus for waist circumference: a genome-wide association study from the CHARGE Consortium.,56.0,Human genetic; Animal experiment,Human; Animal,obesity; BMI/body mass,No listed mechanism detected,False,obesity relevance in abstract; NRXN3 named in title; human genetic evidence; animal evidence; published 2009; older evidence retained,https://pubmed.ncbi.nlm.nih.gov/19557197/
NRXN3,24670271,"Association study of common polymorphisms in MSRA, TFAP2B, MC4R, NRXN3, PPARGC1A, TMEM18, SEC16B, HOXB5 and OLFM4 genes with obesity-related traits among Portuguese children.",52.0,Human genetic,Human,obesity,No listed mechanism detected,False,obesity relevance in title; NRXN3 named in title; human genetic evidence; published 2014; older evidence retained,https://pubmed.ncbi.nlm.nih.gov/24670271/
NRXN3,22553958,Expression of fourteen novel obesity-related genes in Zucker diabetic fatty rats.,52.0,Human genetic; Animal experiment,Human; Animal,obesity,adipose biology,False,obesity relevance in title; gene and obesity finding reported in the same abstract sentence; human genetic evidence; animal evidence; published 2012; older evidence retained,https://pubmed.ncbi.nlm.nih.gov/22553958/
NRXN3,23408508,Obesity-susceptibility loci and the tails of the pediatric BMI distribution.,48.0,Not specified,Not specified,obesity; BMI/body mass,No listed mechanism detected,False,obesity relevance in title; gene and obesity finding reported in the same abstract sentence; published 2013; older evidence retained,https://pubmed.ncbi.nlm.nih.gov/23408508/
NRXN3,23306218,Association study of NRXN3 polymorphisms with schizophrenia and risperidone-induced bodyweight gain in Chinese Han population.,40.0,Human genetic,Human,obesity,No listed mechanism detected,False,obesity relevance in abstract; NRXN3 named in title; human genetic evidence; published 2013; older evidence retained,https://pubmed.ncbi.nlm.nih.gov/23306218/
NRXN3,23349760,Modelling BMI trajectories in children for genetic association studies.,40.0,Human genetic,Human,BMI/body mass; obesity,No listed mechanism detected,False,obesity relevance in title; gene and obesity finding reported in the same abstract sentence; human genetic evidence; published 2013; older evidence retained,https://pubmed.ncbi.nlm.nih.gov/23349760/
NRXN3,21688152,"Influence of genomic variation in FTO at 16q12.2, MC4R at 18q22 and NRXN3 at 14q31 genes on breast cancer risk.",28.0,Not specified,Not specified,obesity,No listed mechanism detected,False,obesity relevance in abstract; NRXN3 named in title; published 2012; older evidence retained,https://pubmed.ncbi.nlm.nih.gov/21688152/
PCSK1,31974728,A novel mutation in the mouse Pcsk1 gene showing obesity and diabetes.,60.0,Human study; Animal experiment,Human; Animal,obesity; food intake,No listed mechanism detected,False,obesity relevance in title; PCSK1 named in title; human evidence; animal evidence; published 2020; older evidence retained,https://pubmed.ncbi.nlm.nih.gov/31974728/
PCSK1,25861816,"Re: ""The Association of Common Variants in PCSK1 With Obesity: A HuGE Review and Meta-Analysis"".",55.0,Human genetic; Review,Human,obesity,No listed mechanism detected,False,obesity relevance in title; PCSK1 named in title; human genetic evidence; published 2015; older evidence retained,https://pubmed.ncbi.nlm.nih.gov/25861816/
PCSK1,35442499,Prader-Willi Syndrome and PCSK1 mutation: a novel presentation of combined syndromic and monogenic obesity.,54.0,Animal experiment,Animal,obesity; food intake,metabolism,True,obesity relevance in title; PCSK1 named in title; animal evidence; published 2022; recent,https://pubmed.ncbi.nlm.nih.gov/35442499/
PCSK1,41768936,Rare Presentation of Heterozygous PCSK1 Deficiency in an Adolescent Male.,52.0,Animal experiment,Animal,obesity; BMI/body mass,No listed mechanism detected,True,obesity relevance in abstract; PCSK1 named in title; animal evidence; published 2026; recent,https://pubmed.ncbi.nlm.nih.gov/41768936/
PCSK1,28377240,"Next-generation sequencing of the monogenic obesity genes LEP, LEPR, MC4R, PCSK1 and POMC in a Norwegian cohort of patients with morbid obesity and normal weight controls.",52.0,Human genetic,Human,obesity,No listed mechanism detected,False,obesity relevance in title; PCSK1 named in title; human genetic evidence; published 2017; older evidence retained,https://pubmed.ncbi.nlm.nih.gov/28377240/
PCSK1,25189249,"Polymorphisms in FTO, TMEM18 and PCSK1 are associated with BMI in southern Chinese population.",52.0,Human genetic,Human,BMI/body mass,No listed mechanism detected,False,obesity relevance in title; PCSK1 named in title; human genetic evidence; published 2014; older evidence retained,https://pubmed.ncbi.nlm.nih.gov/25189249/
PCSK1,40281302,The Interplay of UCP3 and PCSK1 Variants in Severe Obesity.,50.5,Human genetic,Human,obesity,No listed mechanism detected,True,obesity relevance in title; PCSK1 named in title; human genetic evidence; published 2025; recent,https://pubmed.ncbi.nlm.nih.gov/40281302/
PCSK1,31504391,"Reduced Stability and pH-Dependent Activity of a Common Obesity-Linked PCSK1 Polymorphism, N221D.",44.0,Human genetic,Human,obesity,No listed mechanism detected,False,obesity relevance in title; PCSK1 named in title; human genetic evidence; published 2019; older evidence retained,https://pubmed.ncbi.nlm.nih.gov/31504391/
PCSK1,35131375,Common variants in genes involved in islet amyloid polypeptide (IAPP) processing and the degradation pathway are associated with T2DM risk: A Chinese population study.,38.0,Human genetic,Human,BMI/body mass,metabolism; insulin resistance,True,obesity relevance in abstract; gene and obesity finding reported in the same abstract sentence; human genetic evidence; published 2022; recent,https://pubmed.ncbi.nlm.nih.gov/35131375/
PCSK1,40836563,Development of Dysplastic Nevi in a Child with LEPR Deficiency Treated with Setmelanotide.,34.5,Human study; Animal experiment,Human; Animal,obesity,No listed mechanism detected,True,obesity relevance in abstract; gene and obesity finding reported in the same abstract sentence; human evidence; animal evidence; published 2025; recent,https://pubmed.ncbi.nlm.nih.gov/40836563/
PDE3B,30307157,Hypothalamic PDE3B deficiency alters body weight and glucose homeostasis in mouse.,60.0,Animal experiment,Animal,body weight; food intake,appetite/feeding,False,obesity relevance in title; PDE3B named in title; animal evidence; published 2018; older evidence retained,https://pubmed.ncbi.nlm.nih.gov/30307157/
PDE3B,11415857,"Adipocyte-specific reduction of phosphodiesterase 3B gene expression and its restoration by JTT-501 in the obese, diabetic KKAy mouse.",44.0,Animal experiment,Animal,obesity,adipose biology,False,obesity relevance in title; gene and obesity finding reported in the same abstract sentence; animal evidence; published 2001; older evidence retained,https://pubmed.ncbi.nlm.nih.gov/11415857/
PDE3B,29768196,Loss of ABHD15 Impairs the Anti-lipolytic Action of Insulin by Altering PDE3B Stability and Contributes to Insulin Resistance.,40.0,Not specified,Not specified,obesity,insulin resistance; adipose biology; metabolism; lipid metabolism,False,obesity relevance in abstract; PDE3B named in title; published 2018; older evidence retained,https://pubmed.ncbi.nlm.nih.gov/29768196/
PDE3B,22001403,From PDE3B to the regulation of energy homeostasis.,36.0,Animal experiment,Animal,obesity,No listed mechanism detected,False,obesity relevance in abstract; PDE3B named in title; animal evidence; published 2011; older evidence retained,https://pubmed.ncbi.nlm.nih.gov/22001403/
PDE3B,12965109,The absence of evidence for major effects of the frequent SNP +299G>A in the resistin gene on susceptibility to insulin resistance syndrome associated with Japanese type 2 diabetes.,36.0,Not specified,Not specified,obesity,insulin resistance; metabolism; lipid metabolism,False,obesity relevance in abstract; gene and obesity finding reported in the same abstract sentence; published 2003; older evidence retained,https://pubmed.ncbi.nlm.nih.gov/12965109/
PDE3B,22967108,Phosphatidylinositol 3-kinase is an upstream regulator of the phosphodiesterase 3B pathway of leptin signalling that may not involve activation of Akt in the rat hypothalamus.,32.0,Animal experiment,Animal,obesity; body weight,No listed mechanism detected,False,obesity relevance in abstract; gene and obesity finding reported in the same abstract sentence; animal evidence; published 2013; older evidence retained,https://pubmed.ncbi.nlm.nih.gov/22967108/
POMC,36374777,Loss of hypothalamic Furin affects POMC to proACTH cleavage and feeding behavior in high-fat diet-fed mice.,86.0,Human genetic; Animal experiment,Human; Animal,food intake; obesity; body weight,appetite/feeding; metabolism,True,obesity relevance in title; POMC named in title; human genetic evidence; animal evidence; published 2022; recent,https://pubmed.ncbi.nlm.nih.gov/36374777/
POMC,23116614,Effects of electroacupuncture Zusanli (ST36) on food intake and expression of POMC and TRPV1 through afferents-medulla pathway in obese prone rats.,80.0,Animal experiment,Animal,obesity; food intake; body weight,appetite/feeding,False,obesity relevance in title; POMC named in title; animal evidence; published 2013; older evidence retained,https://pubmed.ncbi.nlm.nih.gov/23116614/
POMC,36387867,Involvement of POMC neurons in LEAP2 regulation of food intake and body weight.,78.0,Not specified,Not specified,body weight; food intake,appetite/feeding; metabolism,True,obesity relevance in title; POMC named in title; published 2022; recent,https://pubmed.ncbi.nlm.nih.gov/36387867/
POMC,33338550,Temporary effects of neonatal overfeeding on homeostatic control of food intake involve alterations in POMC promoter methylation in male rats.,68.5,Animal experiment,Animal,food intake; obesity; body weight,appetite/feeding; metabolism,True,obesity relevance in title; POMC named in title; animal evidence; published 2021; recent,https://pubmed.ncbi.nlm.nih.gov/33338550/
POMC,42767616,"Corrigendum to ""GPSM1 in POMC neurons impairs brown adipose tissue thermogenesis and provokes diet-induced obesity"" [Mol Metabol 79 (2024) 101839].",64.0,Animal experiment,Animal,obesity,adipose biology,True,obesity relevance in title; POMC named in title; animal evidence; published 2026; recent,https://pubmed.ncbi.nlm.nih.gov/42767616/
POMC,41877438,Noradrenergic inhibition of definitive POMC neurons through direct and indirect mechanisms.,56.0,Not specified,Not specified,adiposity; body weight; food intake,appetite/feeding,True,obesity relevance in abstract; POMC named in title; published 2026; recent,https://pubmed.ncbi.nlm.nih.gov/41877438/
POMC,32585252,Central administration of β-MSH reduces body weight in obese male Pomc,56.0,Not specified,Not specified,obesity; body weight,No listed mechanism detected,False,obesity relevance in title; POMC named in title; published 2020; older evidence retained,https://pubmed.ncbi.nlm.nih.gov/32585252/
POMC,41848173,Short Stature and Growth Hormone Deficiency in POMC Deficiency: An Unexpected Clinical Association.,52.0,Animal experiment,Animal,obesity; BMI/body mass,No listed mechanism detected,True,obesity relevance in abstract; POMC named in title; animal evidence; published 2026; recent,https://pubmed.ncbi.nlm.nih.gov/41848173/
POMC,28350524,An ATF4-ATG5 signaling in hypothalamic POMC neurons regulates obesity.,52.0,Animal experiment,Animal,obesity,metabolism,False,obesity relevance in title; POMC named in title; animal evidence; published 2017; older evidence retained,https://pubmed.ncbi.nlm.nih.gov/28350524/
POMC,28377240,"Next-generation sequencing of the monogenic obesity genes LEP, LEPR, MC4R, PCSK1 and POMC in a Norwegian cohort of patients with morbid obesity and normal weight controls.",52.0,Human genetic,Human,obesity,No listed mechanism detected,False,obesity relevance in title; POMC named in title; human genetic evidence; published 2017; older evidence retained,https://pubmed.ncbi.nlm.nih.gov/28377240/
PPARG,31675538,PPARG and FTO polymorphism can modulate the outcomes of a central European diet and a Mediterranean diet in centrally obese postmenopausal women.,64.0,Human genetic,Human,obesity; BMI/body mass,lipid metabolism,False,obesity relevance in title; PPARG named in title; human genetic evidence; published 2019; older evidence retained,https://pubmed.ncbi.nlm.nih.gov/31675538/
PPARG,38633783,"Rare variant associations with birth weight identify genes involved in adipose tissue regulation, placental function and insulin-like growth factor signalling.",45.0,Human genetic,Human,adiposity,adipose biology,True,obesity relevance in abstract; gene and obesity finding reported in the same abstract sentence; human genetic evidence; published 2024; recent,https://pubmed.ncbi.nlm.nih.gov/38633783/
PPARG,24953421,No evidence for a role of the peroxisome proliferator-activated receptor gamma (PPARG) and adiponectin (ADIPOQ) genes in antipsychotic-induced weight gain.,44.0,Not specified,Not specified,body weight,metabolism,False,obesity relevance in title; PPARG named in title; published 2014; older evidence retained,https://pubmed.ncbi.nlm.nih.gov/24953421/
PPARG,37205502,Systematic review of genotype-stratified treatment for monogenic insulin resistance.,42.5,Human genetic; Review,Human,BMI/body mass,insulin resistance; metabolism,True,obesity relevance in abstract; gene and obesity finding reported in the same abstract sentence; human genetic evidence; published 2023; recent,https://pubmed.ncbi.nlm.nih.gov/37205502/
PPARG,17898990,The Pro12Ala variant at the peroxisome proliferator-activated receptor gamma gene and change in obesity-related traits in the Diabetes Prevention Program.,40.0,Human genetic,Human,obesity,No listed mechanism detected,False,obesity relevance in title; gene and obesity finding reported in the same abstract sentence; human genetic evidence; published 2007; older evidence retained,https://pubmed.ncbi.nlm.nih.gov/17898990/
PPARG,40707586,Analysis of sex-differential gene expression on the target of approved drug.,26.5,Not specified,Not specified,obesity,adipose biology,True,obesity relevance in abstract; gene and obesity finding reported in the same abstract sentence; published 2025; recent,https://pubmed.ncbi.nlm.nih.gov/40707586/
PPARG,29764739,Maternal obesity alters the expression of embryonic regulatory transcripts in the preimplantation ovine conceptus.,24.0,Not specified,Not specified,obesity,No listed mechanism detected,False,obesity relevance in title; gene and obesity finding reported in the same abstract sentence; published 2018; older evidence retained,https://pubmed.ncbi.nlm.nih.gov/29764739/
PPARG,17347532,The Genetics of PPARG and the Skeleton.,24.0,Not specified,Not specified,obesity,metabolism,False,obesity relevance in abstract; PPARG named in title; published 2006; older evidence retained,https://pubmed.ncbi.nlm.nih.gov/17347532/
ROBO1,42600716,Epicardial adipose tissue-secreted ANGPTL2 drives obesity-induced atrial fibrosis via the SLIT3/ROBO1 and Wnt5a signaling axes.,52.0,Not specified,Not specified,obesity,adipose biology,True,obesity relevance in title; ROBO1 named in title; published 2026; recent,https://pubmed.ncbi.nlm.nih.gov/42600716/
ROBO1,21412182,Association between the ROBO1 gene and body mass index in patients using antipsychotics.,52.0,Human genetic,Human,BMI/body mass,No listed mechanism detected,False,obesity relevance in title; ROBO1 named in title; human genetic evidence; published 2011; older evidence retained,https://pubmed.ncbi.nlm.nih.gov/21412182/
ROBO1,37728607,The tyrosine kinase inhibitor nintedanib enhances the efficacy of 90 Y-labeled B5209B radioimmunotherapy targeting ROBO1 without increased toxicity in small-cell lung cancer xenograft mice.,37.0,Animal experiment; Cellular/in vitro,Animal; Cellular/in vitro,body weight,No listed mechanism detected,True,obesity relevance in abstract; ROBO1 named in title; animal evidence; cellular/in-vitro evidence; published 2024; recent,https://pubmed.ncbi.nlm.nih.gov/37728607/
ROBO1,32398956,Slit2/Robo1 Mitigates DSS-induced Ulcerative Colitis by Activating Autophagy in Intestinal Stem Cell.,32.0,Animal experiment; Cellular/in vitro,Animal; Cellular/in vitro,body weight,No listed mechanism detected,False,obesity relevance in abstract; ROBO1 named in title; animal evidence; cellular/in-vitro evidence; published 2020; older evidence retained,https://pubmed.ncbi.nlm.nih.gov/32398956/
ROBO1,33958603,Detection of selection signatures in farmed coho salmon (Oncorhynchus kisutch) using dense genome-wide information.,28.5,Human genetic,Human,body weight,No listed mechanism detected,True,obesity relevance in abstract; gene and obesity finding reported in the same abstract sentence; human genetic evidence; published 2021; recent,https://pubmed.ncbi.nlm.nih.gov/33958603/
ROBO1,33086574,Single-Dose Cisplatin Pre-Treatment Enhances Efficacy of ROBO1-Targeted Radioimmunotherapy.,24.0,Cellular/in vitro,Cellular/in vitro,body weight,No listed mechanism detected,False,obesity relevance in abstract; ROBO1 named in title; cellular/in-vitro evidence; published 2020; older evidence retained,https://pubmed.ncbi.nlm.nih.gov/33086574/
ROBO1,26017283,90Y-Labeled Anti-ROBO1 Monoclonal Antibody Exhibits Antitumor Activity against Small Cell Lung Cancer Xenografts.,24.0,Cellular/in vitro,Cellular/in vitro,body weight,No listed mechanism detected,False,obesity relevance in abstract; ROBO1 named in title; cellular/in-vitro evidence; published 2015; older evidence retained,https://pubmed.ncbi.nlm.nih.gov/26017283/
ROBO1,25006547,A (90)Y-labelled anti-ROBO1 monoclonal antibody exhibits antitumour activity against hepatocellular carcinoma xenografts during ROBO1-targeted radioimmunotherapy.,20.0,Not specified,Not specified,body weight,No listed mechanism detected,False,obesity relevance in abstract; ROBO1 named in title; published 2014; older evidence retained,https://pubmed.ncbi.nlm.nih.gov/25006547/
RPTOR,38746632,RPTOR Is an Alzheimer's Disease Susceptibility Gene Associated with the Risk Factors Body Mass Index and Infectious Encephalitis.,57.0,Human genetic,Human,BMI/body mass,No listed mechanism detected,True,obesity relevance in title; RPTOR named in title; human genetic evidence; published 2024; recent,https://pubmed.ncbi.nlm.nih.gov/38746632/
RPTOR,33551450,The mTORC1 complex in pre-osteoblasts regulates whole-body energy metabolism independently of osteocalcin.,52.5,Animal experiment,Animal,obesity; food intake,metabolism; insulin resistance; appetite/feeding,True,obesity relevance in abstract; gene and obesity finding reported in the same abstract sentence; animal evidence; published 2021; recent,https://pubmed.ncbi.nlm.nih.gov/33551450/
RPTOR,25533680,Seasonal effects of the UCP3 and the RPTOR gene polymorphisms on obesity traits in Japanese adults.,48.0,Human genetic,Human,obesity,metabolism,False,obesity relevance in title; RPTOR named in title; human genetic evidence; published 2014; older evidence retained,https://pubmed.ncbi.nlm.nih.gov/25533680/
RPTOR,37513594,"Gestational Weight Gain Relates to DNA Methylation in Umbilical Cord, Which, In Turn, Associates with Offspring Obesity-Related Parameters.",43.5,Not specified,Not specified,obesity; body weight,No listed mechanism detected,True,obesity relevance in title; gene and obesity finding reported in the same abstract sentence; published 2023; recent,https://pubmed.ncbi.nlm.nih.gov/37513594/
RPTOR,42120716,"Regulation of survival, growth, and metabolism by neuronal mTOR.",40.0,Animal experiment,Animal,body weight,metabolism,True,obesity relevance in abstract; gene and obesity finding reported in the same abstract sentence; animal evidence; published 2026; recent,https://pubmed.ncbi.nlm.nih.gov/42120716/
RPTOR,36379276,Silencing RIPK1/mTORC1 signalling attenuated the inflammation and oxidative stress in diabetic cardiomyopathy.,23.5,Animal experiment,Animal,body weight,No listed mechanism detected,True,obesity relevance in abstract; gene and obesity finding reported in the same abstract sentence; animal evidence; published 2023; recent,https://pubmed.ncbi.nlm.nih.gov/36379276/
SEC16B,36796587,Intestinal SEC16B modulates obesity by regulating chylomicron metabolism.,79.5,Human genetic,Human,obesity; BMI/body mass,metabolism; lipid metabolism,True,obesity relevance in title; SEC16B named in title; human genetic evidence; published 2023; recent,https://pubmed.ncbi.nlm.nih.gov/36796587/
SEC16B,40907915,"The advanced role of the transcription factor RGPR-p117 in cell regulation: Its involvement in transcription, cell growth, and lipid metabolism.",70.5,Human genetic; Animal experiment; Cellular/in vitro,Human; Animal; Cellular/in vitro,obesity,metabolism; lipid metabolism,True,obesity relevance in abstract; gene and obesity finding reported in the same abstract sentence; human genetic evidence; animal evidence; cellular/in-vitro evidence; published 2025; recent,https://pubmed.ncbi.nlm.nih.gov/40907915/
SEC16B,25637721,"Genetic variations in SEC16B, MC4R, MAP2K5 and KCTD15 were associated with childhood obesity and interacted with dietary behaviors in Chinese school-age population.",52.0,Human genetic,Human,obesity,No listed mechanism detected,False,obesity relevance in title; SEC16B named in title; human genetic evidence; published 2015; older evidence retained,https://pubmed.ncbi.nlm.nih.gov/25637721/
SEC16B,24670271,"Association study of common polymorphisms in MSRA, TFAP2B, MC4R, NRXN3, PPARGC1A, TMEM18, SEC16B, HOXB5 and OLFM4 genes with obesity-related traits among Portuguese children.",52.0,Human genetic,Human,obesity,No listed mechanism detected,False,obesity relevance in title; SEC16B named in title; human genetic evidence; published 2014; older evidence retained,https://pubmed.ncbi.nlm.nih.gov/24670271/
SEC16B,19851340,"Association between obesity and polymorphisms in SEC16B, TMEM18, GNPDA2, BDNF, FAIM2 and MC4R in a Japanese population.",52.0,Human genetic,Human,obesity,No listed mechanism detected,False,obesity relevance in title; SEC16B named in title; human genetic evidence; published 2009; older evidence retained,https://pubmed.ncbi.nlm.nih.gov/19851340/
SEC16B,23408508,Obesity-susceptibility loci and the tails of the pediatric BMI distribution.,48.0,Not specified,Not specified,obesity; BMI/body mass,No listed mechanism detected,False,obesity relevance in title; gene and obesity finding reported in the same abstract sentence; published 2013; older evidence retained,https://pubmed.ncbi.nlm.nih.gov/23408508/
SEC16B,40705078,Identification of SEC16B as a novel regulator of glucose homeostasis.,42.5,Not specified,Not specified,obesity,metabolism; lipid metabolism,True,obesity relevance in abstract; SEC16B named in title; published 2025; recent,https://pubmed.ncbi.nlm.nih.gov/40705078/
SEC16B,33801339,Association between Single Nucleotide Polymorphisms and Weight Reduction in Behavioural Interventions-A Pooled Analysis.,36.5,Human genetic,Human,obesity; body weight,No listed mechanism detected,True,obesity relevance in abstract; gene and obesity finding reported in the same abstract sentence; human genetic evidence; published 2021; recent,https://pubmed.ncbi.nlm.nih.gov/33801339/
SEC16B,27655580,[Association between,36.0,Human genetic,Human,obesity; BMI/body mass,No listed mechanism detected,False,obesity relevance in abstract; gene and obesity finding reported in the same abstract sentence; human genetic evidence; published 2016; older evidence retained,https://pubmed.ncbi.nlm.nih.gov/27655580/
SEC16B,26715945,Characterizing gene-gene interactions in a statistical epistasis network of twelve candidate genes for obesity.,36.0,Not specified,Not specified,obesity; BMI/body mass,No listed mechanism detected,False,obesity relevance in title; gene and obesity finding reported in the same abstract sentence; published 2015; older evidence retained,https://pubmed.ncbi.nlm.nih.gov/26715945/
SH2B1,40103410,A case-control study on SH2B1 gene variants in obesity and obstructive sleep apnea severity: genetic risk factors in the leptin signaling pathway.,74.5,Human genetic,Human,obesity; BMI/body mass; food intake,metabolism; appetite/feeding,True,obesity relevance in title; SH2B1 named in title; human genetic evidence; published 2025; recent,https://pubmed.ncbi.nlm.nih.gov/40103410/
SH2B1,24358267,Hepatic SH2B1 and SH2B2 regulate liver lipid metabolism and VLDL secretion in mice.,60.0,Human study; Animal experiment,Human; Animal,obesity,metabolism; lipid metabolism,False,obesity relevance in abstract; SH2B1 named in title; human evidence; animal evidence; published 2013; older evidence retained,https://pubmed.ncbi.nlm.nih.gov/24358267/
SH2B1,25955518,Fine Mapping of a GWAS-Derived Obesity Candidate Region on Chromosome 16p11.2.,48.0,Human genetic,Human,obesity; BMI/body mass,No listed mechanism detected,False,obesity relevance in title; gene and obesity finding reported in the same abstract sentence; human genetic evidence; published 2015; older evidence retained,https://pubmed.ncbi.nlm.nih.gov/25955518/
SH2B1,24103803,The SH2B1 obesity locus and abnormal glucose homeostasis: lack of evidence for association from a meta-analysis in individuals of European ancestry.,47.0,Review,Not specified,obesity,insulin resistance,False,obesity relevance in title; SH2B1 named in title; published 2013; older evidence retained,https://pubmed.ncbi.nlm.nih.gov/24103803/
SH2B1,39284294,Clinically Meaningful Outcomes after 1 Year of Treatment with Setmelanotide in an Adult Patient with a Variant in SH2B1.,45.0,Human genetic,Human,obesity,No listed mechanism detected,True,obesity relevance in abstract; SH2B1 named in title; human genetic evidence; published 2024; recent,https://pubmed.ncbi.nlm.nih.gov/39284294/
SH2B1,24473384,"[Expression change of SH2B1, SOCS3, PTP1B and NPY in mice hypothalamus and its relation with obesity].",44.0,Animal experiment,Animal,obesity,No listed mechanism detected,False,obesity relevance in title; SH2B1 named in title; animal evidence; published 2014; older evidence retained,https://pubmed.ncbi.nlm.nih.gov/24473384/
SH2B1,35390677,Neuronal SH2B1 attenuates apoptosis in an MPTP mouse model of Parkinson's disease via promoting PLIN4 degradation.,42.0,Animal experiment,Animal,body weight,metabolism,True,obesity relevance in abstract; SH2B1 named in title; animal evidence; published 2022; recent,https://pubmed.ncbi.nlm.nih.gov/35390677/
SH2B1,32228543,"Obesity-related loci in TMEM18, CDKAL1 and FAIM2 are associated with obesity and type 2 diabetes in Chinese Han patients.",40.0,Human genetic,Human,obesity,No listed mechanism detected,False,obesity relevance in title; gene and obesity finding reported in the same abstract sentence; human genetic evidence; published 2020; older evidence retained,https://pubmed.ncbi.nlm.nih.gov/32228543/
SH2B1,33060593,Author Correction: Leptin receptor-expressing neuron Sh2b1 supports sympathetic nervous system and protects against obesity and metabolic disease.,40.0,Not specified,Not specified,obesity,metabolism,False,obesity relevance in title; SH2B1 named in title; published 2020; older evidence retained,https://pubmed.ncbi.nlm.nih.gov/33060593/
SH2B1,20360640,[Molecular mechanism of SH2B1 in regulating JAK2/IRS2 during obesity development].,40.0,Not specified,Not specified,obesity; body weight,No listed mechanism detected,False,obesity relevance in title; SH2B1 named in title; published 2010; older evidence retained,https://pubmed.ncbi.nlm.nih.gov/20360640/
SIM1,22768843,AMP-activated kinase links serotonergic signaling to glutamate release for regulation of feeding behavior in C. elegans.,64.0,Human study,Human,food intake; obesity; energy balance,appetite/feeding,False,obesity relevance in title; gene and obesity finding reported in the same abstract sentence; human evidence; published 2012; older evidence retained,https://pubmed.ncbi.nlm.nih.gov/22768843/
SIM1,31872862,Functional Analysis of the SIM1 Variant p.G715V in 2 Patients With Obesity.,60.0,Human genetic,Human,obesity; BMI/body mass,No listed mechanism detected,False,obesity relevance in title; SIM1 named in title; human genetic evidence; published 2020; older evidence retained,https://pubmed.ncbi.nlm.nih.gov/31872862/
SIM1,23778139,Rare variants in single-minded 1 (SIM1) are associated with severe obesity.,60.0,Human genetic; Animal experiment,Human; Animal,obesity,No listed mechanism detected,False,obesity relevance in title; SIM1 named in title; human genetic evidence; animal evidence; published 2013; older evidence retained,https://pubmed.ncbi.nlm.nih.gov/23778139/
SIM1,14982752,Sim1 gene dosage modulates the homeostatic feeding response to increased dietary fat in mice.,60.0,Human study; Animal experiment,Human; Animal,food intake; obesity,appetite/feeding,False,obesity relevance in title; SIM1 named in title; human evidence; animal evidence; published 2004; older evidence retained,https://pubmed.ncbi.nlm.nih.gov/14982752/
SIM1,39700135,Growth hormone receptor in VGLUT2 or Sim1 cells regulates glycemia and insulin sensitivity.,57.0,Cellular/in vitro,Cellular/in vitro,adiposity; BMI/body mass,insulin resistance; metabolism,True,obesity relevance in abstract; SIM1 named in title; cellular/in-vitro evidence; published 2024; recent,https://pubmed.ncbi.nlm.nih.gov/39700135/
SIM1,33434169,Severe early onset obesity and hypopituitarism in a child with a novel SIM1 gene mutation.,56.0,Human study,Human,obesity; body weight,No listed mechanism detected,False,obesity relevance in title; SIM1 named in title; human evidence; published 2020; older evidence retained,https://pubmed.ncbi.nlm.nih.gov/33434169/
SIM1,24773343,Inducible neuronal inactivation of Sim1 in adult mice causes hyperphagic obesity.,56.0,Human study; Animal experiment,Human; Animal,obesity,No listed mechanism detected,False,obesity relevance in title; SIM1 named in title; human evidence; animal evidence; published 2014; older evidence retained,https://pubmed.ncbi.nlm.nih.gov/24773343/
SIM1,16829351,A new case of interstitial 6q16.2 deletion in a patient with Prader-Willi-like phenotype and investigation of SIM1 gene deletion in 87 patients with syndromic obesity.,56.0,Human study,Human,obesity; food intake,No listed mechanism detected,False,obesity relevance in title; SIM1 named in title; human evidence; published 2006; older evidence retained,https://pubmed.ncbi.nlm.nih.gov/16829351/
SIM1,40428410,Cumulative Effects of Genetic Variants Detected in a Child with Early-Onset Non-Syndromic Obesity Due to SIM-1 Gene Mutation.,54.5,Human genetic,Human,obesity; food intake,No listed mechanism detected,True,obesity relevance in title; gene and obesity finding reported in the same abstract sentence; human genetic evidence; published 2025; recent,https://pubmed.ncbi.nlm.nih.gov/40428410/
SIM1,32229422,BRS3 in both MC4R- and SIM1-expressing neurons regulates energy homeostasis in mice.,52.0,Animal experiment,Animal,obesity; food intake,metabolism; appetite/feeding,False,obesity relevance in abstract; SIM1 named in title; animal evidence; published 2020; older evidence retained,https://pubmed.ncbi.nlm.nih.gov/32229422/
SLC39A8,35784893,The Allelic Variant A391T of Metal Ion Transporter ZIP8 (SLC39A8) Leads to Hypotension and Enhanced Insulin Resistance.,54.0,Human genetic,Human,BMI/body mass; body weight,insulin resistance; lipid metabolism,True,obesity relevance in abstract; SLC39A8 named in title; human genetic evidence; published 2022; recent,https://pubmed.ncbi.nlm.nih.gov/35784893/
SLC39A8,31521203,SLC39A8 gene encoding a metal ion transporter: discovery and bench to bedside.,48.0,Human genetic; Animal experiment,Human; Animal,BMI/body mass,No listed mechanism detected,False,obesity relevance in abstract; SLC39A8 named in title; human genetic evidence; animal evidence; published 2019; older evidence retained,https://pubmed.ncbi.nlm.nih.gov/31521203/
SLC39A8,30090406,Molecular and pathophysiological aspects of metal ion uptake by the zinc transporter ZIP8 (SLC39A8).,47.0,Human genetic; Animal experiment; Review,Human; Animal,obesity,metabolism,False,obesity relevance in abstract; SLC39A8 named in title; human genetic evidence; animal evidence; published 2016; older evidence retained,https://pubmed.ncbi.nlm.nih.gov/30090406/
SLC39A8,41232668,A homology-based 3D model and structure-function studies reveal key elements for divalent metal ion transporter ZIP8 (SLC39A8) function.,46.5,Human genetic,Human,obesity,No listed mechanism detected,True,obesity relevance in abstract; SLC39A8 named in title; human genetic evidence; published 2025; recent,https://pubmed.ncbi.nlm.nih.gov/41232668/
SLC39A8,30301978,A missense variant in SLC39A8 is associated with severe idiopathic scoliosis.,40.0,Human genetic,Human,BMI/body mass,No listed mechanism detected,False,obesity relevance in abstract; SLC39A8 named in title; human genetic evidence; published 2018; older evidence retained,https://pubmed.ncbi.nlm.nih.gov/30301978/
SLC39A8,41078934,Correlation between,34.5,Human genetic,Human,BMI/body mass,No listed mechanism detected,True,obesity relevance in abstract; gene and obesity finding reported in the same abstract sentence; human genetic evidence; published 2025; recent,https://pubmed.ncbi.nlm.nih.gov/41078934/
SLC39A8,28557351,The highly pleiotropic gene SLC39A8 as an opportunity to gain insight into the molecular pathogenesis of schizophrenia.,32.0,Human genetic,Human,BMI/body mass,No listed mechanism detected,False,obesity relevance in abstract; SLC39A8 named in title; human genetic evidence; published 2018; older evidence retained,https://pubmed.ncbi.nlm.nih.gov/28557351/
SLC39A8,34672770,C Deletion at the re74650330 Locus of the,28.5,Human genetic,Human,BMI/body mass,No listed mechanism detected,True,obesity relevance in abstract; gene and obesity finding reported in the same abstract sentence; human genetic evidence; published 2021; recent,https://pubmed.ncbi.nlm.nih.gov/34672770/
SPARC,42058453,Predictive value of 1-hour postprandial SPARC levels on metabolic outcomes from Mediterranean diet adherence: results from a randomized controlled feeding study.,52.0,Not specified,Not specified,food intake,metabolism; appetite/feeding,True,obesity relevance in title; SPARC named in title; published 2026; recent,https://pubmed.ncbi.nlm.nih.gov/42058453/
SPARC,32512862,Effect of Serum SPARC Levels on Survival in Patients with Digestive Tract Cancer: A Post Hoc Analysis of the AMATERASU Randomized Clinical Trial.,44.0,Human study; Animal experiment,Human; Animal,BMI/body mass,No listed mechanism detected,False,obesity relevance in abstract; SPARC named in title; human evidence; animal evidence; published 2020; older evidence retained,https://pubmed.ncbi.nlm.nih.gov/32512862/
SPARC,29335425,SPARC expression is associated with hepatic injury in rodents and humans with non-alcoholic fatty liver disease.,44.0,Human study; Animal experiment,Human; Animal,obesity,No listed mechanism detected,False,obesity relevance in abstract; SPARC named in title; human evidence; animal evidence; published 2018; older evidence retained,https://pubmed.ncbi.nlm.nih.gov/29335425/
SPARC,36479944,The Matricellular Protein SPARC Decreases in the Lacrimal Gland At Adulthood and During Inflammation.,38.0,Animal experiment; Cellular/in vitro,Animal; Cellular/in vitro,obesity,No listed mechanism detected,True,obesity relevance in abstract; SPARC named in title; animal evidence; cellular/in-vitro evidence; published 2022; recent,https://pubmed.ncbi.nlm.nih.gov/36479944/
SPARC,26832793,SPARC-Independent Delivery of Nab-Paclitaxel without Depleting Tumor Stroma in Patient-Derived Pancreatic Cancer Xenografts.,36.0,Human study; Animal experiment,Human; Animal,body weight,No listed mechanism detected,False,obesity relevance in abstract; SPARC named in title; human evidence; animal evidence; published 2016; older evidence retained,https://pubmed.ncbi.nlm.nih.gov/26832793/
SPARC,31644832,SPARC promotes self-renewal of limbal epithelial stem cells and ocular surface restoration through JNK and p38-MAPK signaling pathways.,28.0,Cellular/in vitro,Cellular/in vitro,BMI/body mass,No listed mechanism detected,False,obesity relevance in abstract; SPARC named in title; cellular/in-vitro evidence; published 2020; older evidence retained,https://pubmed.ncbi.nlm.nih.gov/31644832/
TCF7L2,42768086,"ADRB3, LEPR, FTO and PPARG variants contribute to obesity-related metabolic syndrome in Brazilian adults: a polygenic risk score approach.",60.0,Human genetic,Human,obesity,metabolism,True,obesity relevance in title; gene and obesity finding reported in the same abstract sentence; human genetic evidence; published 2026; recent,https://pubmed.ncbi.nlm.nih.gov/42768086/
TCF7L2,40741526,Association and haplotype analysis of TCF7L2 gene variants with development of obesity in type 2 diabetic patients among Northern Iranians.,58.5,Human genetic,Human,obesity,No listed mechanism detected,True,obesity relevance in title; TCF7L2 named in title; human genetic evidence; published 2025; recent,https://pubmed.ncbi.nlm.nih.gov/40741526/
TCF7L2,41422334,"Cluster-specific genetic associations of CDKAL1, CDKN2A, CDKN2B, HHEX, KCNQ1, MTNR1B, PAX4, SLC30A8, TCF7L2, and UBE2E2 variants in new onset type 2 diabetes.",58.5,Human genetic; Animal experiment,Human; Animal,obesity,metabolism,True,obesity relevance in abstract; TCF7L2 named in title; human genetic evidence; animal evidence; published 2025; recent,https://pubmed.ncbi.nlm.nih.gov/41422334/
TCF7L2,18288125,TCF7L2 alleles and metabolic syndrome in non-diabetic obese hypertensive patients.,56.0,Human study,Human,obesity,metabolism,False,obesity relevance in title; TCF7L2 named in title; human evidence; published 2008; older evidence retained,https://pubmed.ncbi.nlm.nih.gov/18288125/
TCF7L2,28511671,Erratum to: Investigation of the association between the TCF7L2 rs7903146 (C/T) gene polymorphism and obesity in a Cameroonian population: a pilot study.,52.0,Human genetic,Human,obesity,No listed mechanism detected,False,obesity relevance in title; TCF7L2 named in title; human genetic evidence; published 2017; older evidence retained,https://pubmed.ncbi.nlm.nih.gov/28511671/
TCF7L2,17351281,Additive effects of obesity and TCF7L2 variants on risk for type 2 diabetes among cardiac patients.,48.0,Human genetic,Human,obesity,No listed mechanism detected,False,obesity relevance in title; TCF7L2 named in title; human genetic evidence; published 2007; older evidence retained,https://pubmed.ncbi.nlm.nih.gov/17351281/
TCF7L2,39874951,CC Genotype at TCF7L2 Diabetes Risk Locus rs7903146 Directs a Coordinated Fatty Acid Response to a Mediterranean Diet Intervention: A Randomized Controlled Trial.,46.5,Human genetic,Human,obesity,metabolism,True,obesity relevance in abstract; TCF7L2 named in title; human genetic evidence; published 2025; recent,https://pubmed.ncbi.nlm.nih.gov/39874951/
TCF7L2,42450214,Association Between Metabolic Parameters and FTO Alpha-Ketoglutarate-Dependent Dioxygenase (,44.0,Not specified,Not specified,obesity; adiposity,metabolism,True,obesity relevance in abstract; gene and obesity finding reported in the same abstract sentence; published 2026; recent,https://pubmed.ncbi.nlm.nih.gov/42450214/
TCF7L2,18823720,WITHDRAWN: Effect of TCF7L2 polymorphism on the genetic susceptibility to obesity in the Tunisian population.,44.0,Human genetic,Human,obesity,No listed mechanism detected,False,obesity relevance in title; TCF7L2 named in title; human genetic evidence; published 2008; older evidence retained,https://pubmed.ncbi.nlm.nih.gov/18823720/
TCF7L2,41884012,Gene polymorphisms and occurrence of type 2 diabetes in a Gabonese population.,40.0,Human genetic,Human,BMI/body mass,metabolism,True,obesity relevance in abstract; gene and obesity finding reported in the same abstract sentence; human genetic evidence; published 2026; recent,https://pubmed.ncbi.nlm.nih.gov/41884012/
TFAP2B,21674055,"Implications of central obesity-related variants in LYPLAL1, NRXN3, MSRA, and TFAP2B on quantitative metabolic traits in adult Danes.",64.0,Human genetic,Human,obesity,metabolism,False,obesity relevance in title; TFAP2B named in title; human genetic evidence; published 2011; older evidence retained,https://pubmed.ncbi.nlm.nih.gov/21674055/
TFAP2B,31209268,"Association between Transcription Factor AP-2B genotype, obesity, insulin resistance and dietary intake in a longitudinal birth cohort study.",52.0,Human genetic,Human,obesity,insulin resistance,False,obesity relevance in title; gene and obesity finding reported in the same abstract sentence; human genetic evidence; published 2019; older evidence retained,https://pubmed.ncbi.nlm.nih.gov/31209268/
TFAP2B,24670271,"Association study of common polymorphisms in MSRA, TFAP2B, MC4R, NRXN3, PPARGC1A, TMEM18, SEC16B, HOXB5 and OLFM4 genes with obesity-related traits among Portuguese children.",52.0,Human genetic,Human,obesity,No listed mechanism detected,False,obesity relevance in title; TFAP2B named in title; human genetic evidence; published 2014; older evidence retained,https://pubmed.ncbi.nlm.nih.gov/24670271/
TFAP2B,22553958,Expression of fourteen novel obesity-related genes in Zucker diabetic fatty rats.,52.0,Human genetic; Animal experiment,Human; Animal,obesity,adipose biology,False,obesity relevance in title; gene and obesity finding reported in the same abstract sentence; human genetic evidence; animal evidence; published 2012; older evidence retained,https://pubmed.ncbi.nlm.nih.gov/22553958/
TFAP2B,22952648,TFAP2B influences the effect of dietary fat on weight loss under energy restriction.,48.0,Not specified,Not specified,body weight; BMI/body mass,No listed mechanism detected,False,obesity relevance in title; TFAP2B named in title; published 2012; older evidence retained,https://pubmed.ncbi.nlm.nih.gov/22952648/
TFAP2B,34523051,Epigenetic clock and DNA methylation analysis of porcine models of aging and obesity.,44.5,Human study,Human,obesity; BMI/body mass,No listed mechanism detected,True,obesity relevance in title; gene and obesity finding reported in the same abstract sentence; human evidence; published 2021; recent,https://pubmed.ncbi.nlm.nih.gov/34523051/
TFAP2B,28948079,Influence of,40.0,Human genetic,Human,obesity; food intake,appetite/feeding,False,obesity relevance in abstract; gene and obesity finding reported in the same abstract sentence; human genetic evidence; published 2017; older evidence retained,https://pubmed.ncbi.nlm.nih.gov/28948079/
TFAP2B,23349760,Modelling BMI trajectories in children for genetic association studies.,40.0,Human genetic,Human,BMI/body mass; obesity,No listed mechanism detected,False,obesity relevance in title; gene and obesity finding reported in the same abstract sentence; human genetic evidence; published 2013; older evidence retained,https://pubmed.ncbi.nlm.nih.gov/23349760/
TFAP2B,39609904,Genetic-by-age interaction analyses on complex traits in UK Biobank and their potential to identify effects on longitudinal trait change.,33.0,Human genetic,Human,obesity,lipid metabolism,True,obesity relevance in abstract; gene and obesity finding reported in the same abstract sentence; human genetic evidence; published 2024; recent,https://pubmed.ncbi.nlm.nih.gov/39609904/
TFAP2B,24142897,Regulation of aggression by obesity-linked genes TfAP-2 and Twz through octopamine signaling in Drosophila.,32.0,Human study,Human,obesity,No listed mechanism detected,False,obesity relevance in title; gene and obesity finding reported in the same abstract sentence; human evidence; published 2014; older evidence retained,https://pubmed.ncbi.nlm.nih.gov/24142897/
TMEM18,20380707,"The obesity gene, TMEM18, is of ancient origin, found in majority of neuronal cells in all major brain regions and associated with obesity in severely obese children.",90.0,Human genetic; Animal experiment; Cellular/in vitro,Human; Animal; Cellular/in vitro,obesity; BMI/body mass; body weight; food intake,appetite/feeding,False,obesity relevance in title; TMEM18 named in title; human genetic evidence; animal evidence; cellular/in-vitro evidence; published 2010; older evidence retained,https://pubmed.ncbi.nlm.nih.gov/20380707/
TMEM18,42177698,Effect of TMEM18 rs7561317 on metabolome in context of obesity.,64.0,Human genetic,Human,obesity,metabolism,True,obesity relevance in title; TMEM18 named in title; human genetic evidence; published 2026; recent,https://pubmed.ncbi.nlm.nih.gov/42177698/
TMEM18,26828654,Analysis of Genes Involved in Body Weight Regulation by Targeted Re-Sequencing.,64.0,Human genetic; Animal experiment,Human; Animal,body weight; obesity; BMI/body mass,No listed mechanism detected,False,obesity relevance in title; gene and obesity finding reported in the same abstract sentence; human genetic evidence; animal evidence; published 2016; older evidence retained,https://pubmed.ncbi.nlm.nih.gov/26828654/
TMEM18,26365393,Determination of obesity associated gene variants related to TMEM18 through ultra-deep targeted re-sequencing in a case-control cohort for pediatric obesity.,60.0,Human genetic,Human,obesity; BMI/body mass,No listed mechanism detected,False,obesity relevance in title; TMEM18 named in title; human genetic evidence; published 2015; older evidence retained,https://pubmed.ncbi.nlm.nih.gov/26365393/
TMEM18,20628085,"First investigation of two obesity-related loci (TMEM18, FTO) concerning their association with educational level as well as income: the MONICA/KORA study.",60.0,Human genetic,Human,obesity; BMI/body mass,No listed mechanism detected,False,obesity relevance in title; TMEM18 named in title; human genetic evidence; published 2011; older evidence retained,https://pubmed.ncbi.nlm.nih.gov/20628085/
TMEM18,24763707,Adipose tissue depot specific promoter methylation of TMEM18.,56.0,Human genetic,Human,obesity; BMI/body mass,adipose biology; metabolism,False,obesity relevance in abstract; TMEM18 named in title; human genetic evidence; published 2014; older evidence retained,https://pubmed.ncbi.nlm.nih.gov/24763707/
TMEM18,32228543,"Obesity-related loci in TMEM18, CDKAL1 and FAIM2 are associated with obesity and type 2 diabetes in Chinese Han patients.",52.0,Human genetic,Human,obesity,No listed mechanism detected,False,obesity relevance in title; TMEM18 named in title; human genetic evidence; published 2020; older evidence retained,https://pubmed.ncbi.nlm.nih.gov/32228543/
TMEM18,24951660,Sequence variation in TMEM18 in association with body mass index: Cohorts for Heart and Aging Research in Genomic Epidemiology (CHARGE) Consortium Targeted Sequencing Study.,52.0,Human genetic,Human,BMI/body mass,No listed mechanism detected,False,obesity relevance in title; TMEM18 named in title; human genetic evidence; published 2014; older evidence retained,https://pubmed.ncbi.nlm.nih.gov/24951660/
TMEM18,25189249,"Polymorphisms in FTO, TMEM18 and PCSK1 are associated with BMI in southern Chinese population.",52.0,Human genetic,Human,BMI/body mass,No listed mechanism detected,False,obesity relevance in title; TMEM18 named in title; human genetic evidence; published 2014; older evidence retained,https://pubmed.ncbi.nlm.nih.gov/25189249/
TMEM18,23505181,"The missense variation landscape of FTO, MC4R, and TMEM18 in obese children of African Ancestry.",52.0,Human genetic,Human,obesity,No listed mechanism detected,False,obesity relevance in title; TMEM18 named in title; human genetic evidence; published 2013; older evidence retained,https://pubmed.ncbi.nlm.nih.gov/23505181/
UBR2,35245436,Amelioration of hepatic steatosis by dietary essential amino acid-induced ubiquitination.,34.0,Animal experiment,Animal,obesity,lipid metabolism,True,obesity relevance in abstract; gene and obesity finding reported in the same abstract sentence; animal evidence; published 2022; recent,https://pubmed.ncbi.nlm.nih.gov/35245436/
ZFHX3,37713040,A missense mutation in zinc finger homeobox-3 (ZFHX3) impedes growth and alters metabolism and hypothalamic gene expression in mice.,71.5,Human genetic; Animal experiment,Human; Animal,BMI/body mass; energy balance,metabolism,True,obesity relevance in abstract; ZFHX3 named in title; human genetic evidence; animal evidence; published 2023; recent,https://pubmed.ncbi.nlm.nih.gov/37713040/
ZFHX3,41970960,Zfhx3 is required for proper spindle assembly and chromosome segregation during oocyte meiosis I in mice.,44.0,Animal experiment,Animal,body weight,No listed mechanism detected,True,obesity relevance in abstract; ZFHX3 named in title; animal evidence; published 2026; recent,https://pubmed.ncbi.nlm.nih.gov/41970960/
ZFHX3,29114518,Association study between,24.0,Human genetic,Human,obesity,No listed mechanism detected,False,obesity relevance in abstract; gene and obesity finding reported in the same abstract sentence; human genetic evidence; published 2017; older evidence retained,https://pubmed.ncbi.nlm.nih.gov/29114518/
