Gene,UniProt_ID,Reactome_ID,Pathway_Name,Pathway_Type,Parent_Pathway,Pathway_Description,Reactome_Pathway_Count,Reactome_Pathways,Source,Evidence_Status,Field_Purpose
GPR75,O95800,,,,,,0,,https://reactome.org/ContentService/data/mapping/UniProt/O95800/pathways,No human pathway mapping returned,Reactome pathway membership of the mapped human protein.
MC4R,P32245,R-HSA-375276,Peptide ligand-binding receptors,Pathway,"AGT(25-32) binds to AGTR1; AGT(25-32) binds to AGTR2; ARBs bind AGTR1; AGT(25-31) binds MAS1; Alamandine binds MRGPRD (MrgD); Apelin receptor binds to apelin; Bombesin-like receptors bind bombesin homologues; Bradykinin receptors B1 and B2 bind to bradykinin; C5AR2 binds anaphylatoxins and thier desArginated derivatives; C5a receptor binds C5a anaphylatoxin; C3a receptor binds anaphylatoxin C3a; DARC  is a non-specific receptor for many chemokines; G protein-coupled estrogen receptor 1 binds estrogen non-classically; GPCR neuropeptide receptor binds neuropeptides B and W; Nociceptin receptor binds to nociceptin; Opioid receptors bind opioid peptides; Chemokine receptors bind chemokines; Somatostatin receptors bind somatostatin and cortistatin; Tachykinin receptors bind tachykinins; Vasopressin-like receptors; Cholecystokinin receptors bind cholecystokinin; ECE1 cleaves EDN1(53-90); ECE2 cleaves EDN1(53-90); XK:KEL:Zn2+ cleaves EDN3; EDNRA,EDNRB bind EDNs; EDNRA binds EDNs; EDNRA, EDNRB bind non-selective ERAs; EDNRA binds selective ERAs; Melanocortin receptors bind melanocortins; POMC(138-176) binds MC2R; Prolactin-releasing hormone receptor binds PRH; Neuropeptide Y receptors can bind neuropeptide Y-related peptides; Neurotensin receptors can bind neurotensins; Galanin receptors can bind galanin; The Kiss receptor GPR54 binds kisspeptin; Proteinase-activated receptors can bind thrombin; Orexin and neuropeptides FF and QRFP bind to their respective receptors; MLNR (GPR38) is a receptor for motilin; Formyl peptide receptors bind formyl peptides and many other ligands; Thyrotropin-releasing hormone receptor binds thyrotropin; Neuropeptide S receptor binds neuropeptide S; Prokineticin receptors bind prokineticin; Relaxin receptors; Urotensin-2 receptor binds urotensin-2 and 2B; GHSR is a receptor for ghrelin; Melanin-concentrating hormone receptors bind MCH; Neuromedin-U receptors bind neuromedins U, S; NMUR2 binds neuromedin-S; GPR37 binds prosaptide; GPR37L binds prosaposin; Neurolysin degrades neurotensin","These receptors, a subset of the Class A/1 (Rhodopsin-like) family, all bind peptide ligands which include the chemokines, opioids and somatostatins.",3,Peptide ligand-binding receptors; G alpha (s) signalling events; Transcriptional and post-translational regulation of MITF-M expression and activity,https://reactome.org/content/detail/R-HSA-375276,Human pathway mapping returned,Reactome pathway membership of the mapped human protein.
MC4R,P32245,R-HSA-418555,G alpha (s) signalling events,Pathway,"Liganded Gs-activating GPCRs bind inactive heterotrimeric Gs; Liganded Gs-activating GPCR acts as a GEF for Gs; The Ligand:GPCR:Gs complex dissociates; G alpha (s) activates adenylate cyclase; Adenylate cyclase converts ATP to 3',5'-cyclic AMP (cAMP) and pyrophosphate; cAMP degradation by Phosphodiesterases; PDE4A hydrolyses cAMP to AMP; PDE4A binds PDE4A inhibitors; PDE3A hydrolyses cAMP to AMP; PDE3B hydrolyses cAMP to AMP; PDE3A inhibitors bind PDE3A; G alpha (s) auto-inactivates by hydrolysing GTP to GDP; Inactive G alpha (s) reassociates with G beta:gamma; ADRB2 in ADRB2:GRK complex is phosphorylated; ADRB2:Catecholamine binds ARRB1, ARRB2; G protein alpha (s):GTP binds SRC; G alpha (s):GTP:SRC catalyzes SRC to p-Y419-SRC; G alpha (s):GTP:SRC dissociates; GRKs bind ADRB2:Catecholamine; ADRB2:GRK complex dissociates to Phosphorylated ADRB2; GPER1 signaling","The general function of the G alpha (s) subunit (Gs) is to activate adenylate cyclase (Tesmer et al. 1997), which in turn produces cAMP, leading to the activation of cAMP-dependent protein kinases (often referred to collectively as Protein Kinase A). The signal from the ligand-stimulated GPCR is amplified because the receptor can activate several Gs heterotrimers before it is inactivated. Another downstream effector of G alpha (s) is the protein tyrosine kinase c-Src (Ma et al. 2000).",3,Peptide ligand-binding receptors; G alpha (s) signalling events; Transcriptional and post-translational regulation of MITF-M expression and activity,https://reactome.org/content/detail/R-HSA-418555,Human pathway mapping returned,Reactome pathway membership of the mapped human protein.
MC4R,P32245,R-HSA-9856649,Transcriptional and post-translational regulation of MITF-M expression and activity,Pathway,"FOXD3 gene expression; FOXD3 binds PAX3; SOX10 and PAX3 bind the MITF promoter; p-S133-CREB1 binds MITF promoter; SOX2 binds the MITF promoter; AXL3 binds MITF promoter; POU3F2 binds the MITF promoter; LEF1, CTNNB1 and MITF-M bind the MITF promoter; MITF gene expression; MITF dimerizes; MAPK1 phosphorylates SOX10; GSK3B phosphorylates p-S73 MITF-M at residue S69; MAPK1-dependent phosphorylation of MITF-M; XPO1 binds p-S69,73 MITF-M; XPO1-dependent export of p-S69,S73 MITF-M; UBE2I sumoylates MITF-M; MITF-M binds CREBBP,EP300; CREBBP, EP300 acetylate MITF-M; MARK3 phosphorylates MITF-M on S173; p-S173 MITF-M binds YWHA dimers; RPS6KA1-dependent phosphorylation of MITF-M; GSK3B phosphorylates p-S409 MITF-M at S397, S401 and S405; SNAI2 gene expression; AKT3 phosphorylates TBX3; p-S742 TBX3 binds CDH1 promoter; SNAI2 binds CDH1 gene promoter; SNAI2 and TBX3 repress CDH1 gene expression during melanocyte development; p-S742 TBX3 binds ID1 promoter; TBX3-dependent ID1 gene expression; MAPK-dependent phosphorylation of KARS; p-S207 KARS1 dimer translocates to the nucleus; CREBBP acetylates HINT1 dimer; SIRT1 deacetylates HINT1 dimer; p-S207 KARS1 dimer synthesizes A(5')p4(5')A; HINT1 binds MITF-M; p-S207 KARS1 dimer binds MITF-M:HINT1 dimer; p-S207 KARS displaces HINT1","Melanocytes, neurons and glia all arise from precursor cells derived from neural crest cells. Cells that will give rise to neurons and glia migrate away from the neural crest earlier and in a ventral pattern, while cells that will give rise to melanocytes leave the neural crest later and migrate dorsolaterally. Nevertheless, melanocytes can also arise in an alternate pathway from dual Schwann cell/melanocyte precursors or by dedifferentiation from Schwann cells, a derivative of the glial lineage (reviewed in Mort et al, 2015). MITF-M is a key regulator of melanocyte development, and its expression distinguishes the melanocyte fate from that of glial and neural cells. MITF-M expression is repressed in precursors through the activity of FOXD3 and SOX2. Depending on the species, these transcription factors may either bind directly to elements in the MITF-M promoter to repress transcription, or may act independently of DNA binding by disrupting protein-protein interactions that promote transcriptional activity (Nitzan et al, 2013a,b; Curran et al, 2009, 2010; Adameyko et al, 2012; reviewed in Mort et al, 2015; White and Zon, 2008; Goding and Arnheiter, 2019). FOXD3 and SOX2 expression, in turn, are regulated by a cascade of other transcription factors, including ZIC1, PAX3, SNAIL2 and SOX9 (reviewed in Mort et al, 2015; Goding and Arnheiter, 2019). <br>Relief of FOXD3 mediated repression may depend in part on HDAC1, as well as on down regulation of SNAIL2 (Ignatius et al, 2008; Greenhill et al, 2011; Nitzan et al, 2013a, b). MITF-M expression in unpigmented but committed melanoblasts depends on PAX3 and SOX10 binding at the promoter as well as on WNT, EDNRB and KIT signaling (reviewed in Mort et al, 2015; White and Zon, 2008; Goding and Arnheiter, 2019). Initial expression of MITF-M also contributes to downregulation of FOXD3 and SOX2 establishing a positive feedback loop that reinforces commitment to the melanocyte fate (reviewed in Mort et al, 2015; Goding and Arnheiter, 2019).<br>In addition to transcriptional regulation, MITF-M activity is also controlled by post translational modifications, although the significance of these modifications is not always clear. SUMOylation, ubiquitination and phosphorylation downstream of MAPK, WNT and AKT signaling can all impact the stability, localization or activity of MITF-M (reviewed in Goding and Arnheiter, 2019), and acetylation regulates the occupancy of target promoters, decreasing occupancy at differentiation-specific promoters (Louphrasitthiphol et al, 2020, 2023). <br>",3,Peptide ligand-binding receptors; G alpha (s) signalling events; Transcriptional and post-translational regulation of MITF-M expression and activity,https://reactome.org/content/detail/R-HSA-9856649,Human pathway mapping returned,Reactome pathway membership of the mapped human protein.
LEP,P41159,R-HSA-2586552,Signaling by Leptin,Pathway,Leptin Binds Leptin Receptor; JAK2 Autophosphorylates in Response to Leptin; JAK2 Phosphorylates LEPR; Phosphorylated LEPR Binds SHP2 (PTPN11); JAK2 Phosphorylates SHP2 (PTPN11) in Response to Leptin; Phosphorylated LEPR Binds STAT5; JAK2 Phosphorylates STAT5 in Response to Leptin; Phosphorylated STAT5 Dissociates from Leptin Receptor; p-STAT5 dimerizes; STAT5 dimers translocate to the nucleus; Phosphorylated LEPR Binds STAT3; JAK2 Phosphoryates STAT3 in Response to Leptin; Phosphorylated STAT3 Dissociates from Leptin Receptor; Phosphorylated STAT3 Forms Dimers; Phosphorylated STAT3 Dimer Translocates to the Nucleus; Phosphorylated LEP:LEPR:JAK2 Binds SH2B1; Phosphorylated LEP:LEPR:JAK2:SH2B1 Binds IRS1/2; JAK2 Phosphorylates IRS in Response to Leptin; Phosphorylated LEPR Binds SOCS3,"Leptin (LEP, OB, OBS), a circulating adipokine, and its receptor LEPR (DB, OBR) control food intake and energy balance and are implicated in obesity-related diseases (recently reviewed in Amitani et al. 2013, Dunmore and Brown 2013, Cottrell and Mercer 2012, La Cava 2012, Marroqui et al. 2012, Paz-Filho et al. 2012, Denver et al. 2011, Lee 2011, Marino et al. 2011, Morton and Schwartz 2011, Scherer and Buettner 2011, Shan and Yeo 2011, Wauman and Tavernier 2011, Dardeno et al. 2010, Bjorbaek 2009, Morris and Rui 2009, Myers et al. 2008), including cancer (Guo et al. 2012), inflammation (Newman and Gonzalez-Perez 2013, Iikuni et al. 2008), and angiogenesis (Gonzalez-Perez et al. 2013).<br>The identification of spontaneous mutations in the leptin gene (ob or LEP) and the leptin receptor gene (Ob-R, db or LEPR) genes in mice opened up a new field in obesity research. Leptin was discovered as the product of the gene affected by the ob (obesity) mutation, which causes obesity in mice. Likewise LEPR is the product of the gene affected by the db (diabetic) mutation. Leptin binding to LEPR induces canonical (JAK2/STATs; MAPK/ERK 1/2, PI-3K/AKT) and non-canonical signaling pathways (PKC, JNK, p38 MAPK and AMPK) in diverse cell types. The binding of leptin to the long isoform of LEPR (OB-Rl) initiates a phosphorylation cascade that results in transcriptional activation of target genes by STAT5 and STAT3 and activation of the PI3K pathway(not shown here), the MAPK/ERK pathway, and the mTOR/S6K pathway. Shorter LEPR isoforms with truncated intracellular domains are unable to activate the STAT pathway, but can transduce signals by way of activation of JAK2, IRS-1 or ERKs, including MAPKs.<br>LEPR is constitutively bound to the JAK2 kinase. Binding of LEP to LEPR causes a conformational change in LEPR that activates JAK2 autophosphorylation followed by phosphorylation of LEPR by JAK2. Phosphorylated LEPR binds STAT3, STAT5, and SHP2 which are then phosphorylated by JAK2. Phosphorylated JAK2 binds SH2B1 which then binds IRS1/2, resulting in phosphorylation of IRS1/2 by JAK2. Phosphorylated STAT3 and STAT5 dimerize and translocate to the nucleus where they activate transcription of target genes (Jovanovic et al. 2010). SHP2 activates the MAPK pathway. IRS1/2 activate the PI3K/AKT pathway which may be the activator of mTOR/S6K.<br>Several isoforms of LEPR have been identified (reviewed in Gorska et al. 2010). The long isoform (LEPRb, OBRb) is expressed in the hypothalamus and all types of immune cells. It is the only isoform known to fully activate signaling pathways in response to leptin. Shorter isoforms (LEPRa, LEPRc, LEPRd, and a soluble isoform LEPRe) are able to interact with JAK kinases and activate other pathways, however their roles in energy homeostasis are not fully characterized.",4,"Signaling by Leptin; Transcriptional regulation of white adipocyte differentiation; Synthesis, secretion, and inactivation of Glucagon-like Peptide-1 (GLP-1); Synthesis, secretion, and deacylation of Ghrelin",https://reactome.org/content/detail/R-HSA-2586552,Human pathway mapping returned,Reactome pathway membership of the mapped human protein.
LEP,P41159,R-HSA-381340,Transcriptional regulation of white adipocyte differentiation,Pathway,"Expression of CEBPB in adipogenesis; Expression of CEBPD; Expression of KLF5; Expression of EBF1; Expression of PPARG; Formation of PPARG:RXRA heterodimer (ARF6 complex); PPARG:RXRA heterodimer binds to PPARG corepressors; PPARG:RXRA heterodimer binds to fatty acid-like ligands; PPARG binds PPARG agonists; Expression of FABP4 (aP2); Expression of Perilipin (PLIN); Expression of Phosphoenolpyruvate carboxykinase 1 (PEPCK-C); Expression of ANGPTL4; Expression of Lipoprotein lipase (LPL); Expression of CEBPA; Expression of CD36 (platelet glycoprotein IV, FAT); Expression of Leptin; Expression of Adiponectin; Expression of GLUT4","Adipogenesis is the process of cell differentiation by which preadipocytes become adipocytes. During this process the preadipocytes cease to proliferate, begin to accumulate lipid droplets and develop morphologic and biochemical characteristics of mature adipocytes such as hormone responsive lipogenenic and lipolytic programs. The most intensively studied model system for adipogenesis is differentiation of the mouse 3T3-L1 preadipocyte cell line by an induction cocktail of containing mitogens (insulin/IGF1), glucocorticoid (dexamethasone), an inducer of cAMP (IBMX), and fetal serum (Cao et al. 1991, reviewed in Farmer 2006). More recently additional cellular models have become available to study adipogenesis that involve almost all stages of development (reviewed in Rosen and MacDougald 2006). In vivo knockout mice lacking putative adipogenic factors have also been extensively studied. Human pathways are traditionally inferred from those discovered in mouse but are now beginning to be validated in cellular models derived from human adipose progenitors (Fischer-Posovszky et al. 2008, Wdziekonski et al. 2011).<br>Adipogenesis is controlled by a cascade of transcription factors (Yeh et al. 1995, reviewed in Farmer 2006, Gesta et al. 2007). One of the first observable events during adipocyte differentiation is a transient increase in expression of the CEBPB (CCAAT/Enhancer Binding Protein Beta, C/EBPB) and CEBPD (C/EBPD) transcription factors (Cao et al. 1991, reviewed in Lane et al. 1999). This occurs prior to the accumulation of lipid droplets. However, it is the subsequent inductions of CEBPA and PPARG that are critical for morphological, biochemical and functional adipocytes.<br>Ectopic expression of CEBPB alone is capable of inducing substantial adipocyte differentiation in fibroblasts while CEBPD has a minimal effect. CEBPB is upregulated in response to intracellular cAMP (possibly via pCREB) and serum mitogens (possibly via Krox20). CEBPD is upregulated in response to glucocorticoids. The exact mechanisms that upregulate the CEBPs are not fully known.<br>CEBPB and CEBPD act directly on the Peroxisome Proliferator-activated Receptor Gamma (PPARG) gene by binding its promoter and activating transcription. CEBPB and CEBPD also directly activate the EBF1 gene (and possibly other EBFs) and KLF5 (Jimenez et al. 2007, Oishi 2005). The EBF1 and KLF5 proteins, in turn bind, and activate the PPARG promoter. Other hormones, such as insulin, affect PPARG expression and other transcription factors, such as ADD1/SREBP1c, bind the PPARG promoter. This is an area of ongoing research.<br>During adipogenesis the PPARG gene is transcribed to yield 2 variants. The adipogenic variant 2 mRNA encodes 30 additional amino acids at the N-terminus compared to the widely expressed variant 1 mRNA.<br>PPARG encodes a type II nuclear hormone receptor (remains in the nucleus in the absence of ligand) that forms a heterodimer with the Retinoid X Receptor Alpha (RXRA). The heterodimer was initially identified as a complex regulating the aP2/FABP4 gene and named ARF6 (Tontonoz et al. 1994).<br>The PPARG:RXRA heterodimer binds a recognition sequence that consists of two hexanucleotide motifs (DR1 motifs) separated by 1 nucleotide. Binding occurs even in the absence of ligands, such as fatty acids, that activate PPARG. In the absence of activating ligands, the PPARG:RXRA complex recruits repressors of transcription such as SMRT/NCoR2, NCoR1, and HDAC3 (Tontonoz and Spiegelman 2008).<br>Each molecule of PPARG can bind 2 molecules of activating ligands. Although, the identity of the endogenous ligands of PPARG is unknown, exogenous activators include fatty acids and the thiazolidinedione class of antidiabetic drugs (reviewed in Berger et al. 2005, Heikkinen et al. 2007, Lemberger et al. 1996). The most potent activators of PPARG in vitro are oxidized derivatives of unsaturated fatty acids.. Upon binding activating ligands PPARG causes a rearrangement of adjacent factors: Corepressors such as SMRT/NCoR2 are lost and coactivators such as TIF2, PRIP, CBP, and p300 are recruited (Tontonoz and Spiegelman). PPARG also binds directly to the TRAP220 subunit of the TRAP/Mediator complex that recruits RNA polymerase II. Thus binding of activating ligand by PPARG causes transcription of PPARG target genes.<br>Targets of PPARG include genes involved in differentiation (PGAR/HFARP, Perilipin, aP2/FABP4, CEBPA), fatty acid transport (LPL, FAT/CD36), carbohydrate metabolism (PEPCK-C, AQP7, GK, GLUT4 (SLC2A4)), and energy homeostasis (LEPTIN and ADIPONECTIN) (Perera et al. 2006).<br>Within 10 days of differentiation CEBPB and CEBPD are no longer located at the PPARG promoter. Instead CEBPA is present. EBF1 and PPARG bind the CEBPA promoter and activate transcription of CEBPA, one of the key transcription factors in adipogenesis. A current hypothesis posits a self-reinforcing loop that maintains PPARG expression and the differentiated state: PPARG activates CEBPA and CEBPA activates PPARG. Additionally EBF1 (and possibly other EBFs) activates CEBPA, CEBPA activates EBF1, and EBF1 activates PPARG.",4,"Signaling by Leptin; Transcriptional regulation of white adipocyte differentiation; Synthesis, secretion, and inactivation of Glucagon-like Peptide-1 (GLP-1); Synthesis, secretion, and deacylation of Ghrelin",https://reactome.org/content/detail/R-HSA-381340,Human pathway mapping returned,Reactome pathway membership of the mapped human protein.
LEP,P41159,R-HSA-381771,"Synthesis, secretion, and inactivation of Glucagon-like Peptide-1 (GLP-1)",Pathway,Synthesis of Preproglucagon in intestinal L cells; Signal peptidase hydrolyzes preproGLP-1 to proGLP-1; Proglucagon translocates from the ER Lumen to secretory granules; PCSK1 hydrolyzes Proglucagon to Glucagon-like Peptide-1; Glucagon-like Peptide 1 is secreted from intestinal L cells; DPP4(1-766) hydrolyzes Glucagon-like Peptide-1 (GLP-1); DPP4(39-766) hydrolyzes Glucagon-like Peptide-1 (GLP-1); DPP4 binds DPP4 inhibitors,"In L cells of the intestine the transcription factors TCF-4 (TCF7L2) and Beta-catenin form a heterodimer and bind the G2 enhancer of the Proglucagon gene GCG,activating its transcription to yield Proglucagon mRNA and, following translation, Proglucagon protein. The prohormone convertase PC1 present in the secretory granules of L cells cleaves Proglucagon at two sites to yield mostly Glucagon-like Peptide-1 (7-36) with a small amount of Glucagon-like Peptide-1 (7-37). Glucagon-like Peptide-1 (7-36 and 7-37) (GLP-1) is secreted into the bloodstream in response to glucose, fatty acids, insulin, leptin, gastrin-releasing peptide, cholinergic transmitters, beta-adrenergic transmitters, and peptidergic transmitters. The half-life of GLP-1 in the bloodstream is determined by Dipeptidyl Peptidase IV, which cleaves 2 amino acids at the amino terminus of GLP-1, rendering it biologically inactive.",4,"Signaling by Leptin; Transcriptional regulation of white adipocyte differentiation; Synthesis, secretion, and inactivation of Glucagon-like Peptide-1 (GLP-1); Synthesis, secretion, and deacylation of Ghrelin",https://reactome.org/content/detail/R-HSA-381771,Human pathway mapping returned,Reactome pathway membership of the mapped human protein.
LEP,P41159,R-HSA-422085,"Synthesis, secretion, and deacylation of Ghrelin",Pathway,Expression of Preproghrelin; Cleavage of the signal peptide of Preproghrelin; Ghrelin O-acyltransferase octanoylates Proghrelin; Ghrelin O-acyltransferase decanoylates Proghrelin; PCSK1 hydrolyzes acyl Proghrelin to acyl Ghrelin; Acyl Ghrelin and C-Ghrelin are secreted; Butyrylcholinesterase hydrolyzes acyl Ghrelin; Platelet-activating factor acetylhydrolase (PLA2G7) hydrolyzes acyl Ghrelin,"Ghrelin is a peptide hormone of 28 amino acid residues which is acylated at the serine-3 of the mature peptide. Ghrelin is synthesized in several tissues: X/A-like cells of the gastric mucosa (the major source of ghrelin), hypothalamus, pituitary, adrenal gland, thyroid, breast, ovary, placenta, fallopian tube, testis, prostate, liver, gall bladder, pancreas, fat tissue, human lymphocytes, spleen, kidney, lung, skeletal muscle, myocardium, vein and skin. Ghrelin binds the GHS-R1a receptor present in hypothalamus pituitary, and other tissues. Binding causes appetite stimulation and release of growth hormone. Levels of circulating ghrelin rise during fasting, peak before a meal, and fall according to the calories ingested.<br>Preproghrelin is cleaved to yield proghrelin which is then acylated by ghrelin O-acyltransferase to yield octanoyl ghrelin and decanoyl ghrelin. Only octanoyl ghrelin is able to bind and activate the GHS-R1a receptor. Unacylated ghrelin (des-acyl ghrelin) is also present in plasma but its function is controversial.<br>Acyl proghrelin is cleaved by prohormone convertase 1/3 to yield the mature acyl ghrelin and C-ghrelin. Secretion of ghrelin is inhibited by insulin, growth hormone (somatotropin), leptin, glucose, glucagon, and fatty acids. Secretion is stimulated by insulin-like growth factor-1 and muscarinic agonists.<br>In the bloodstream acyl ghrelin is deacylated by butyrylcholinesterase and platelet-activating factor acetylhydrolase. Other enzymes may also deacylate acyl ghrelin.",4,"Signaling by Leptin; Transcriptional regulation of white adipocyte differentiation; Synthesis, secretion, and inactivation of Glucagon-like Peptide-1 (GLP-1); Synthesis, secretion, and deacylation of Ghrelin",https://reactome.org/content/detail/R-HSA-422085,Human pathway mapping returned,Reactome pathway membership of the mapped human protein.
LEPR,P48357,R-HSA-2586552,Signaling by Leptin,Pathway,Leptin Binds Leptin Receptor; JAK2 Autophosphorylates in Response to Leptin; JAK2 Phosphorylates LEPR; Phosphorylated LEPR Binds SHP2 (PTPN11); JAK2 Phosphorylates SHP2 (PTPN11) in Response to Leptin; Phosphorylated LEPR Binds STAT5; JAK2 Phosphorylates STAT5 in Response to Leptin; Phosphorylated STAT5 Dissociates from Leptin Receptor; p-STAT5 dimerizes; STAT5 dimers translocate to the nucleus; Phosphorylated LEPR Binds STAT3; JAK2 Phosphoryates STAT3 in Response to Leptin; Phosphorylated STAT3 Dissociates from Leptin Receptor; Phosphorylated STAT3 Forms Dimers; Phosphorylated STAT3 Dimer Translocates to the Nucleus; Phosphorylated LEP:LEPR:JAK2 Binds SH2B1; Phosphorylated LEP:LEPR:JAK2:SH2B1 Binds IRS1/2; JAK2 Phosphorylates IRS in Response to Leptin; Phosphorylated LEPR Binds SOCS3,"Leptin (LEP, OB, OBS), a circulating adipokine, and its receptor LEPR (DB, OBR) control food intake and energy balance and are implicated in obesity-related diseases (recently reviewed in Amitani et al. 2013, Dunmore and Brown 2013, Cottrell and Mercer 2012, La Cava 2012, Marroqui et al. 2012, Paz-Filho et al. 2012, Denver et al. 2011, Lee 2011, Marino et al. 2011, Morton and Schwartz 2011, Scherer and Buettner 2011, Shan and Yeo 2011, Wauman and Tavernier 2011, Dardeno et al. 2010, Bjorbaek 2009, Morris and Rui 2009, Myers et al. 2008), including cancer (Guo et al. 2012), inflammation (Newman and Gonzalez-Perez 2013, Iikuni et al. 2008), and angiogenesis (Gonzalez-Perez et al. 2013).<br>The identification of spontaneous mutations in the leptin gene (ob or LEP) and the leptin receptor gene (Ob-R, db or LEPR) genes in mice opened up a new field in obesity research. Leptin was discovered as the product of the gene affected by the ob (obesity) mutation, which causes obesity in mice. Likewise LEPR is the product of the gene affected by the db (diabetic) mutation. Leptin binding to LEPR induces canonical (JAK2/STATs; MAPK/ERK 1/2, PI-3K/AKT) and non-canonical signaling pathways (PKC, JNK, p38 MAPK and AMPK) in diverse cell types. The binding of leptin to the long isoform of LEPR (OB-Rl) initiates a phosphorylation cascade that results in transcriptional activation of target genes by STAT5 and STAT3 and activation of the PI3K pathway(not shown here), the MAPK/ERK pathway, and the mTOR/S6K pathway. Shorter LEPR isoforms with truncated intracellular domains are unable to activate the STAT pathway, but can transduce signals by way of activation of JAK2, IRS-1 or ERKs, including MAPKs.<br>LEPR is constitutively bound to the JAK2 kinase. Binding of LEP to LEPR causes a conformational change in LEPR that activates JAK2 autophosphorylation followed by phosphorylation of LEPR by JAK2. Phosphorylated LEPR binds STAT3, STAT5, and SHP2 which are then phosphorylated by JAK2. Phosphorylated JAK2 binds SH2B1 which then binds IRS1/2, resulting in phosphorylation of IRS1/2 by JAK2. Phosphorylated STAT3 and STAT5 dimerize and translocate to the nucleus where they activate transcription of target genes (Jovanovic et al. 2010). SHP2 activates the MAPK pathway. IRS1/2 activate the PI3K/AKT pathway which may be the activator of mTOR/S6K.<br>Several isoforms of LEPR have been identified (reviewed in Gorska et al. 2010). The long isoform (LEPRb, OBRb) is expressed in the hypothalamus and all types of immune cells. It is the only isoform known to fully activate signaling pathways in response to leptin. Shorter isoforms (LEPRa, LEPRc, LEPRd, and a soluble isoform LEPRe) are able to interact with JAK kinases and activate other pathways, however their roles in energy homeostasis are not fully characterized.",1,Signaling by Leptin,https://reactome.org/content/detail/R-HSA-2586552,Human pathway mapping returned,Reactome pathway membership of the mapped human protein.
POMC,P01189,R-HSA-111885,Opioid Signalling,Pathway,Opioid binds MOR; G-protein activation; Opioid dissociates from MOR; G-protein mediated events; DARPP-32 events,"Opioids are chemical substances similar to opiates, the active substances found in opium  (morphine, codeine etc.). Opioid action is mediated by the receptors for endogenous opioids; peptides such as the enkephalins, the endorphins or the dynorphins.  Opioids possess powerful analgesic and sedative effects, and are widely used as pain-killers. Their main side-effect is the rapid establishment of a strong addiction.  Opioids receptors are G-protein coupled receptors (GPCR). There are four classes of receptors:  mu (MOR), kappa (KOR) and delta (DOR), and the nociceptin receptor (NOP).",13,"Opioid Signalling; Androgen biosynthesis; Glucocorticoid biosynthesis; G-protein activation; Peptide hormone biosynthesis; Endogenous sterols; Peptide ligand-binding receptors; G alpha (s) signalling events; G alpha (i) signalling events; Defective ACTH causes obesity and POMCD; Interleukin-4 and Interleukin-13 signaling; FOXO-mediated transcription of oxidative stress, metabolic and neuronal genes; Transcriptional and post-translational regulation of MITF-M expression and activity",https://reactome.org/content/detail/R-HSA-111885,Human pathway mapping returned,Reactome pathway membership of the mapped human protein.
POMC,P01189,R-HSA-193048,Androgen biosynthesis,Pathway,"CYP17A1 17-hydroxylates PREG; CYP17A1 cleaves 17aHPREG to DHA; HSD2B1 dimer, HSD3B2 dimer isomerise DHA to ANDST; CYP17A1 17-hydroxylates P4 to 17aHPROG; CYP17A1 cleaves 17aHPROG to ANDST; HSD17B3-like proteins reducde ANDST to TEST; SRD5A1 dehydrogenates TEST to DHTEST; SRD5A2 dehydrogenates TEST to DHTEST; SRD5A2 binds SRD5A2 inhibitors; SRD5A3 dehydrogenates TEST to DHTEST",Androgens are the determining factors for male development and behaviour in vertebrates (Miller 2002).,13,"Opioid Signalling; Androgen biosynthesis; Glucocorticoid biosynthesis; G-protein activation; Peptide hormone biosynthesis; Endogenous sterols; Peptide ligand-binding receptors; G alpha (s) signalling events; G alpha (i) signalling events; Defective ACTH causes obesity and POMCD; Interleukin-4 and Interleukin-13 signaling; FOXO-mediated transcription of oxidative stress, metabolic and neuronal genes; Transcriptional and post-translational regulation of MITF-M expression and activity",https://reactome.org/content/detail/R-HSA-193048,Human pathway mapping returned,Reactome pathway membership of the mapped human protein.
POMC,P01189,R-HSA-194002,Glucocorticoid biosynthesis,Pathway,"CYP17A1 17-hydroxylates PREG; 17-Hydroxypregnenolone is dehydrogenated to form pregn-5-ene-3,20-dione-17-ol; Pregn-5-ene-3,20-dione-17-ol isomerizes to 17-hydroxyprogesterone; CYP21A2 oxidises 17HPROG; 11-deoxycortisol translocates to the mitochondrion; CYP11B1 oxidises 11DCORT; Cortisol translocates from the mitochondrial matrix to the cytosol; HSD11B2,HSD11B1 dimer oxidise CORT to COR; Corticosteroids bind to CBG in blood","Cortisol, the major human glucocorticoid, is synthesized in the zona fasciculata of the adrenal cortex from pregnenolone. Pregnenolone is converted to 17alpha-hydoxyprogesterone in two reactions, both catalyzed by 3-beta-hydroxysteroid dehydrogenase/isomerase. 17Alpha-hydroxyprogesterone is hydroxylated by CYP21A2 to form 11-deoxycortisol, which in turn is converted to cortisol by CYP11B1. The conversion of the active steroid hormone, cortisol, to inactive cortisone occurs in many tissues, notably the liver (Payne and Hales 2004).",13,"Opioid Signalling; Androgen biosynthesis; Glucocorticoid biosynthesis; G-protein activation; Peptide hormone biosynthesis; Endogenous sterols; Peptide ligand-binding receptors; G alpha (s) signalling events; G alpha (i) signalling events; Defective ACTH causes obesity and POMCD; Interleukin-4 and Interleukin-13 signaling; FOXO-mediated transcription of oxidative stress, metabolic and neuronal genes; Transcriptional and post-translational regulation of MITF-M expression and activity",https://reactome.org/content/detail/R-HSA-194002,Human pathway mapping returned,Reactome pathway membership of the mapped human protein.
POMC,P01189,R-HSA-202040,G-protein activation,Pathway,The high affinity receptor complex binds to G-protein; The receptor:G-protein complex releases GDP; The receptor:G-protein complex  binds GTP; The receptor:G-protein complex dissociates; G-protein alpha subunit is inactivated; G-protein beta-gamma subunits rebind the alpha-GDP subunit,"Receptor activated heterotrimeric G proteins consist of the Galpha and the tightly associated Gbeta-gamma subunits.  When a ligand binds to a G protein-coupled receptor, it stabilises a conformation with an high affinity for the G-protein bound to GDP. GDP is then exchanged for GTP on the Galpha subunit. This exchange triggers the dissociation of the Galpha subunit from the Gbeta-gamma dimer and the receptor. Galpha-GTP and Gbeta-gamma, can then modulate different signalling cascades and effector proteins, while the receptor is able to activate another G protein, resulting in an amplification cascade. The Galpha subunit will eventually hydrolyze the attached GTP to GDP by its inherent enzymatic activity, allowing it to reassociate with Gbeta-gamma and start a new cycle.",13,"Opioid Signalling; Androgen biosynthesis; Glucocorticoid biosynthesis; G-protein activation; Peptide hormone biosynthesis; Endogenous sterols; Peptide ligand-binding receptors; G alpha (s) signalling events; G alpha (i) signalling events; Defective ACTH causes obesity and POMCD; Interleukin-4 and Interleukin-13 signaling; FOXO-mediated transcription of oxidative stress, metabolic and neuronal genes; Transcriptional and post-translational regulation of MITF-M expression and activity",https://reactome.org/content/detail/R-HSA-202040,Human pathway mapping returned,Reactome pathway membership of the mapped human protein.
POMC,P01189,R-HSA-209952,Peptide hormone biosynthesis,Pathway,Corticotropin cleavage from POMC; Glycoprotein hormones,Peptide hormones are peptides that are secreted directly into the blood stream (endocrine hormones). They are synthesized as precursors that require proteolytic processing (not discussed here) to generate the biologically active peptides that mediate neurotransmission and hormonal action. Glycoprotein hormones (those which include carbohydrate side-chains) and the processing of corticotropin are annotated here.,13,"Opioid Signalling; Androgen biosynthesis; Glucocorticoid biosynthesis; G-protein activation; Peptide hormone biosynthesis; Endogenous sterols; Peptide ligand-binding receptors; G alpha (s) signalling events; G alpha (i) signalling events; Defective ACTH causes obesity and POMCD; Interleukin-4 and Interleukin-13 signaling; FOXO-mediated transcription of oxidative stress, metabolic and neuronal genes; Transcriptional and post-translational regulation of MITF-M expression and activity",https://reactome.org/content/detail/R-HSA-209952,Human pathway mapping returned,Reactome pathway membership of the mapped human protein.
POMC,P01189,R-HSA-211976,Endogenous sterols,Pathway,"CYP1B1 4-hydroxylates EST17b; CYP7A1 7-hydroxylates CHOL; CYP7B1 7-hydroxylates 25OH-CHOL; Sterols are 12-hydroxylated by CYP8B1; CYP11A1 cleaves 20a,22b-DHCHOL; CYP11B1 oxidises 11DCORT; CYP11B2 oxidises 11DCORST to CORST; CYP11B2 18-hydroxylates CORST to 18HCORST; CYP11B2 oxidises 18HCORST to ALDO; CYP19A1 hydroxylates ANDST to E1; CYP21A2 21-hydroxylates PROG; CYP27A1 27-hydroxylates CHOL; CYP39A1 7-hydroxylates 24OH-CHOL; CYP46A1 24-hydroxylates CHOL; CYP51A1 demethylates LAN; CYP4V2 omega-hydroxylates DHA to HDoHE","A number of CYPs take part in cholesterol biosynthesis and elimination, thus playing an important role in maintaining cholesterol homeostasis. Under normal physiological conditions, cholesterol intake (diet or synthesized de novo from acetyl CoA) equals cholesterol elimination (degraded to bile salts, secreted in bile and used in steroid hormone synthesis). These processes are under tight regulatory control and any disruption leads to increased cholesterol levels resulting in cardiovacular disease. The CYPs involved in cholesterol homeostasis could serve as potential targets for cholesterol-lowering drugs (Lewis 2004, Guengerich 2006, Pikuleva 2006).",13,"Opioid Signalling; Androgen biosynthesis; Glucocorticoid biosynthesis; G-protein activation; Peptide hormone biosynthesis; Endogenous sterols; Peptide ligand-binding receptors; G alpha (s) signalling events; G alpha (i) signalling events; Defective ACTH causes obesity and POMCD; Interleukin-4 and Interleukin-13 signaling; FOXO-mediated transcription of oxidative stress, metabolic and neuronal genes; Transcriptional and post-translational regulation of MITF-M expression and activity",https://reactome.org/content/detail/R-HSA-211976,Human pathway mapping returned,Reactome pathway membership of the mapped human protein.
POMC,P01189,R-HSA-375276,Peptide ligand-binding receptors,Pathway,"AGT(25-32) binds to AGTR1; AGT(25-32) binds to AGTR2; ARBs bind AGTR1; AGT(25-31) binds MAS1; Alamandine binds MRGPRD (MrgD); Apelin receptor binds to apelin; Bombesin-like receptors bind bombesin homologues; Bradykinin receptors B1 and B2 bind to bradykinin; C5AR2 binds anaphylatoxins and thier desArginated derivatives; C5a receptor binds C5a anaphylatoxin; C3a receptor binds anaphylatoxin C3a; DARC  is a non-specific receptor for many chemokines; G protein-coupled estrogen receptor 1 binds estrogen non-classically; GPCR neuropeptide receptor binds neuropeptides B and W; Nociceptin receptor binds to nociceptin; Opioid receptors bind opioid peptides; Chemokine receptors bind chemokines; Somatostatin receptors bind somatostatin and cortistatin; Tachykinin receptors bind tachykinins; Vasopressin-like receptors; Cholecystokinin receptors bind cholecystokinin; ECE1 cleaves EDN1(53-90); ECE2 cleaves EDN1(53-90); XK:KEL:Zn2+ cleaves EDN3; EDNRA,EDNRB bind EDNs; EDNRA binds EDNs; EDNRA, EDNRB bind non-selective ERAs; EDNRA binds selective ERAs; Melanocortin receptors bind melanocortins; POMC(138-176) binds MC2R; Prolactin-releasing hormone receptor binds PRH; Neuropeptide Y receptors can bind neuropeptide Y-related peptides; Neurotensin receptors can bind neurotensins; Galanin receptors can bind galanin; The Kiss receptor GPR54 binds kisspeptin; Proteinase-activated receptors can bind thrombin; Orexin and neuropeptides FF and QRFP bind to their respective receptors; MLNR (GPR38) is a receptor for motilin; Formyl peptide receptors bind formyl peptides and many other ligands; Thyrotropin-releasing hormone receptor binds thyrotropin; Neuropeptide S receptor binds neuropeptide S; Prokineticin receptors bind prokineticin; Relaxin receptors; Urotensin-2 receptor binds urotensin-2 and 2B; GHSR is a receptor for ghrelin; Melanin-concentrating hormone receptors bind MCH; Neuromedin-U receptors bind neuromedins U, S; NMUR2 binds neuromedin-S; GPR37 binds prosaptide; GPR37L binds prosaposin; Neurolysin degrades neurotensin","These receptors, a subset of the Class A/1 (Rhodopsin-like) family, all bind peptide ligands which include the chemokines, opioids and somatostatins.",13,"Opioid Signalling; Androgen biosynthesis; Glucocorticoid biosynthesis; G-protein activation; Peptide hormone biosynthesis; Endogenous sterols; Peptide ligand-binding receptors; G alpha (s) signalling events; G alpha (i) signalling events; Defective ACTH causes obesity and POMCD; Interleukin-4 and Interleukin-13 signaling; FOXO-mediated transcription of oxidative stress, metabolic and neuronal genes; Transcriptional and post-translational regulation of MITF-M expression and activity",https://reactome.org/content/detail/R-HSA-375276,Human pathway mapping returned,Reactome pathway membership of the mapped human protein.
POMC,P01189,R-HSA-418555,G alpha (s) signalling events,Pathway,"Liganded Gs-activating GPCRs bind inactive heterotrimeric Gs; Liganded Gs-activating GPCR acts as a GEF for Gs; The Ligand:GPCR:Gs complex dissociates; G alpha (s) activates adenylate cyclase; Adenylate cyclase converts ATP to 3',5'-cyclic AMP (cAMP) and pyrophosphate; cAMP degradation by Phosphodiesterases; PDE4A hydrolyses cAMP to AMP; PDE4A binds PDE4A inhibitors; PDE3A hydrolyses cAMP to AMP; PDE3B hydrolyses cAMP to AMP; PDE3A inhibitors bind PDE3A; G alpha (s) auto-inactivates by hydrolysing GTP to GDP; Inactive G alpha (s) reassociates with G beta:gamma; ADRB2 in ADRB2:GRK complex is phosphorylated; ADRB2:Catecholamine binds ARRB1, ARRB2; G protein alpha (s):GTP binds SRC; G alpha (s):GTP:SRC catalyzes SRC to p-Y419-SRC; G alpha (s):GTP:SRC dissociates; GRKs bind ADRB2:Catecholamine; ADRB2:GRK complex dissociates to Phosphorylated ADRB2; GPER1 signaling","The general function of the G alpha (s) subunit (Gs) is to activate adenylate cyclase (Tesmer et al. 1997), which in turn produces cAMP, leading to the activation of cAMP-dependent protein kinases (often referred to collectively as Protein Kinase A). The signal from the ligand-stimulated GPCR is amplified because the receptor can activate several Gs heterotrimers before it is inactivated. Another downstream effector of G alpha (s) is the protein tyrosine kinase c-Src (Ma et al. 2000).",13,"Opioid Signalling; Androgen biosynthesis; Glucocorticoid biosynthesis; G-protein activation; Peptide hormone biosynthesis; Endogenous sterols; Peptide ligand-binding receptors; G alpha (s) signalling events; G alpha (i) signalling events; Defective ACTH causes obesity and POMCD; Interleukin-4 and Interleukin-13 signaling; FOXO-mediated transcription of oxidative stress, metabolic and neuronal genes; Transcriptional and post-translational regulation of MITF-M expression and activity",https://reactome.org/content/detail/R-HSA-418555,Human pathway mapping returned,Reactome pathway membership of the mapped human protein.
POMC,P01189,R-HSA-418594,G alpha (i) signalling events,Pathway,"Liganded Gi-activating GPCRs bind inactive heterotrimeric G-protein Gi; Liganded Gi-activating GPCR acts as a GEF for Gi; The Ligand:GPCR:Gi complex dissociates; G alpha (i) inhibits adenylate cyclase; Adenylate cyclase converts ATP to 3',5'-cyclic AMP (cAMP) and pyrophosphate; Opsins act as GEFs for G alpha-t; G alpha (i) auto-inactivates by hydrolysing GTP to GDP; Inactive G alpha (i) reassociates with G beta:gamma; G alpha (i):GTP binds SRC; G protein alpha (i)-SRC complex catalyzes SRC to p-Y419-SRC; G protein alpha (i)-SRC complex dissociates to G protein alpha (i) and Active SRC; Active G alpha (i)–i1/i2/i3 binds RGS proteins; G alpha (i)–i1/i2/i3 in G (i):RGS complex is inactivated; G alpha (i):RGS dissociates to inactive G alpha (i)–i1/i2/i3; Opsins binds G alpha-t; G-alpha(t):G-beta-gamma:Opsins complex dissociates to active G-alpha(t); Opioid Signalling",The classical signalling mechanism for G alpha (i) is inhibition of the cAMP dependent pathway through inhibition of adenylate cyclase (Dessauer C W et al. 2002). Decreased production of cAMP from ATP results in decreased activity of cAMP-dependent protein kinases. Other functions of G alpha (i) includes activation of the protein tyrosine kinase c-Src (Ma Y C et al. 2000). Regulator of G-protein Signalling (RGS) proteins can regulate the activity of G alpha (i) (Soundararajan et al. 2008).,13,"Opioid Signalling; Androgen biosynthesis; Glucocorticoid biosynthesis; G-protein activation; Peptide hormone biosynthesis; Endogenous sterols; Peptide ligand-binding receptors; G alpha (s) signalling events; G alpha (i) signalling events; Defective ACTH causes obesity and POMCD; Interleukin-4 and Interleukin-13 signaling; FOXO-mediated transcription of oxidative stress, metabolic and neuronal genes; Transcriptional and post-translational regulation of MITF-M expression and activity",https://reactome.org/content/detail/R-HSA-418594,Human pathway mapping returned,Reactome pathway membership of the mapped human protein.
POMC,P01189,R-HSA-5579031,Defective ACTH causes obesity and POMCD,Pathway,Defective ACTH does not bind MCR2,"The precursor peptide pro-opiomelanocortin (POMC) gives rise to many peptide hormones through cleavage. The cleavage products corticotropin (ACTH) and beta-lipotropin give rise to smaller peptides that have distinct biologic activities: alpha-melanotropin and corticotropin-like intermediate lobe peptide (CLIP) are formed from ACTH; gamma-LPH and beta-endorphin are formed from beta-LPH. ACTH (POMC(138-176) stimulates the adrenal glands to release cortisol, a glucocorticoid released in response to stress whose primary functions are to stimulate gluconeogenesis, suppress the immune system and aid metabolism of fats, proteins and carbohydrates.<br><br>Defects in ACTH can cause obesity (MIM:601665) resulting in excessive accumulation of body fat (Challis et al. 2002, Millington 2013). Defects in ACTH can also cause pro-opiomelanocortinin deficiency (POMCD; MIM:609734) where affected individuals present early-onset obesity, adrenal insufficiency and red hair (Krude et al. 1998, Krude et al. 2003).",13,"Opioid Signalling; Androgen biosynthesis; Glucocorticoid biosynthesis; G-protein activation; Peptide hormone biosynthesis; Endogenous sterols; Peptide ligand-binding receptors; G alpha (s) signalling events; G alpha (i) signalling events; Defective ACTH causes obesity and POMCD; Interleukin-4 and Interleukin-13 signaling; FOXO-mediated transcription of oxidative stress, metabolic and neuronal genes; Transcriptional and post-translational regulation of MITF-M expression and activity",https://reactome.org/content/detail/R-HSA-5579031,Human pathway mapping returned,Reactome pathway membership of the mapped human protein.
POMC,P01189,R-HSA-6785807,Interleukin-4 and Interleukin-13 signaling,Pathway,,,13,"Opioid Signalling; Androgen biosynthesis; Glucocorticoid biosynthesis; G-protein activation; Peptide hormone biosynthesis; Endogenous sterols; Peptide ligand-binding receptors; G alpha (s) signalling events; G alpha (i) signalling events; Defective ACTH causes obesity and POMCD; Interleukin-4 and Interleukin-13 signaling; FOXO-mediated transcription of oxidative stress, metabolic and neuronal genes; Transcriptional and post-translational regulation of MITF-M expression and activity",https://reactome.org/content/detail/R-HSA-6785807,Human pathway mapping returned; pathway detail cap reached,Reactome pathway membership of the mapped human protein.
POMC,P01189,R-HSA-9615017,"FOXO-mediated transcription of oxidative stress, metabolic and neuronal genes",Pathway,,,13,"Opioid Signalling; Androgen biosynthesis; Glucocorticoid biosynthesis; G-protein activation; Peptide hormone biosynthesis; Endogenous sterols; Peptide ligand-binding receptors; G alpha (s) signalling events; G alpha (i) signalling events; Defective ACTH causes obesity and POMCD; Interleukin-4 and Interleukin-13 signaling; FOXO-mediated transcription of oxidative stress, metabolic and neuronal genes; Transcriptional and post-translational regulation of MITF-M expression and activity",https://reactome.org/content/detail/R-HSA-9615017,Human pathway mapping returned; pathway detail cap reached,Reactome pathway membership of the mapped human protein.
POMC,P01189,R-HSA-9856649,Transcriptional and post-translational regulation of MITF-M expression and activity,Pathway,,,13,"Opioid Signalling; Androgen biosynthesis; Glucocorticoid biosynthesis; G-protein activation; Peptide hormone biosynthesis; Endogenous sterols; Peptide ligand-binding receptors; G alpha (s) signalling events; G alpha (i) signalling events; Defective ACTH causes obesity and POMCD; Interleukin-4 and Interleukin-13 signaling; FOXO-mediated transcription of oxidative stress, metabolic and neuronal genes; Transcriptional and post-translational regulation of MITF-M expression and activity",https://reactome.org/content/detail/R-HSA-9856649,Human pathway mapping returned; pathway detail cap reached,Reactome pathway membership of the mapped human protein.
PPARG,P37231,R-HSA-1989781,PPARA activates gene expression,Pathway,"Expression of 3-Hydroxy-3-methylglutaryl-coenzyme A Reductase (HMGCR); Expression of ABCA1; Expression of ABCB4; Expression of ACADM; Expression of ACOX1; Expression of ACSL1; Expression of AGT; Expression of ALAS1; Expression of ANGPTL4; Expression of ANKRD1; Expression of APOA1; Expression of APOA2; Expression of APOA5; Expression of CD36 (platelet glycoprotein IV, FAT); Expression of Carnitine O-palmitoyltransferase 1 CPT1A; Expression of CPT2; Expression of CYP1A1; Expression of CYP4A11; Expression of CYP7A1; Expression of FABP1; Expression of FADS1; Expression of FATP1 (SLC27A1); Expression of FHL2; Expression of Farnesyldiphosphate Farnesyltransferase (FDFT1, Squalene Synthase); Expression of G0S2; Expression of GLIPR1; Expression of GRHL1; Expression of Hydroxymethylglutaryl coenzyme A synthase (HMGCS1); Expression of HMGCS2; Expression of ME1; RORA and PPARA positively regulate and NR1D1 negatively regulates expression of NPAS2; Expression of PEX11A; Expression of PLIN2; Expression of PPARA; Expression of RGL1; Expression of SULT2A1; Expression of TIAM2; Expression of TNFRSF21; Expression of TRIB3; Expression of TXNRD1; Expression of UGT1A9","The set of genes regulated by PPAR-alpha is not fully known in humans, however many examples have been found in mice. Genes directly activated by PPAR-alpha contain peroxisome proliferator receptor elements (PPREs) in their promoters and include: <br>1) genes involved in fatty acid oxidation and ketogenesis (Acox1, Cyp4a, Acadm, Hmgcs2);<br>2) genes involved in fatty acid transport (Cd36, , Slc27a1, Fabp1, Cpt1a, Cpt2);<br>3) genes involved in producing fatty acids and very low density lipoproteins (Me1, Scd1);<br>4) genes encoding apolipoproteins (Apoa1, Apoa2, Apoa5);<br>5) genes involved in triglyceride clearance ( Angptl4);<br>6) genes involved in glycerol metabolism (Gpd1 in mouse);<br>7) genes involved in glucose metabolism (Pdk4);<br>8) genes involved in peroxisome proliferation (Pex11a);<br>9) genes involved in lipid storage (Plin, Adfp).<br>Many other genes are known to be regulated by PPAR-alpha but whether their regulation is direct or indirect remains to be found. These genes include: ACACA, FAS, SREBP1, FADS1, DGAT1, ABCA1, PLTP, ABCB4, UGT2B4, SULT2A1, Pnpla2, Acsl1, Slc27a4, many Acot genes, and others (reviewed in Rakhshandehroo et al. 2010).",8,PPARA activates gene expression; Transcriptional regulation of white adipocyte differentiation; Nuclear Receptor transcription pathway; SUMOylation of intracellular receptors; Regulation of PTEN gene transcription; MECP2 regulates transcription factors; MLL4 and MLL3 complexes regulate expression of PPARG target genes in adipogenesis and hepatic steatosis; Transcriptional regulation of brown and beige adipocyte differentiation by EBF2,https://reactome.org/content/detail/R-HSA-1989781,Human pathway mapping returned,Reactome pathway membership of the mapped human protein.
PPARG,P37231,R-HSA-381340,Transcriptional regulation of white adipocyte differentiation,Pathway,"Expression of CEBPB in adipogenesis; Expression of CEBPD; Expression of KLF5; Expression of EBF1; Expression of PPARG; Formation of PPARG:RXRA heterodimer (ARF6 complex); PPARG:RXRA heterodimer binds to PPARG corepressors; PPARG:RXRA heterodimer binds to fatty acid-like ligands; PPARG binds PPARG agonists; Expression of FABP4 (aP2); Expression of Perilipin (PLIN); Expression of Phosphoenolpyruvate carboxykinase 1 (PEPCK-C); Expression of ANGPTL4; Expression of Lipoprotein lipase (LPL); Expression of CEBPA; Expression of CD36 (platelet glycoprotein IV, FAT); Expression of Leptin; Expression of Adiponectin; Expression of GLUT4","Adipogenesis is the process of cell differentiation by which preadipocytes become adipocytes. During this process the preadipocytes cease to proliferate, begin to accumulate lipid droplets and develop morphologic and biochemical characteristics of mature adipocytes such as hormone responsive lipogenenic and lipolytic programs. The most intensively studied model system for adipogenesis is differentiation of the mouse 3T3-L1 preadipocyte cell line by an induction cocktail of containing mitogens (insulin/IGF1), glucocorticoid (dexamethasone), an inducer of cAMP (IBMX), and fetal serum (Cao et al. 1991, reviewed in Farmer 2006). More recently additional cellular models have become available to study adipogenesis that involve almost all stages of development (reviewed in Rosen and MacDougald 2006). In vivo knockout mice lacking putative adipogenic factors have also been extensively studied. Human pathways are traditionally inferred from those discovered in mouse but are now beginning to be validated in cellular models derived from human adipose progenitors (Fischer-Posovszky et al. 2008, Wdziekonski et al. 2011).<br>Adipogenesis is controlled by a cascade of transcription factors (Yeh et al. 1995, reviewed in Farmer 2006, Gesta et al. 2007). One of the first observable events during adipocyte differentiation is a transient increase in expression of the CEBPB (CCAAT/Enhancer Binding Protein Beta, C/EBPB) and CEBPD (C/EBPD) transcription factors (Cao et al. 1991, reviewed in Lane et al. 1999). This occurs prior to the accumulation of lipid droplets. However, it is the subsequent inductions of CEBPA and PPARG that are critical for morphological, biochemical and functional adipocytes.<br>Ectopic expression of CEBPB alone is capable of inducing substantial adipocyte differentiation in fibroblasts while CEBPD has a minimal effect. CEBPB is upregulated in response to intracellular cAMP (possibly via pCREB) and serum mitogens (possibly via Krox20). CEBPD is upregulated in response to glucocorticoids. The exact mechanisms that upregulate the CEBPs are not fully known.<br>CEBPB and CEBPD act directly on the Peroxisome Proliferator-activated Receptor Gamma (PPARG) gene by binding its promoter and activating transcription. CEBPB and CEBPD also directly activate the EBF1 gene (and possibly other EBFs) and KLF5 (Jimenez et al. 2007, Oishi 2005). The EBF1 and KLF5 proteins, in turn bind, and activate the PPARG promoter. Other hormones, such as insulin, affect PPARG expression and other transcription factors, such as ADD1/SREBP1c, bind the PPARG promoter. This is an area of ongoing research.<br>During adipogenesis the PPARG gene is transcribed to yield 2 variants. The adipogenic variant 2 mRNA encodes 30 additional amino acids at the N-terminus compared to the widely expressed variant 1 mRNA.<br>PPARG encodes a type II nuclear hormone receptor (remains in the nucleus in the absence of ligand) that forms a heterodimer with the Retinoid X Receptor Alpha (RXRA). The heterodimer was initially identified as a complex regulating the aP2/FABP4 gene and named ARF6 (Tontonoz et al. 1994).<br>The PPARG:RXRA heterodimer binds a recognition sequence that consists of two hexanucleotide motifs (DR1 motifs) separated by 1 nucleotide. Binding occurs even in the absence of ligands, such as fatty acids, that activate PPARG. In the absence of activating ligands, the PPARG:RXRA complex recruits repressors of transcription such as SMRT/NCoR2, NCoR1, and HDAC3 (Tontonoz and Spiegelman 2008).<br>Each molecule of PPARG can bind 2 molecules of activating ligands. Although, the identity of the endogenous ligands of PPARG is unknown, exogenous activators include fatty acids and the thiazolidinedione class of antidiabetic drugs (reviewed in Berger et al. 2005, Heikkinen et al. 2007, Lemberger et al. 1996). The most potent activators of PPARG in vitro are oxidized derivatives of unsaturated fatty acids.. Upon binding activating ligands PPARG causes a rearrangement of adjacent factors: Corepressors such as SMRT/NCoR2 are lost and coactivators such as TIF2, PRIP, CBP, and p300 are recruited (Tontonoz and Spiegelman). PPARG also binds directly to the TRAP220 subunit of the TRAP/Mediator complex that recruits RNA polymerase II. Thus binding of activating ligand by PPARG causes transcription of PPARG target genes.<br>Targets of PPARG include genes involved in differentiation (PGAR/HFARP, Perilipin, aP2/FABP4, CEBPA), fatty acid transport (LPL, FAT/CD36), carbohydrate metabolism (PEPCK-C, AQP7, GK, GLUT4 (SLC2A4)), and energy homeostasis (LEPTIN and ADIPONECTIN) (Perera et al. 2006).<br>Within 10 days of differentiation CEBPB and CEBPD are no longer located at the PPARG promoter. Instead CEBPA is present. EBF1 and PPARG bind the CEBPA promoter and activate transcription of CEBPA, one of the key transcription factors in adipogenesis. A current hypothesis posits a self-reinforcing loop that maintains PPARG expression and the differentiated state: PPARG activates CEBPA and CEBPA activates PPARG. Additionally EBF1 (and possibly other EBFs) activates CEBPA, CEBPA activates EBF1, and EBF1 activates PPARG.",8,PPARA activates gene expression; Transcriptional regulation of white adipocyte differentiation; Nuclear Receptor transcription pathway; SUMOylation of intracellular receptors; Regulation of PTEN gene transcription; MECP2 regulates transcription factors; MLL4 and MLL3 complexes regulate expression of PPARG target genes in adipogenesis and hepatic steatosis; Transcriptional regulation of brown and beige adipocyte differentiation by EBF2,https://reactome.org/content/detail/R-HSA-381340,Human pathway mapping returned,Reactome pathway membership of the mapped human protein.
PPARG,P37231,R-HSA-383280,Nuclear Receptor transcription pathway,Pathway,Formation of NR-NCOR Corepressor Complex; Formation of NR-MED1 Coactivator Complex,"A classic example of bifunctional transcription factors is the family of Nuclear Receptor (NR) proteins.  These are DNA-binding transcription factors that bind certain hormones, vitamins, and other small, diffusible signaling molecules.  The non-liganded NRs recruit specific corepressor complexes of the NCOR/SMRT type, to mediate transcriptional repression of the target genes to which they are bound.  During signaling, ligand binding to a specific domain the NR proteins induces a conformational change that results in the exchange of the associated CoR complex, and its replacement by a specific coactivator complex of the TRAP / DRIP / Mediator type.  These coactivator complexes typically nucleate around a MED1 coactivator protein that is directly bound to the NR transcription factor.<p>A general feature of the 49 human NR proteins is that in the unliganded state, they each bind directly to an NCOR corepressor protein, either NCOR1 or NCOR2 (NCOR2 was previously named ""SMRT"").  This NCOR protein nucleates the assembly of additional, specific corepressor proteins, depending on the cell and DNA context.  The NR-NCOR interaction is mediated by a specific protein interaction domain (PID) present in the NRs that binds to specific cognate PID(s) present in the NCOR proteins.  Thus, the human NRs each take part in an NR-NCOR binding reaction in the absence of binding by their ligand.<p>A second general feature of the NR proteins is that they each contain an additional, but different PID that mediates specific binding interactions with MED1 proteins.  In the ligand-bound state, NRs each take part in an NR-MED1 binding reaction to form an NR-MED1 complex.  The bound MED1 then functions to nucleate the assembly of additional specific coactivator proteins, depending on the cell and DNA context, such as what specific target gene promoter they are bound to, and in what cell type.<p>The formation of specific MED1-containing coactivator complexes on specific NR proteins has been well-characterized for a number of the human NR proteins (see Table 1 in (Bourbon, 2004)).  For example, binding of thyroid hormone (TH) to the human TH Receptor (THRA or THRB) was found to result in the recruitment of a specific complex of Thyroid Receptor Associated Proteins - the TRAP coactivator complex - of which the TRAP220 subunit was later identified to be the Mediator 1 (MED1) homologue.<p>Similarly, binding of Vitamin D to the human Vitamin D3 Receptor was found to result in the recruitment of a specific complex of D Receptor Interacting Proteins - the DRIP coactivator complex, of which the DRIP205 subunit was later identified to be human MED1.",8,PPARA activates gene expression; Transcriptional regulation of white adipocyte differentiation; Nuclear Receptor transcription pathway; SUMOylation of intracellular receptors; Regulation of PTEN gene transcription; MECP2 regulates transcription factors; MLL4 and MLL3 complexes regulate expression of PPARG target genes in adipogenesis and hepatic steatosis; Transcriptional regulation of brown and beige adipocyte differentiation by EBF2,https://reactome.org/content/detail/R-HSA-383280,Human pathway mapping returned,Reactome pathway membership of the mapped human protein.
PPARG,P37231,R-HSA-4090294,SUMOylation of intracellular receptors,Pathway,"PIAS1,2-1 SUMOylates AR with SUMO1; PIAS1,3 SUMOylate ESR1 with SUMO1; HDAC4 SUMOylates NR1H2 (LXRbeta) with SUMO2,3; HDAC4 SUMOylates NR1H3 (LXRalpha) with SUMO2,3; SUMOylation of NR1H4 with SUMO1; SUMOylation of NR1I2 with SUMO3; PIAS1 SUMOylates NR2C1 (TR2); SUMOylation of NR3C1 (GR) with SUMO1; PIAS1 SUMOylates NR3C2 (Mineralcorticoid Receptor) with SUMO1; PIAS4 SUMOylates NR4A2 with SUMO2,3; PIAS1,3 SUMOylates NR5A1 with SUMO1; PIAS1,3 SUMOylates NR5A1 with SUMO2; PIAS1,2-1 SUMOylate NR5A2 with SUMO1; PIAS4 SUMOylates PPARA with SUMO1; PIAS1,2-2 SUMOylate PPARG with SUMO1; PIAS3 SUMOylates PGR with SUMO1; SUMOylation of RARA with SUMO2; PIAS2,3,4 SUMOylate RORA with SUMO1; PIAS2,3,4 SUMOylate RORA with SUMO2; SUMOylation of RXRA with SUMO1; PIAS2-2 SUMOylates THRA with SUMO1; PIAS2-2 SUMOylates THRA with SUMO3; PIAS1 SUMOylates THRB with SUMO1; PIAS1 SUMOylates THRB with SUMO3; PIAS4 SUMOylates VDR with SUMO2","At least 17 nuclear receptors have been discovered to be SUMOylated (reviewed in Treuter and Venteclef 2011, Wadosky et al. 2012, Knutson and Lange 2013). In all but a few cases (notably AR and RORA) SUMOylation causes transcriptional repression. Repression by SUMOylation is believed to occur through several mechanisms: interference with DNA binding, recruitment of corepressors, retention of corepressors at non-target promoters (transrepression), re-localization of nuclear receptors within the nucleus, interference with dimerization of receptors, and interference (crosstalk) with other post-translational modifications. SUMOylation of receptors affects inflammation and disease processes (Anbalagan et al. 2012).",8,PPARA activates gene expression; Transcriptional regulation of white adipocyte differentiation; Nuclear Receptor transcription pathway; SUMOylation of intracellular receptors; Regulation of PTEN gene transcription; MECP2 regulates transcription factors; MLL4 and MLL3 complexes regulate expression of PPARG target genes in adipogenesis and hepatic steatosis; Transcriptional regulation of brown and beige adipocyte differentiation by EBF2,https://reactome.org/content/detail/R-HSA-4090294,Human pathway mapping returned,Reactome pathway membership of the mapped human protein.
PPARG,P37231,R-HSA-8943724,Regulation of PTEN gene transcription,Pathway,"TP53 binds the PTEN promoter; EGR1 binds the PTEN gene promoter; Activated PPARG binds PTEN gene promoter; NR2E1 associated with transcription repressors binds PTEN promoter; SALL4 binds the PTEN gene promoter; SALL4 recruits NuRD to PTEN gene; MECOM (EVI1) binds the PTEN gene promoter; MECOM (EVI1) recruits polycomb repressor complexes (PRCs) to the PTEN gene promoter; SNAI1,SNAI2 bind the PTEN gene promoter; JUN binds the PTEN gene promoter; p-T69,T71-ATF2 binds PTEN gene promoter; mTORC1 phosphorylates MAF1; MAF1 translocates to the nucleus; MAF1 binds the PTEN gene promoter; PTEN gene transcription is stimulated by TP53, EGR1, PPARG, ATF2, MAF1, and inhibited by NR2E1, SALL4, MECOM, SNAI1, SNAI2, JUN","Transcription of the PTEN gene is regulated at multiple levels. Epigenetic repression involves the recruitment of Mi-2/NuRD upon SALL4 binding to the PTEN promoter (Yang et al. 2008, Lu et al. 2009) or EVI1-mediated recruitment of the polycomb repressor complex (PRC) to the PTEN promoter (Song et al. 2009, Yoshimi et al. 2011). Transcriptional regulation is also elicited by negative regulators, including NR2E1:ATN1 (atrophin-1) complex, JUN (c-Jun), SNAIL and SLUG (Zhang et al. 2006, Vasudevan et al. 2007, Escriva et al. 2008, Uygur et al. 2015) and positive regulators such as TP53 (p53), MAF1, ATF2, EGR1 or PPARG (Stambolic et al. 2001, Virolle et al. 2001, Patel et al. 2001, Shen et al. 2006, Li et al. 2016).",8,PPARA activates gene expression; Transcriptional regulation of white adipocyte differentiation; Nuclear Receptor transcription pathway; SUMOylation of intracellular receptors; Regulation of PTEN gene transcription; MECP2 regulates transcription factors; MLL4 and MLL3 complexes regulate expression of PPARG target genes in adipogenesis and hepatic steatosis; Transcriptional regulation of brown and beige adipocyte differentiation by EBF2,https://reactome.org/content/detail/R-HSA-8943724,Human pathway mapping returned,Reactome pathway membership of the mapped human protein.
PPARG,P37231,R-HSA-9022707,MECP2 regulates transcription factors,Pathway,MECP2 binds CREB1 gene promoter; CREB1 gene expression is stimulated by MECP2; MECP2 binds MEF2C gene promoter; MEF2C gene expression is inhibited by MECP2; MECP2 binds RBFOX1 gene promoter; RBFOX1 gene expression is inhibited by MECP2; MECP2 binds PPARG gene promoter; PPARG gene expression is inhibited by MECP2,"MECP2 regulates transcription of several transcription factors involved in functioning of the nervous system, such as CREB1, MEF2C, RBFOX1 (Chahrour et al. 2008) and PPARG (Mann et al. 2010, Joss Moore et al. 2011).",8,PPARA activates gene expression; Transcriptional regulation of white adipocyte differentiation; Nuclear Receptor transcription pathway; SUMOylation of intracellular receptors; Regulation of PTEN gene transcription; MECP2 regulates transcription factors; MLL4 and MLL3 complexes regulate expression of PPARG target genes in adipogenesis and hepatic steatosis; Transcriptional regulation of brown and beige adipocyte differentiation by EBF2,https://reactome.org/content/detail/R-HSA-9022707,Human pathway mapping returned,Reactome pathway membership of the mapped human protein.
PPARG,P37231,R-HSA-9841922,MLL4 and MLL3 complexes regulate expression of PPARG target genes in adipogenesis and hepatic steatosis,Pathway,"ABL1 binds PPARG2; ABL1 phosphorylates PPARG2; PHLDA1 binds PPARG; PPARG binds RXRA; PPARG:RXRA heterodimer binds target gene loci; Unliganded PPARG:RXRA heterodimer recruits corepressors to target gene loci; PPARG binds ligands; RXRA binds ligands; Corepressors are released from liganded PPARG:RXRA heterodimer; Coactivators are recruited to liganded PPARG:RXRA heterodimer; MLL4-ASCOM,(MLL3-ASCOM) complex is recruited to ligand- and coactivator-bound PPARG:RXRA heterodimer; MLL4-ASCOM, (MLL3-ASCOM) complex monomethylates nucleosomes at PPARG:RXRA-bound enhancers; ACSL1 gene expression is stimulated by PPARG:RXRA:MLL4,(MLL3)-ASCOM complex; ACSS3 gene expression is stimulated by PPARG2:RXRA:MLL4(MLL3)-ASCOM complex; AGPAT2 gene expression is stimulated by PPARG:RXRA:MLL4,(MLL3)-ASCOM complex; ADIPOQ gene expression is stimulated by PPARG:RXRA:MLL4,(MLL3)-ASCOM complex; ANGPTL4 gene expression is stimulated by PPARG:RXRA:MLL4,(MLL3)-ASCOM complex; CD36 gene expression is stimulated by PPARG:RXRA:MLL4,(MLL3)-ASCOM complex; CEBPA gene expression is stimulated by PPARG:RXRA:MLL4,(MLL3)-ASCOM complex; CIDEC gene expression is stimulated by PPARG:RXRA:MLL4,(MLL3)-ASCOM complex; DGAT2 gene expression is stimulated by PPARG:RXRA:MLL4,(MLL3)-ASCOM complex; ELOVL5 gene expression is stimulated by PPARG2:RXRA:MLL4(MLL3)-ASCOM complex; FABP4 gene expression is stimulated by PPARG:RXRA:MLL4,(MLL3)-ASCOM complex; GPAM gene expression is stimulated by PPARG2:RXRA:MLL4,(MLL3)-ASCOM complex; LIPE gene expression is stimulated by PPARG:RXRA:MLL4,(MLL3)-ASCOM complex; LPIN1 gene expression is stimulated by PPARG:RXRA:MLL4,(MLL3)-ASCOM complex; LPL gene expression is stimulated by PPARG:RXRA:MLL4,(MLL3)-ASCOM complex; MGLL gene expression is stimulated by PPARG:RXRA:MLL4,(MLL3)-ASCOM complex; PDK4 gene expression is stimulated by PPARG:RXRA:MLL4,(MLL3)-ASCOM complex; PEX11A gene expression is stimulated by PPARG:RXRA:MLL4,(MLL3)-ASCOM complex; PLIN1 gene expression is stimulated by PPARG:RXRA:MLL4,(MLL3)-ASCOM complex; PLIN2 gene expression is stimulated by PPARG:RXRA:MLL4,(MLL3)-ASCOM complex; PLIN4 gene expression is stimulated by PPARG:RXRA:MLL4,(MLL3)-ASCOM complex; PNPLA2 gene expression is stimulated by PPARG:RXRA:MLL4,(MLL3)-ASCOM complex; PPARG2 transcription is stimulated by PPARG2:RXRA:MLL4,(MLL3)-ASCOM complex; SCD gene expression is stimulated by PPARG:RXRA:MLL4,(MLL3)-ASCOM complex; THRSP gene expression is stimulated by PPARG2:RXRA:MLL4,(MLL3)-ASCOM complex","The ligand-activated complex of a master transcription regulator of adipogenesis, nuclear receptor PPARG, and its partner, nuclear receptor RXRA, recruits MLL3 and MLL4 complexes to target gene loci, leading to establishment of activating epigenetic chromatin marks. The existing experimental evidence implies that MLL3-ASCOM and MLL4-ASCOM complexes are recruited to PPARG:RXRA-target loci, as described below.<br><br>PPARG isoform PPARG2-positive adipocyte nuclei isolated from visceral adipose tissue show significantly higher expression level of KMT2C, the catalytic subunit of the MLL3 complex, and PAXIP1, a cofactor of MLL3 and KMT2D (MLL4) complexes, than PPARG2-negative nuclei (Yu et al. 2016). Based on mouse studies, PAXIP1 (PTIP), an accessory subunit of MLL3 and MLL4 complexes, is required for adipogenesis in mouse embryonic fibroblasts (MEFs) and primary preadipocytes. PAXIP1-deficient MEFs show significant defects in both PPARG- and CEBPA-stimulated adipogenesis (Cho et al. 2009). Knockout of Paxip1 gene in brown adipose tissue (BAT) leads to significant decrease of BAT in knockout mice, and a significant decrease of expression of markers shared between white adipose tissue and BAT, such as Pparg, Cebpa, and Fabp4, as well as BAT-specific/prevalent markers Prdm16, Cidea, Mpzl2 (Eva1), Ntrk3, Ucp1, Ppargc1a (Pgc1a), Cox5b and Cox8b (Cho et al. 2009). Paxip1 BAT knockout mice are cold intolerant, with impaired cold-mediated induction of genes involved in fatty acid catabolism, such as Cpt1a, Lpl, and Mlycd (Mcd) (Cho et al. 2009).<br><br>In prostate cancer, KMT2D and PPARG are overexpressed at the protein level relative to the normal tissue (Zhai et al. 2022). KMT2D knockdown significantly reduces the lipid droplet content in prostate cancer cell lines (Zhai et al. 2022). In prostate cancer tumors, KMT2D mRNA expression significantly correlates with mRNA expression of lipid metabolism genes FASN, ACC, SCD, and ACLY (Zhai et al. 2022). KMT2D knockdown in prostate cancer cell lines leads to significant decrease in the mRNA levels of ACC, ACLY, and FASN (Zhai et al. 2022). Stimulation of PPARG by the synthetic agonist rosiglitazone stimulates lipid synthesis in prostate cancer cell lines, but the effect of rosiglitazone is diminished upon KMT2D knockdown (Zhai et al. 2022).<br><br>In addition to regulating genes involved in lipid metabolism, the PPARG:RXRA complex (Nielsen et al. 2008) and MLL3/MLL4 complexes (Jang et al. 2019: supplementary information) may also regulate expression of some of the genes involved in glucose metabolism and the tricarboxylic acid (TCA) cycle.<br><br>Hepatic steatosis represents the synthesis and accumulation of triglycerides in hepatocytes which can, if prolonged, lead to the development of non-alcoholic fatty liver disease (NAFLD) that can progress to non-alcoholic steatohepatitis (NASH), ultimately resulting in liver cirrhosis (Hardy et al. 2016). Like Kmt2c (Mll3) delta/delta mice, which express catalytically inactive Kmt2c (Lee, Saha et al. 2008; Lee S., Lee J. et al. 2008), Kmt2d (Mll4)+/- mice, with deletion of one allele of Kmt2d, are resistant to high fat diet-induced hepatic steatosis, with Kmt2d+/- livers accumulating much less fat relative to wild type littermate controls in response to high fat diet feeding (Kim et al. 2016). Bulk transcriptomic analysis of Kmt2d+/- mouse livers shows that the expression of a large portion of high fat diet controlled genes requires Kmt2d (Kim et al. 2016). Among the defined hepatic steatotic transcription factors, which include MLXIPL (ChREBP), SREBF1 (SREBP1) isoform SREBP1c (SREBP 1C), the liver X receptors (LXRs) – NR1H3 (LXRA) and NR1H2 (LXRB), and PPARG, KMT2D has been reported to associate with LXRs (Lee S., Lee J. et al. 2008) and PPARG (Lee, Saha et al. 2008). No association between mouse orthologs of KMT2D and MLXIPL or SREBP1c could be detected (Kim et al. 2016).",8,PPARA activates gene expression; Transcriptional regulation of white adipocyte differentiation; Nuclear Receptor transcription pathway; SUMOylation of intracellular receptors; Regulation of PTEN gene transcription; MECP2 regulates transcription factors; MLL4 and MLL3 complexes regulate expression of PPARG target genes in adipogenesis and hepatic steatosis; Transcriptional regulation of brown and beige adipocyte differentiation by EBF2,https://reactome.org/content/detail/R-HSA-9841922,Human pathway mapping returned,Reactome pathway membership of the mapped human protein.
PPARG,P37231,R-HSA-9844594,Transcriptional regulation of brown and beige adipocyte differentiation by EBF2,Pathway,EBF2 binds Blnc1 lncRNA; EBF2 binds target gene loci; PPARG binds EBF2-bound gene loci; ZNF423 binds EBF2 at EBF2-target gene loci; ZNF423 recruits NuRD to EBF2 target genes; SMAD1:SMAD4 trimer binds ZNF423; PRDM16 gene expression is stimulated by EBF2 and PPARG and repressed by ZNF423; PPARA gene expression is stimulated by EBF2 and PPARG and repressed by ZNF423 and NuRD; UCP1 gene expression is stimulated by EBF2 and PPARG and repressed by ZNF423 and NuRD; CIDEA gene expression is stimulated by EBF2 and PPARG and repressed by ZNF423 and NuRD; DIO2 gene transcription is stimulated by EBF2 and repressed by ZNF423; COX7A1 gene expression is stimulated by EBF2; PPARGC1A  gene expression is stimulated by EBF2; ELOVL3 gene expression is stimulated by EBF2 and negatively regulated by ZNF423,"EBF2 (Early B-cell factor 2) is a transcription factor that marks committed brown and beige preadipocytes. EBF2 cooperates with PPARG, a master regulator of adipogenesis, to activate the brown/beige adipocyte thermogenic program (inferred from mouse homologs in Rajakumari et al. 2013). In white adipocytes, the activity of EBF2 is negatively regulated by binding of the transcription factor ZNF423, a key transcription factor for white adipocyte differentiation. In brown/beige fate-committed cells, the interaction between ZNF423 and EBF2 is impeded by BMP7, which acts as a positive regulator of brown/beige adipogenesis (inferred from mouse homologs in Shao et al. 2016; Shao et al. 2021). Direct transcriptional targets of EBF2 include PRDM16, UCP1, and PPARA genes. Other marker genes of brown/beige adipocytes, such as CIDEA, PPARGC1A, COX7A, and DIO2 are positively regulated by EBF2 and probably also direct targets of EBF2 (inferred from mouse homologs in Rajakumari et al. 2013; Wang et al. 2014; Stine et al. 2016; Shapira et al. 2017; Lai et al. 2017; Angueira et al. 2020). Based on mouse studies, EBF1 may function partially redundantly with EBF2 in regulation of thermogenesis genes (Angueira et al. 2020). Transcriptional activity of EBF2 is positively regulated by binding of the long noncoding RNA (lncRNA) Blnc1 (inferred from mouse homologs in Zhao et al. 2014; Mi et al. 2017). Based on mouse studies, EBF2 was reported to recruit the BAF chromatin remodeling complex to activate the transcription of target genes (Shapira et al. 2017; Liu et al. 2020). In addition to PPARG, based on mouse studies, EBF2 was reported to cooperate with other transcription factors such as SIX1 during brown/beige adipogenesis (Brunmeir et al. 2016). Besides ZNF423, based on mouse studies, other transcription factors, such as ID1 (Patil et al. 2017) and TLE3 (Pearson et al. 2019), have been reported to act as inhibitors of EBF2-mediated transcription. The transcription factor GATA6 was reported to directly stimulate EBF2 transcription during mouse beige/brown thermogenesis (Jun et al. 2023). Besides BPM7, BPM9-mediated upregulation of FGFR3 (Yamamoto et al. 2022), and FGF11 (Jiang et al. 2023) have been reported as indirect activators of EBF2 transcriptional activity in mouse and goat, respectively. ZAG (Zinc-alpha2-glycoprotein), a tumor secretory factor, has been reported to stimulate EBF2 expression, which contributes to white adipose tissue browning and energy wasting in cancer-related cachexia (Elattar et al. 2018). In the single cell atlas of human white adipose tissue (Emont et al. 2022) it was reported that the EBF2-positive hAd6 white adipocyte subpopulation with UCP1 expression, consistent with the beige profile, shows an association with increased BMI and visceral adiposity. For review, please refer to Wang and Seale 2016.",8,PPARA activates gene expression; Transcriptional regulation of white adipocyte differentiation; Nuclear Receptor transcription pathway; SUMOylation of intracellular receptors; Regulation of PTEN gene transcription; MECP2 regulates transcription factors; MLL4 and MLL3 complexes regulate expression of PPARG target genes in adipogenesis and hepatic steatosis; Transcriptional regulation of brown and beige adipocyte differentiation by EBF2,https://reactome.org/content/detail/R-HSA-9844594,Human pathway mapping returned,Reactome pathway membership of the mapped human protein.
FTO,Q9C0B1,R-HSA-73943,Reversal of alkylation damage by DNA dioxygenases,Pathway,ALKBH2 mediated reversal of alkylation damage; ALKBH3 mediated reversal of alkylation damage; RNA demethylases demethylate N6-methyladenosine RNA,"DNA in cells is susceptible to different types of cytotoxic and mutagenic damage caused by alkylating agents. These genotoxic chemicals generate major lesions like 1-methyladenine, 3-methyladenine, 3-methylcytosine and O6-methylguanine in DNA. Cells have built in repair mechanisms against such toxic molecules. For example, 3-methyladeninie-DNA glycosylases excise some methylated bases while MGMT/hAGT protein transfers alkyl groups from others lesions onto cysteine residues. E.coli AlkB protein has a unique function wherein 1-methyladenine and 3-methylcytosine are demethylated by a combination of oxidative decarboxylation and hydroxylation activities. AlkB and its human orthologs, ALKBH2 (ABH2) and ALKBH3 (ABH3) belong to alpha-ketoglutarate deoxygenase family of enzymes that oxidize chemically inert compounds in the presence of alpha-ketoglutarate, oxygen and ferrous ions. As a byproduct of these chemical reactions, formaldehyde is released in the case of methylated lesions and acetaldehyde in the case 1-ethyladenine in DNA. CO2 and succinate are also released in an intermediate step not shown in the following illustration. Unlike other mechanisms which involve some kind of nuclease activities, this type of repair mechanism leaves the repaired bases intact by just removing the reactive alkyl groups that get bound to the bases thereby effecting accurate restoration of damaged DNA sequences (Trewick et al. 2002, Duncan et al. 2002, Sedgwick 2004).",1,Reversal of alkylation damage by DNA dioxygenases,https://reactome.org/content/detail/R-HSA-73943,Human pathway mapping returned,Reactome pathway membership of the mapped human protein.
SH2B1,Q9NRF2,R-HSA-1170546,Prolactin receptor signaling,Pathway,PRLR associates with JAK2; PRLR:JAK2 dimerizes; Prolactin receptor ligands bind the prolactin receptor; PRLR activation; SH2B binds JAK2; JAK2 phosphorylation; Tyrosine phosphorylation of PRLR; PRLR binds STAT5; PRLR-bound STAT5 is phosphorylated; PRLR binds SHP2 (PTPN11); SHP2 is phosphorylated; PRLR is phosphorylated at Ser-349; PRLR binds SCF beta-TrCP complex; Prolactin receptor is internalized,"Prolactin (PRL) is a hormone secreted mainly by the anterior pituitary gland. It was originally identified by its ability to stimulate the development of the mammary gland and lactation, but is now known to have numerous and varied functions (Bole-Feysot et al. 1998). Despite this, few pathologies have been associated with abnormalities in prolactin receptor (PRLR) signaling, though roles in various forms of cancer and certain autoimmune disorders have been suggested (Goffin et al. 2002). A vast body of literature suggests effects of PRL in immune cells (Matera 1996) but PRLR KO mice have unaltered immune system development and function (Bouchard et al. 1999). In addition to the pituitary, numerous other tissues produce PRL, including the decidua and myometrium, certain cells of the immune system, brain, skin and exocrine glands such as the mammary, sweat and lacrimal glands (Ben-Jonathan et al. 1996). Pituitary PRL secretion is negatively regulated by inhibitory factors originating from the hypothalamus, the most important of which is dopamine, acting through the D2 subclass of dopamine receptors present in lactotrophs (Freeman et al. 2000). PRL-binding sites or receptors have been identified in numerous cells and tissues of adult mammals. Various forms of PRLR, generated by alternative splicing, have been reported in several species including humans (Kelly et al. 1991, Clevenger et al. 2003).<br><br>PRLR is a member of the cytokine receptor superfamily. Like many other members of this family, the first step in receptor activation was generally believed to be ligand-induced dimerization whereby one molecule of PRL bound to two molecules of receptor (Elkins et al. 2000). Recent reports suggest that PRLR pre-assembles at the plasma membrane in the absence of ligand (Gadd & Clevenger 2006, Tallet et al. 2011), suggesting that ligand-induced activation involves conformational changes in preformed PRLR dimers (Broutin et al. 2010). <br><br>PRLR has no intrinsic kinase activity but associates (Lebrun et al. 1994, 1995) with Janus kinase 2 (JAK2) which is activated following receptor activation (Campbell et al. 1994, Rui et al. 1994, Carter-Su et al. 2000, Barua et al. 2009). JAK2-dependent activation of JAK1 has also been reported (Neilson et al. 2007). It is generally accepted that activation of JAK2 occurs by transphosphorylation upon ligand-induced receptor activation, based on JAK activation by chimeric receptors in which various extracellular domains of cytokine or tyrosine kinase receptors were fused to the IL-2 receptor beta chain (see Ihle et al. 1994). This activation step involves the tyrosine phosphorylation of JAK2, which in turn phosphorylates PRLR on specific intracellular tyrosine residues leading to STAT5 recruitment and signaling, considered to be the most important signaling cascade for PRLR. STAT1 and STAT3 activation have also been reported (DaSilva et al. 1996) as have many other signaling pathways; signaling through MAP kinases (Shc/SOS/Grb2/Ras/Raf/MAPK) has been reported as a consequence of PRL stimuilation in many different cellular systems (see Bole-Feysot et al. 1998) though it is not clear how this signal is propagated. Other cascades non exhaustively include Src kinases, Focal adhesion kinase, phospholipase C gamma, PI3 kinase/Akt and Nek3 (Clevenger et al. 2003, Miller et al. 2007). The protein tyrosine phosphatase SHP2 is recruited to the C terminal tyrosine of PRLR and may have a regulatory role (Ali & Ali 2000). PRLR phosphotyrosines can recruit insulin receptor substrates (IRS) and other adaptor proteins to the receptor complex (Bole-Feysot et al. 1998).<br><br>Female homozygous PRLR knockout mice are completely infertile and show a lack of mammary development (Ormandy et al. 1997). Hemizogotes are unable to lactate following their first pregnancy and depending on the genetic background, this phenotype can persist through subsequent pregnancies (Kelly et al. 2001).",4,Prolactin receptor signaling; Signaling by Leptin; Growth hormone receptor signaling; Factors involved in megakaryocyte development and platelet production,https://reactome.org/content/detail/R-HSA-1170546,Human pathway mapping returned,Reactome pathway membership of the mapped human protein.
SH2B1,Q9NRF2,R-HSA-2586552,Signaling by Leptin,Pathway,Leptin Binds Leptin Receptor; JAK2 Autophosphorylates in Response to Leptin; JAK2 Phosphorylates LEPR; Phosphorylated LEPR Binds SHP2 (PTPN11); JAK2 Phosphorylates SHP2 (PTPN11) in Response to Leptin; Phosphorylated LEPR Binds STAT5; JAK2 Phosphorylates STAT5 in Response to Leptin; Phosphorylated STAT5 Dissociates from Leptin Receptor; p-STAT5 dimerizes; STAT5 dimers translocate to the nucleus; Phosphorylated LEPR Binds STAT3; JAK2 Phosphoryates STAT3 in Response to Leptin; Phosphorylated STAT3 Dissociates from Leptin Receptor; Phosphorylated STAT3 Forms Dimers; Phosphorylated STAT3 Dimer Translocates to the Nucleus; Phosphorylated LEP:LEPR:JAK2 Binds SH2B1; Phosphorylated LEP:LEPR:JAK2:SH2B1 Binds IRS1/2; JAK2 Phosphorylates IRS in Response to Leptin; Phosphorylated LEPR Binds SOCS3,"Leptin (LEP, OB, OBS), a circulating adipokine, and its receptor LEPR (DB, OBR) control food intake and energy balance and are implicated in obesity-related diseases (recently reviewed in Amitani et al. 2013, Dunmore and Brown 2013, Cottrell and Mercer 2012, La Cava 2012, Marroqui et al. 2012, Paz-Filho et al. 2012, Denver et al. 2011, Lee 2011, Marino et al. 2011, Morton and Schwartz 2011, Scherer and Buettner 2011, Shan and Yeo 2011, Wauman and Tavernier 2011, Dardeno et al. 2010, Bjorbaek 2009, Morris and Rui 2009, Myers et al. 2008), including cancer (Guo et al. 2012), inflammation (Newman and Gonzalez-Perez 2013, Iikuni et al. 2008), and angiogenesis (Gonzalez-Perez et al. 2013).<br>The identification of spontaneous mutations in the leptin gene (ob or LEP) and the leptin receptor gene (Ob-R, db or LEPR) genes in mice opened up a new field in obesity research. Leptin was discovered as the product of the gene affected by the ob (obesity) mutation, which causes obesity in mice. Likewise LEPR is the product of the gene affected by the db (diabetic) mutation. Leptin binding to LEPR induces canonical (JAK2/STATs; MAPK/ERK 1/2, PI-3K/AKT) and non-canonical signaling pathways (PKC, JNK, p38 MAPK and AMPK) in diverse cell types. The binding of leptin to the long isoform of LEPR (OB-Rl) initiates a phosphorylation cascade that results in transcriptional activation of target genes by STAT5 and STAT3 and activation of the PI3K pathway(not shown here), the MAPK/ERK pathway, and the mTOR/S6K pathway. Shorter LEPR isoforms with truncated intracellular domains are unable to activate the STAT pathway, but can transduce signals by way of activation of JAK2, IRS-1 or ERKs, including MAPKs.<br>LEPR is constitutively bound to the JAK2 kinase. Binding of LEP to LEPR causes a conformational change in LEPR that activates JAK2 autophosphorylation followed by phosphorylation of LEPR by JAK2. Phosphorylated LEPR binds STAT3, STAT5, and SHP2 which are then phosphorylated by JAK2. Phosphorylated JAK2 binds SH2B1 which then binds IRS1/2, resulting in phosphorylation of IRS1/2 by JAK2. Phosphorylated STAT3 and STAT5 dimerize and translocate to the nucleus where they activate transcription of target genes (Jovanovic et al. 2010). SHP2 activates the MAPK pathway. IRS1/2 activate the PI3K/AKT pathway which may be the activator of mTOR/S6K.<br>Several isoforms of LEPR have been identified (reviewed in Gorska et al. 2010). The long isoform (LEPRb, OBRb) is expressed in the hypothalamus and all types of immune cells. It is the only isoform known to fully activate signaling pathways in response to leptin. Shorter isoforms (LEPRa, LEPRc, LEPRd, and a soluble isoform LEPRe) are able to interact with JAK kinases and activate other pathways, however their roles in energy homeostasis are not fully characterized.",4,Prolactin receptor signaling; Signaling by Leptin; Growth hormone receptor signaling; Factors involved in megakaryocyte development and platelet production,https://reactome.org/content/detail/R-HSA-2586552,Human pathway mapping returned,Reactome pathway membership of the mapped human protein.
SH2B1,Q9NRF2,R-HSA-982772,Growth hormone receptor signaling,Pathway,Growth hormone forms dimers and oligomers; Growth hormone receptor binds JAK2; Growth hormone receptor dimerizes; Growth hormone binds the growth hormone receptor; GH:GHR:JAK2 complex undergoes a conformational change; JAK2 phosphorylation; JAK2 phosphorylation of IRS-1/2; JAK2 phosphorylation of GHR; STAT5 association with GHR; STAT5 tyrosine phosphorylation; p-STAT5A/B dissociates from the Growth Hormone receptor; p-STAT5 dimerizes; STAT5 dimers translocate to the nucleus; Growth hormone receptor binds Lyn; Lyn activates ERK; JAK2 binds STAT1/3; JAK2 phosphorylates STAT1/STAT3; SOCS binding to GHR; SOCS binding to JAK2; PTP1B binds the GH receptor complex; PTP1B dephosphorylates GHR; PTP1B dephosphorylates JAK2; SHP1 (PTPN6) binds JAK2 in the receptor complex; SHP1 (PTPN6) dephosphorylates JAK2; Metalloprotease cleavage of GHR; GHBP binds GH; GHBP binds GHR; GHR internalization,"Growth hormone (Somatotropin or GH) is a key factor in determining lean body mass, stimulating the growth and metabolism of muscle, bone and cartilage cells, while reducing body fat. It has many other roles; it acts to regulate cell growth, differentiation, apoptosis, and reorganisation of the cytoskeleton, affecting diverse processes such as cardiac function, immune function, brain function, and aging.  GH also has insulin-like effects such as stimulating amino acid transport, protein synthesis, glucose transport, and lipogenesis. The growth hormone receptor (GHR) is a a member of the cytokine receptor family. When the dimeric receptor binds GH it undergoes a conformational change which leads to phosphorylation of key tyrosine residues in its cytoplasmic domains and activation of associated tyrosine kinase JAK2. This leads to recruitment of signaling molecules such as STAT5 and Src family kinases such as Lyn leading to ERK activation. The signal is attenuated by association of Suppressor of Cytokine Signaling (SOCS) proteins and SHP phosphatases which bind to or dephosphorylate specific phosphorylated tyrosines on GHR/JAK. The availability of GHR on the cell surface is regulated by at least two processes; internalization and cleavage from the suface by metalloproteases.",4,Prolactin receptor signaling; Signaling by Leptin; Growth hormone receptor signaling; Factors involved in megakaryocyte development and platelet production,https://reactome.org/content/detail/R-HSA-982772,Human pathway mapping returned,Reactome pathway membership of the mapped human protein.
SH2B1,Q9NRF2,R-HSA-983231,Factors involved in megakaryocyte development and platelet production,Pathway,"RAD51B binds RAD51C; RAD51B:RAD51C binds single-stranded DNA; Dual-specific AKAPs bind type I and II PKA regulatory subunits; Mitofusins trans-interact linking mitochondria prior to fusion; p53, SIN3A and MYB form a complex; IRF1 binds the promoters of Interferon alpha and beta; Expression of Interferon-alpha and beta; IRF2 binds the promoters of Interferon alpha and beta; HP1 alpha binds Histone H3K9(me)3; ITPK1 converts Ins-3,4,5,6-P4 to Ins-1,3,4,5,6-P5; ITPK1 converts Ins-1,3,4-P3 to Ins-1,3,4,5-P4; ITPK1 converts Ins-1,3,4-P3 to Ins-1,3,4,6-P4; LRRC16A binds F-actin capping protein; F-actin capping protein is a heterodimer; F-actin capping protein binds to the barbed end of elongating F-actin; MICAL1 produces NADP+, H2O2; REST recruits the BHC complex; ZFPM proteins bind GATA proteins; JMJD1C demethylates H3K9 mono- and di-methylation; SH2B proteins bind JAK2; Adenylate Kinase 3 is a GTP-AMP phosphotransferase; NFE2 is a heterodimer; NFE2 binds the beta globin locus control region; Expression of globin genes under control of the beta globin control region; EHD proteins interact with Rabenosyn-5; Rabenosyn-5 connects  Rab5 to VPS-45; DOCKs bind to RhoGEFs; Cables link CDK5 and ABL1; Cables1 links CDK2 and WEE1; Kinesins","Megakaryocytes (MKs) give rise to circulating platelets (thrombocytes) through terminal differentiation of MKs which release cytoplasmic fragments as circulating platelets. As MKs mature they undergo endoreduplication (polyploidisation) and expansion of cytoplasmic mass to cell sizes larger than 50-100 microns, and ploidy ranges up to 128 N. As MKs mature, the polyploid nucleus becomes horseshoe-shaped, the cytoplasm expands, and platelet organelles and the demarcation membrane system are amplified. Proplatelet projections form which give rise to de novo circulating platelets (Deutsch & Tomer 2006).  <br>The processes of megakaryocytopoiesis and platelet production occur within a complex microenvironment where chemokines, cytokines and adhesive interactions play major roles (Avecilla et al. 2004). Megakaryocytopoiesis is regulated at several levels including proliferation, differentiation and platelet release (Kaushansky 2003). Thrombopoietin (TPO/c-Mpl ligand) is the most potent cytokine stimulating proliferation and maturation of MK progenitors (Kaushansky 2005) but many other growth factors are involved. MK development is controlled by the action of multiple transcription factors. Many MK-specific genes are co-regulated by GATA and friend of GATA (FOG), RUNX1 and ETS proteins. Nuclear factor erythroid 2 (NF-E2), which has an MK-erythroid specific 45-kDa subunit, controls terminal MK maturation, proplatelet formation and platelet release (Schulze & Shivdasani 2004). NF-E2 deficient mice have profound thrombocytopenia (Shiraga et al. 1999). MYB (c-myb) functions with EP300 (p300) as a negative regulator of thrombopoiesis (Metcalf et al. 2005). During MK maturation, internal membrane systems, granules and organelles are assembled. Cytoplasmic fragmentation requires changes in the MK cytoskeleton and formation of organelles and channels. Individual organelles migrate from the cell body to the proplatelet ends, with approximately 30 percent of organelles/granules in motion at any given time (Richardson et al. 2005).",4,Prolactin receptor signaling; Signaling by Leptin; Growth hormone receptor signaling; Factors involved in megakaryocyte development and platelet production,https://reactome.org/content/detail/R-HSA-983231,Human pathway mapping returned,Reactome pathway membership of the mapped human protein.
PCSK1,P29120,R-HSA-209952,Peptide hormone biosynthesis,Pathway,Corticotropin cleavage from POMC; Glycoprotein hormones,Peptide hormones are peptides that are secreted directly into the blood stream (endocrine hormones). They are synthesized as precursors that require proteolytic processing (not discussed here) to generate the biologically active peptides that mediate neurotransmission and hormonal action. Glycoprotein hormones (those which include carbohydrate side-chains) and the processing of corticotropin are annotated here.,5,"Peptide hormone biosynthesis; Insulin processing; Synthesis, secretion, and inactivation of Glucagon-like Peptide-1 (GLP-1); Synthesis, secretion, and inactivation of Glucose-dependent Insulinotropic Polypeptide (GIP); Synthesis, secretion, and deacylation of Ghrelin",https://reactome.org/content/detail/R-HSA-209952,Human pathway mapping returned,Reactome pathway membership of the mapped human protein.
PCSK1,P29120,R-HSA-264876,Insulin processing,Pathway,P4HB mediates disulfide bond formation in Proinsulin; ERO1B oxidizes P4HB; Proinsulin translocates from the endoplasmic reticulum to the Golgi; ZnT8 transports zinc into the Golgi apparatus; ZnT5 transports zinc into the golgi apparatus; Proinsulin binds zinc and calcium forming Proinsulin:zinc:calcium; Proinsulin:Zinc:Calcium complex translocates to immature secretory granule; PCSK1 cleaves proinsulin to yield Insulin(25-56) and Insulin(57-110); Carboxypeptidase E cleaves Insulin(25-56) to yield Insulin(25-54); PCSK2 cleaves Insulin(57-110) to yield Insulin(90-110) and C-peptide (Insulin(57-89)); Carboxypeptidase E hydrolyzes Insulin(57-89) to yield C-peptide (Insulin(57-87)); ZnT5 transports zinc into secretory granules in pancreatic beta cells; SLC30A8 transports Zn2+ from cytosol to secretory granule; Insulin secretory granule translocates to cell cortex; Insulin secretory granule translocates across the cortical actin network; Insulin secretory granule docks at the plasma membrane; Exocyst complex formation,"Generation of insulin containing secretory granules from newly synthesized proinsulin in the lumen of the endoplasmic reticulum (ER) involves formation of proinsulin intramolecular disulfide bonds, formation of proinsulin zinc calcium complexes, proteolytic cleavage of proinsulin to yield insulin and C peptide, and translocation of the granules across the cytosol to the plasma membrane (Dodson & Steiner 1998).<br>Transcription of the human insulin gene INS is annotated as part of the pathway “Regulation of gene expression in beta cells” (see reaction R-HSA-211289). The preproinsulin mRNA is translated by ribosomes at the rough endoplasmic reticulum (ER) and the preproinsulin enters the secretion pathway by virtue of its signal peptide, which is co-translationally cleaved to yield proinsulin.<br>In the process annotated here, within the ER, three intramolecular disulfide bonds form in proinsulin, mediated by P4HD (PDI1A) and ERO1B proteins. Correctly folded, disulfide-bonded proinsulin then moves via vesicles from the ER to the Golgi Complex where it forms complexes with zinc and calcium.<br>Proinsulin zinc calcium complexes bud in vesicles from the trans Golgi to form immature secretory vesicles (secretory granules) in the cytosol. Within the immature granules, endoproteases PCKS1 and PCKS2 (Prohormone Convertases 1 and 2) cleave proinsulin at two sites and CPE (Carboxypeptidase E) removes additional amino acid residues to yield the cystine bonded A and B chains of mature insulin and the C peptide, which will be secreted with the insulin. The insulin zinc calcium complexes form insoluble crystals within the granule.<br>The insulin containing secretory granules are then translocated across the cytosol to the inner surface of the plasma membrane. Translocation occurs initially by attachment of the granules to Kinesin 1, which motors along microtubules, and then by attachment to Myosin Va, which motors along the microfilaments of the cortical actin network.<br>A pancreatic beta cell contains about 10,000 insulin granules of which about 1,000 are docked at the plasma membrane and 50 are readily releasable in immediate response to stimulation by glucose or other secretogogues. Docking is due to interaction between the Exocyst proteins EXOC3 on the granule membrane and EXOC4 on the plasma membrane. Exocytosis is accomplished by interaction between SNARE type proteins Syntaxin 1A and Syntaxin 4 on the plasma membrane and Synaptobrevin 2/VAMP2 on the granule membrane. Exocytosis is a calcium dependent process due to interaction of the calcium binding membrane protein Synaptotagmin V/IX with the SNARE type proteins.",5,"Peptide hormone biosynthesis; Insulin processing; Synthesis, secretion, and inactivation of Glucagon-like Peptide-1 (GLP-1); Synthesis, secretion, and inactivation of Glucose-dependent Insulinotropic Polypeptide (GIP); Synthesis, secretion, and deacylation of Ghrelin",https://reactome.org/content/detail/R-HSA-264876,Human pathway mapping returned,Reactome pathway membership of the mapped human protein.
PCSK1,P29120,R-HSA-381771,"Synthesis, secretion, and inactivation of Glucagon-like Peptide-1 (GLP-1)",Pathway,Synthesis of Preproglucagon in intestinal L cells; Signal peptidase hydrolyzes preproGLP-1 to proGLP-1; Proglucagon translocates from the ER Lumen to secretory granules; PCSK1 hydrolyzes Proglucagon to Glucagon-like Peptide-1; Glucagon-like Peptide 1 is secreted from intestinal L cells; DPP4(1-766) hydrolyzes Glucagon-like Peptide-1 (GLP-1); DPP4(39-766) hydrolyzes Glucagon-like Peptide-1 (GLP-1); DPP4 binds DPP4 inhibitors,"In L cells of the intestine the transcription factors TCF-4 (TCF7L2) and Beta-catenin form a heterodimer and bind the G2 enhancer of the Proglucagon gene GCG,activating its transcription to yield Proglucagon mRNA and, following translation, Proglucagon protein. The prohormone convertase PC1 present in the secretory granules of L cells cleaves Proglucagon at two sites to yield mostly Glucagon-like Peptide-1 (7-36) with a small amount of Glucagon-like Peptide-1 (7-37). Glucagon-like Peptide-1 (7-36 and 7-37) (GLP-1) is secreted into the bloodstream in response to glucose, fatty acids, insulin, leptin, gastrin-releasing peptide, cholinergic transmitters, beta-adrenergic transmitters, and peptidergic transmitters. The half-life of GLP-1 in the bloodstream is determined by Dipeptidyl Peptidase IV, which cleaves 2 amino acids at the amino terminus of GLP-1, rendering it biologically inactive.",5,"Peptide hormone biosynthesis; Insulin processing; Synthesis, secretion, and inactivation of Glucagon-like Peptide-1 (GLP-1); Synthesis, secretion, and inactivation of Glucose-dependent Insulinotropic Polypeptide (GIP); Synthesis, secretion, and deacylation of Ghrelin",https://reactome.org/content/detail/R-HSA-381771,Human pathway mapping returned,Reactome pathway membership of the mapped human protein.
PCSK1,P29120,R-HSA-400511,"Synthesis, secretion, and inactivation of Glucose-dependent Insulinotropic Polypeptide (GIP)",Pathway,Synthesis of prepro-Glucose-dependent Insulinotropic Polypeptide (preproGIP) in intestinal K cells; Signal peptidase hydrolyzes preproGIP to proGIP; ProGIP translocates from the ER Lumen to secretory granules; PCSK1 hydrolyzes proGIP to GIP; Glucose-dependent Insulinotropic Polypeptide is secreted from intestinal K cells; DPP4(1-766) hydrolyzes Glucose-dependent Insulinotropic Polypeptide (GIP); DPP4(39-766) hydrolyzes Glucose-dependent Insulinotropic Polypeptide (GIP),"In K cells of the intestine the transcription factors PAX6 and PDX-1 activate transcription of the gene encoding Glucose-dependent Insulinotropic Polypeptide (GIP, first called Gastric Inhibitory Peptide). ProGIP is cleaved in secretory granules by Prohormone Convertase 1 (PC1) at 2 sites to yield mature GIP. In response to fat the GIP is secreted into the bloodstream. The half-life of GIP in the bloodstream is determined by Dipeptidyl Peptidase IV, which cleaves 2 amino acids at the amino terminus of GIP, rendering it biologically inactive.",5,"Peptide hormone biosynthesis; Insulin processing; Synthesis, secretion, and inactivation of Glucagon-like Peptide-1 (GLP-1); Synthesis, secretion, and inactivation of Glucose-dependent Insulinotropic Polypeptide (GIP); Synthesis, secretion, and deacylation of Ghrelin",https://reactome.org/content/detail/R-HSA-400511,Human pathway mapping returned,Reactome pathway membership of the mapped human protein.
PCSK1,P29120,R-HSA-422085,"Synthesis, secretion, and deacylation of Ghrelin",Pathway,Expression of Preproghrelin; Cleavage of the signal peptide of Preproghrelin; Ghrelin O-acyltransferase octanoylates Proghrelin; Ghrelin O-acyltransferase decanoylates Proghrelin; PCSK1 hydrolyzes acyl Proghrelin to acyl Ghrelin; Acyl Ghrelin and C-Ghrelin are secreted; Butyrylcholinesterase hydrolyzes acyl Ghrelin; Platelet-activating factor acetylhydrolase (PLA2G7) hydrolyzes acyl Ghrelin,"Ghrelin is a peptide hormone of 28 amino acid residues which is acylated at the serine-3 of the mature peptide. Ghrelin is synthesized in several tissues: X/A-like cells of the gastric mucosa (the major source of ghrelin), hypothalamus, pituitary, adrenal gland, thyroid, breast, ovary, placenta, fallopian tube, testis, prostate, liver, gall bladder, pancreas, fat tissue, human lymphocytes, spleen, kidney, lung, skeletal muscle, myocardium, vein and skin. Ghrelin binds the GHS-R1a receptor present in hypothalamus pituitary, and other tissues. Binding causes appetite stimulation and release of growth hormone. Levels of circulating ghrelin rise during fasting, peak before a meal, and fall according to the calories ingested.<br>Preproghrelin is cleaved to yield proghrelin which is then acylated by ghrelin O-acyltransferase to yield octanoyl ghrelin and decanoyl ghrelin. Only octanoyl ghrelin is able to bind and activate the GHS-R1a receptor. Unacylated ghrelin (des-acyl ghrelin) is also present in plasma but its function is controversial.<br>Acyl proghrelin is cleaved by prohormone convertase 1/3 to yield the mature acyl ghrelin and C-ghrelin. Secretion of ghrelin is inhibited by insulin, growth hormone (somatotropin), leptin, glucose, glucagon, and fatty acids. Secretion is stimulated by insulin-like growth factor-1 and muscarinic agonists.<br>In the bloodstream acyl ghrelin is deacylated by butyrylcholinesterase and platelet-activating factor acetylhydrolase. Other enzymes may also deacylate acyl ghrelin.",5,"Peptide hormone biosynthesis; Insulin processing; Synthesis, secretion, and inactivation of Glucagon-like Peptide-1 (GLP-1); Synthesis, secretion, and inactivation of Glucose-dependent Insulinotropic Polypeptide (GIP); Synthesis, secretion, and deacylation of Ghrelin",https://reactome.org/content/detail/R-HSA-422085,Human pathway mapping returned,Reactome pathway membership of the mapped human protein.
ADCY3,O60266,R-HSA-163359,Glucagon signaling in metabolic regulation,Pathway,Glucagon binds to Glucagon receptor; Glucagon:GCGR mediates GTP-GDP exchange; G(s):GTP activates Adenylyl cyclase; G alpha (s) activates adenylate cyclase; PKA activation in glucagon signalling,"Glucagon and insulin are peptide hormones released from the pancreas into the blood, that normally act in complementary fashion to stabilize blood glucose concentration. When blood glucose levels rise, insulin release stimulates glucose uptake from the blood, glucose breakdown (glycolysis), and glucose storage as glycogen. When blood glucose levels fall, glucagon release stimulates glycogen breakdown and de novo glucose synthesis (gluconeogenesis), while inhibiting glycolysis and glycogen synthesis.<br>At a molecular level, the binding of glucagon to the extracellular face of its receptor causes conformational changes in the receptor that allow the dissociation and activation of subunits Gs and Gq. The activation of Gq leads to the activation of phospholipase C, production of inositol 1,4,5-triphosphate, and subsequent release of intracellular calcium. The activation of Gs leads to activation of adenylate cyclase, an increase in intracellular cAMP levels, and activation of protein kinase A (PKA). Active PKA phosphorylates key enzymes of glycogenolysis, glycogenesis, gluconeogenesis, and glycolysis, modifying their activities. These signal transduction events, and some of their downstream consequences, are illustrated below (adapted from Jiang and Zhang, 2003).",15,Glucagon signaling in metabolic regulation; PKA activation; PKA activation in glucagon signalling; Adenylate cyclase activating pathway; Adenylate cyclase inhibitory pathway; Olfactory Signaling Pathway; G alpha (s) signalling events; G alpha (i) signalling events; G alpha (z) signalling events; Vasopressin regulates renal water homeostasis via Aquaporins; Hedgehog 'off' state; GPER1 signaling; ADORA2B mediated anti-inflammatory cytokines production; FCGR3A-mediated IL10 synthesis; High laminar flow shear stress activates signaling by PIEZO1 and PECAM1:CDH5:KDR in endothelial cells,https://reactome.org/content/detail/R-HSA-163359,Human pathway mapping returned,Reactome pathway membership of the mapped human protein.
ADCY3,O60266,R-HSA-163615,PKA activation,Pathway,Adenylate cyclase produces cAMP; cAMP binds PKA tetramer; cAMP induces dissociation of inactive PKA tetramers; NBEA binds PRKAR2A,"A number of inactive tetrameric PKA holoenzymes are produced by the combination of homo- or heterodimers of the different regulatory subunits associated with two catalytic subunits. When cAMP binds to two specific binding sites on the regulatory subunits, these undergo a conformational change that causes the dissociation of a dimer of regulatory subunits bound to four cAMP from two monomeric, catalytically active PKA subunits.",15,Glucagon signaling in metabolic regulation; PKA activation; PKA activation in glucagon signalling; Adenylate cyclase activating pathway; Adenylate cyclase inhibitory pathway; Olfactory Signaling Pathway; G alpha (s) signalling events; G alpha (i) signalling events; G alpha (z) signalling events; Vasopressin regulates renal water homeostasis via Aquaporins; Hedgehog 'off' state; GPER1 signaling; ADORA2B mediated anti-inflammatory cytokines production; FCGR3A-mediated IL10 synthesis; High laminar flow shear stress activates signaling by PIEZO1 and PECAM1:CDH5:KDR in endothelial cells,https://reactome.org/content/detail/R-HSA-163615,Human pathway mapping returned,Reactome pathway membership of the mapped human protein.
ADCY3,O60266,R-HSA-164378,PKA activation in glucagon signalling,Pathway,Activated Adenylate cyclase catalyses cAMP synthesis; cAMP induces dissociation of inactive PKA tetramers,"Adenylate cyclase catalyses the synthesis of cyclic AMP (cAMP) from ATP. In the absence of cAMP, protein kinase A (PKA) exists as inactive tetramers of two catalytic subunits and two regulatory subunits. cAMP binding to PKA tetramers causes them to dissociate and release their catalytic subunits as active monomers. Four isoforms of the regulatory subunit are known, that differ in their tissue specificity and functional characteristics, but the specific isoform activated in response to glucagon signaling has not yet been identified.",15,Glucagon signaling in metabolic regulation; PKA activation; PKA activation in glucagon signalling; Adenylate cyclase activating pathway; Adenylate cyclase inhibitory pathway; Olfactory Signaling Pathway; G alpha (s) signalling events; G alpha (i) signalling events; G alpha (z) signalling events; Vasopressin regulates renal water homeostasis via Aquaporins; Hedgehog 'off' state; GPER1 signaling; ADORA2B mediated anti-inflammatory cytokines production; FCGR3A-mediated IL10 synthesis; High laminar flow shear stress activates signaling by PIEZO1 and PECAM1:CDH5:KDR in endothelial cells,https://reactome.org/content/detail/R-HSA-164378,Human pathway mapping returned,Reactome pathway membership of the mapped human protein.
ADCY3,O60266,R-HSA-170660,Adenylate cyclase activating pathway,Pathway,Galpha-olf:GTP binds to adenylate cyclase and activates it; Adenylate cyclase converts ATP into cyclic AMP; Adenylaye cyclase increases the GTPase activity of G alpha-olf; The G alpha-olf:GDP:Adenylate cyclase complex dissociates,"Stimulatory G proteins activate adenylate cyclase, which drives the conversion of cAMP from ATP and in turn activates cAMP-dependent protein kinase and subsequent kinase pathways.",15,Glucagon signaling in metabolic regulation; PKA activation; PKA activation in glucagon signalling; Adenylate cyclase activating pathway; Adenylate cyclase inhibitory pathway; Olfactory Signaling Pathway; G alpha (s) signalling events; G alpha (i) signalling events; G alpha (z) signalling events; Vasopressin regulates renal water homeostasis via Aquaporins; Hedgehog 'off' state; GPER1 signaling; ADORA2B mediated anti-inflammatory cytokines production; FCGR3A-mediated IL10 synthesis; High laminar flow shear stress activates signaling by PIEZO1 and PECAM1:CDH5:KDR in endothelial cells,https://reactome.org/content/detail/R-HSA-170660,Human pathway mapping returned,Reactome pathway membership of the mapped human protein.
ADCY3,O60266,R-HSA-170670,Adenylate cyclase inhibitory pathway,Pathway,G alpha (i) inhibits adenylate cyclase; G alpha-olf:GTP binds to Gi alpha1:GTP:adenylate cyclase complex; Adenylate cyclase increases the GTPase activity of G alpha-olf; Adenylate cyclase increases the GTPase activity of Gi alpha; Dissociation of the Gi alpha:G olf complex,"Guanine nucleotide-binding protein G(i) alpha (Gi-alpha) inhibits adenylate cyclase, thus inhibiting the production of cAMP from ATP and ultimately decreasing the activity of cAMP-dependent protein kinase.",15,Glucagon signaling in metabolic regulation; PKA activation; PKA activation in glucagon signalling; Adenylate cyclase activating pathway; Adenylate cyclase inhibitory pathway; Olfactory Signaling Pathway; G alpha (s) signalling events; G alpha (i) signalling events; G alpha (z) signalling events; Vasopressin regulates renal water homeostasis via Aquaporins; Hedgehog 'off' state; GPER1 signaling; ADORA2B mediated anti-inflammatory cytokines production; FCGR3A-mediated IL10 synthesis; High laminar flow shear stress activates signaling by PIEZO1 and PECAM1:CDH5:KDR in endothelial cells,https://reactome.org/content/detail/R-HSA-170670,Human pathway mapping returned,Reactome pathway membership of the mapped human protein.
ADCY3,O60266,R-HSA-381753,Olfactory Signaling Pathway,Pathway,"Expression and translocation of olfactory receptors; odorant binds Odorant Receptor:GNAL:GDP:GNB1:GNGT1; GNAL exchanges GDP for GTP in odorant:Olfactory Receptor:GNAL:GDP:GNB1:GNG13; odorant:Olfactory Receptor:GNAL:GTP:GNB1:GNG13 dissociates yielding GNAL:GTP (G alpha-olf:GTP), odorant:OlfactoryReceptor, and GNB1:GNG13; GNAL:GTP (G alpha-olf) binds ADCY3; ADCY3:GNAL:GTP converts ATP to cAMP; cAMP binds the olfactory CNG channel; cAMP:olfactory CNG channel translocates Na+ and Ca2+ from the extracellular region to the cytosol; ANO2 dimer binds Ca2+; ANO2:Ca2+ translocates Cl- from the cytosol to the extracellular region","Mammalian Olfactory Receptor (OR, also called odorant receptor) genes were discovered in rats by Linda Buck and Richard Axel, who predicted that odorants would be detected by a large family of G protein-coupled receptors (GPCRs) that are selectively expressed in the olfactory epithelium. This prediction was based on previous biochemical evidence that cAMP levels increased in olfactory neurons upon odor stimulation. These predictions proved to be accurate, and Buck and Axel received a Nobel Prize for this and subsequent work (reviewed in Keller & Vosshall 2008).<br>Subsequent work in mice and other vertebrates has confirmed that OR genes are comprised of a very large family of G Protein-Coupled Receptors (GPCRs) that are selectively-expressed in olfactory epithelium. Although some OR are also expressed selectively in one or a few other tissues, their expression in olfactory-epithelium generally indicates a functional role in mediating olfaction, where they couple binding by odorant ligands with intracellular olfactory signaling. (Note: the other subclasses of GPCR signaling pathways are described under ""GPCR Signaling"".)<br>The ligands for ORs are diverse, ranging from chemical compounds to peptides. Intracellular signaling by OR proteins in mice and other mammalian systems is known to be mediated via direct interactions of OR proteins with an olfactory-specific heterotrimeric G Protein, that contains an olfactory-specific G alpha protein: G alpha S OLPH (also named ""GNAL"").<br>In model genetic systems such as mice, many candidate OR genes have been shown experimentally to function in olfactory signaling (reviewed in (Keller & Vosshall 2008). For the human OR genes, experimental analysis has been more limited, although some specific OR genes, such as OR7D4 and OR11H7P have been confirmed to mediate olfactory response and signaling in humans for specific chemical odorants (Keller et al. 2007, Abbafy 2007). Mice and other rodents are believed to have about 1000 functional OR genes, as well as many additional pseudogenes.  Based on sequence similarities, there are 960 human OR genes, but approximately half of these are pseudogenes (Keller 2008). In mice, essentially all olfactory signaling requires G-alpha-S (OLF); mouse G-OLF knockouts have been shown to lack olfactory responses (Belluscio 1998). Bona fide human OR genes identified by sequence similarity (not pseudogenes with function-blocking mutations) that are expressed in olfactory epithelium are expected to interact with G alpha S OLF containing G Protein trimers. <br>Of the 960 human OR genes and pseudogenes, there is experimental evidence that indicates over 430 are expressed in human olfactory epithelium, including 80 expressed OR pseudogenes (Zhang 2007).<br>When expressed in model cell systems mammalian olfactory receptors (ORs) are typically retained in the ER and degraded by the proteasome (McClintock et al. 1997). A study using Caenorhabditis elegans showed that the transport of ORs to the cilia of olfactory neurons required the expression and association of ORs with a transmembrane protein, ODR4 (Dwyer et al. 1998). Co-transfection of rat ORs with ODR4 enhanced the transport and expression of ORs at the cell-surface (Gimelbrant et al. 2001). These studies suggested that olfactory neurons might have a selective molecular machinery that promotes expression of ORs at the cells surface. Two human protein families have been identified as potential accessory proteins involved in the trafficking of ORs to the plasma membrane (Saito et al. 2004). Receptor transporting proteins 1 and 2 (RTP1, RTP2) both strongly induced expression of several ORs at the cell-surface. To a lesser extent, the receptor expression enhancing protein 1 (REEP1) also promoted cell-surface expression. These proteins are specifically expressed in olfactory neurons with no expression in testis, where a subset of ORs are expressed (Parmentier et al. 1992, Spehr et al. 2003). Other members of the RTP and REEP families have a widespread distribution. RTP3 and RTP4 have been shown to promote cell-surface expression of the bitter taste receptors, TAS2Rs (Behrens et al. 2006). REEP1 and REEP5 (also known as DP1) are involved in shaping the ER by linking microtubule fibers to the ER (Park et al. 2010, Voeltz et al. 2006). A recent study looking at the role of REEP in the trafficking of Alpha2A- and Alpha2C-adrenergic receptors showed that REEP1-2 and 6 enhance the cell-surface expression of Alpha2C, but not Alpha2A, by increasing the capacity of ER cargo, thereby allowing more receptors to reach the cell-surface (Bjork et al. 2013). Unlike RTP1, REEP1-2 and 6 are only present in the ER, do not traffic to the plasma membrane and specifically interact with the minimal/non-glycosylated forms of Alpha2C via an interaction with its C-terminus (Saito et al. 2004, Bjork et al. 2013). REEPs may function as general modulators of the ER, rather than specifically interacting with GPCRs. Loss of association of REEP2 with membranes leads to hereditary spastic paraplegia (Esteves et al. 2014).<br>Olfactory receptors (ORs, also called odorant receptors) are present on the plasma membrane of cilia of olfactory sensory neurons located in the olfactory epithelium of the nasal sinus. Each mature neuron expresses only one OR gene (reviewed in Nagai et al. 2016) and each OR binds one particular volatile chemical or set of volatile chemicals, known as odorants. The binding of an odorant to an OR (Mainland et al. 2015) causes a conformational change in the receptor that activates the G alpha subunit (Golf, GNAL) of an associated heterotrimeric G protein complex to exchange GDP for GTP (inferred from mouse homologs in Jones et al. 1990). GNAL:GTP and the Gbeta:Ggamma subcomplex (GNB1:GNG13) dissociate from the olfactory receptor and GNAL:GTP then binds and activates adenylate cyclase 3 (ADCY3) (inferred from rat homologs in Bakalyar and Reed 1990, reviewed in Boccaccio et al. 2021). Cyclic AMP produced by ADCY3 binds and opens the olfactory cyclic nucleotide-gated channel (CNG channel) composed of CNGA2, CNGA4, and CNGB isoform 1b (inferred from rat homologs in Liman and Buck 1994). The CNG channel translocates sodium and calcium cations from the extracellular region into the cytosol. The resulting cytosolic calcium ions bind ANO2 and increase the transport of chloride ions by ANO2 from the cytosol to the extracellular region (inferred from mouse homologs in Pifferi et al. 2009, Stephan et al. 2009). The translocations of ions across the plasma membrane causes depolarization of the neuron yielding a receptor potential and action potential that is transmitted to the olfactory bulb of the brain.",15,Glucagon signaling in metabolic regulation; PKA activation; PKA activation in glucagon signalling; Adenylate cyclase activating pathway; Adenylate cyclase inhibitory pathway; Olfactory Signaling Pathway; G alpha (s) signalling events; G alpha (i) signalling events; G alpha (z) signalling events; Vasopressin regulates renal water homeostasis via Aquaporins; Hedgehog 'off' state; GPER1 signaling; ADORA2B mediated anti-inflammatory cytokines production; FCGR3A-mediated IL10 synthesis; High laminar flow shear stress activates signaling by PIEZO1 and PECAM1:CDH5:KDR in endothelial cells,https://reactome.org/content/detail/R-HSA-381753,Human pathway mapping returned,Reactome pathway membership of the mapped human protein.
ADCY3,O60266,R-HSA-418555,G alpha (s) signalling events,Pathway,"Liganded Gs-activating GPCRs bind inactive heterotrimeric Gs; Liganded Gs-activating GPCR acts as a GEF for Gs; The Ligand:GPCR:Gs complex dissociates; G alpha (s) activates adenylate cyclase; Adenylate cyclase converts ATP to 3',5'-cyclic AMP (cAMP) and pyrophosphate; cAMP degradation by Phosphodiesterases; PDE4A hydrolyses cAMP to AMP; PDE4A binds PDE4A inhibitors; PDE3A hydrolyses cAMP to AMP; PDE3B hydrolyses cAMP to AMP; PDE3A inhibitors bind PDE3A; G alpha (s) auto-inactivates by hydrolysing GTP to GDP; Inactive G alpha (s) reassociates with G beta:gamma; ADRB2 in ADRB2:GRK complex is phosphorylated; ADRB2:Catecholamine binds ARRB1, ARRB2; G protein alpha (s):GTP binds SRC; G alpha (s):GTP:SRC catalyzes SRC to p-Y419-SRC; G alpha (s):GTP:SRC dissociates; GRKs bind ADRB2:Catecholamine; ADRB2:GRK complex dissociates to Phosphorylated ADRB2; GPER1 signaling","The general function of the G alpha (s) subunit (Gs) is to activate adenylate cyclase (Tesmer et al. 1997), which in turn produces cAMP, leading to the activation of cAMP-dependent protein kinases (often referred to collectively as Protein Kinase A). The signal from the ligand-stimulated GPCR is amplified because the receptor can activate several Gs heterotrimers before it is inactivated. Another downstream effector of G alpha (s) is the protein tyrosine kinase c-Src (Ma et al. 2000).",15,Glucagon signaling in metabolic regulation; PKA activation; PKA activation in glucagon signalling; Adenylate cyclase activating pathway; Adenylate cyclase inhibitory pathway; Olfactory Signaling Pathway; G alpha (s) signalling events; G alpha (i) signalling events; G alpha (z) signalling events; Vasopressin regulates renal water homeostasis via Aquaporins; Hedgehog 'off' state; GPER1 signaling; ADORA2B mediated anti-inflammatory cytokines production; FCGR3A-mediated IL10 synthesis; High laminar flow shear stress activates signaling by PIEZO1 and PECAM1:CDH5:KDR in endothelial cells,https://reactome.org/content/detail/R-HSA-418555,Human pathway mapping returned,Reactome pathway membership of the mapped human protein.
ADCY3,O60266,R-HSA-418594,G alpha (i) signalling events,Pathway,"Liganded Gi-activating GPCRs bind inactive heterotrimeric G-protein Gi; Liganded Gi-activating GPCR acts as a GEF for Gi; The Ligand:GPCR:Gi complex dissociates; G alpha (i) inhibits adenylate cyclase; Adenylate cyclase converts ATP to 3',5'-cyclic AMP (cAMP) and pyrophosphate; Opsins act as GEFs for G alpha-t; G alpha (i) auto-inactivates by hydrolysing GTP to GDP; Inactive G alpha (i) reassociates with G beta:gamma; G alpha (i):GTP binds SRC; G protein alpha (i)-SRC complex catalyzes SRC to p-Y419-SRC; G protein alpha (i)-SRC complex dissociates to G protein alpha (i) and Active SRC; Active G alpha (i)–i1/i2/i3 binds RGS proteins; G alpha (i)–i1/i2/i3 in G (i):RGS complex is inactivated; G alpha (i):RGS dissociates to inactive G alpha (i)–i1/i2/i3; Opsins binds G alpha-t; G-alpha(t):G-beta-gamma:Opsins complex dissociates to active G-alpha(t); Opioid Signalling",The classical signalling mechanism for G alpha (i) is inhibition of the cAMP dependent pathway through inhibition of adenylate cyclase (Dessauer C W et al. 2002). Decreased production of cAMP from ATP results in decreased activity of cAMP-dependent protein kinases. Other functions of G alpha (i) includes activation of the protein tyrosine kinase c-Src (Ma Y C et al. 2000). Regulator of G-protein Signalling (RGS) proteins can regulate the activity of G alpha (i) (Soundararajan et al. 2008).,15,Glucagon signaling in metabolic regulation; PKA activation; PKA activation in glucagon signalling; Adenylate cyclase activating pathway; Adenylate cyclase inhibitory pathway; Olfactory Signaling Pathway; G alpha (s) signalling events; G alpha (i) signalling events; G alpha (z) signalling events; Vasopressin regulates renal water homeostasis via Aquaporins; Hedgehog 'off' state; GPER1 signaling; ADORA2B mediated anti-inflammatory cytokines production; FCGR3A-mediated IL10 synthesis; High laminar flow shear stress activates signaling by PIEZO1 and PECAM1:CDH5:KDR in endothelial cells,https://reactome.org/content/detail/R-HSA-418594,Human pathway mapping returned,Reactome pathway membership of the mapped human protein.
ADCY3,O60266,R-HSA-418597,G alpha (z) signalling events,Pathway,"Liganded Gz-activating GPCRs bind inactive heterotrimeric G-protein Gz; Liganded Gz-activating GPCR acts as a GEF for Gz; The Ligand:GPCR:Gz complex dissociates; G alpha (z) inhibits adenylate cyclase; Adenylate cyclase converts ATP to 3',5'-cyclic AMP (cAMP) and pyrophosphate; PKC phosphorylates G alpha (z); G alpha (z) auto-inactivates by hydrolysing GTP to GDP; Inactive G alpha (z) reassociates with G beta:gamma; Active G alpha (z) binds RGS proteins; G alpha (z) in G alpha (z):RGS complex is inactivated; G alpha (z):RGS complex dissociates to give inactive G alpha (z); PKC binds active G alpha (z); G-alpha(z):PKC dissociates to give phosphorylated G alpha (z)","The heterotrimeric G protein G alpha (z), is a member of the G (i) family. Unlike other G alpha (i) family members it lacks an ADP ribosylation site cysteine four residues from the carboxyl terminus and is thus pertussis toxin-insensitive. It inhibits adenylyl cyclase types I, V and VI (Wong Y H et al. 1992). G alpha (z) interacts with the Rap1 GTPase activating protein (Rap1GAP) to attenuate Rap1 signaling. Like all G-proteins G alpha (z) has an intrinsic GTPase activity, but this activity tends to be lower for the pertussis toxin insensitive G-proteins, most strikingly so for G alpha (z), whose kcat value for GTP hydrolysis is 200-fold lower than those of G alpha (s) or G alpha (i) (Grazziano et al. 1989). G alpha (z) knockout mice have disrupted platelet aggregation at physiological concentrations of epinephrine and responses to several neuroactive drugs are altered (Yang et al. 2000). Regulator of G-protein Signalling (RGS) proteins can regulate the activity of G alpha (z) (Soundararajan M et al. 2008).",15,Glucagon signaling in metabolic regulation; PKA activation; PKA activation in glucagon signalling; Adenylate cyclase activating pathway; Adenylate cyclase inhibitory pathway; Olfactory Signaling Pathway; G alpha (s) signalling events; G alpha (i) signalling events; G alpha (z) signalling events; Vasopressin regulates renal water homeostasis via Aquaporins; Hedgehog 'off' state; GPER1 signaling; ADORA2B mediated anti-inflammatory cytokines production; FCGR3A-mediated IL10 synthesis; High laminar flow shear stress activates signaling by PIEZO1 and PECAM1:CDH5:KDR in endothelial cells,https://reactome.org/content/detail/R-HSA-418597,Human pathway mapping returned,Reactome pathway membership of the mapped human protein.
ADCY3,O60266,R-HSA-432040,Vasopressin regulates renal water homeostasis via Aquaporins,Pathway,AVP(20-28) binds AVPR2; AVP:AVPR2 Complex binds inactive heterotrimeric G(s) complex; AVP:AVPR2:heterotrimeric G(s) complex exchanges GDP for GTP; Heterotrimeric G(s) complex dissociates; G alpha (s) activates adenylate cyclase; Activated Adenylate cyclase catalyses cAMP synthesis; cAMP binds PKA tetramer; cAMP induces dissociation of inactive PKA tetramers; Phosphorylation of Aquaporin-2 by Protein Kinase A (PKA); Translocation of Aquaporin-2 from intracellular vesicles to the apical plasma membrane; Aquaporin-1 passively transports water into cell; p-S256-Aquaporin-2 passively transports water into cell; Aquaporin-1 passively transports water out of cell; Aquaporin-3 passively transports water out of cell; Aquaporin-4 passively transports water out of cell,"In the kidney water and solutes are passed out of the bloodstream and into the proximal tubule via the slit-like structure formed by nephrin in the glomerulus. Water is reabsorbed from the filtrate during its transit through the proximal tubule, the descending loop of Henle, the distal convoluted tubule, and the collecting duct.<br>Aquaporin-1 (AQP1) in the proximal tubule and the descending thin limb of Henle is responsible for about 90% of reabsorption (as estimated from mouse knockouts of AQP1). AQP1 is located on both the apical and basolateral surface of epithelial cells and thus transports water through the epithelium and back into the bloodstream.<br>In the collecting duct epithelial cells have AQP2 on their apical surface and AQP3 and AQP4 on their basolateral surface to transport water across the epithelium. The permeability of the epithelium is regulated by vasopressin, which activates the phosphorylation and subsequent translocation of AQP2 from intracellular vesicles to the plasma membrane.",15,Glucagon signaling in metabolic regulation; PKA activation; PKA activation in glucagon signalling; Adenylate cyclase activating pathway; Adenylate cyclase inhibitory pathway; Olfactory Signaling Pathway; G alpha (s) signalling events; G alpha (i) signalling events; G alpha (z) signalling events; Vasopressin regulates renal water homeostasis via Aquaporins; Hedgehog 'off' state; GPER1 signaling; ADORA2B mediated anti-inflammatory cytokines production; FCGR3A-mediated IL10 synthesis; High laminar flow shear stress activates signaling by PIEZO1 and PECAM1:CDH5:KDR in endothelial cells,https://reactome.org/content/detail/R-HSA-432040,Human pathway mapping returned,Reactome pathway membership of the mapped human protein.
ADCY3,O60266,R-HSA-5610787,Hedgehog 'off' state,Pathway,,,15,Glucagon signaling in metabolic regulation; PKA activation; PKA activation in glucagon signalling; Adenylate cyclase activating pathway; Adenylate cyclase inhibitory pathway; Olfactory Signaling Pathway; G alpha (s) signalling events; G alpha (i) signalling events; G alpha (z) signalling events; Vasopressin regulates renal water homeostasis via Aquaporins; Hedgehog 'off' state; GPER1 signaling; ADORA2B mediated anti-inflammatory cytokines production; FCGR3A-mediated IL10 synthesis; High laminar flow shear stress activates signaling by PIEZO1 and PECAM1:CDH5:KDR in endothelial cells,https://reactome.org/content/detail/R-HSA-5610787,Human pathway mapping returned; pathway detail cap reached,Reactome pathway membership of the mapped human protein.
ADCY3,O60266,R-HSA-9634597,GPER1 signaling,Pathway,,,15,Glucagon signaling in metabolic regulation; PKA activation; PKA activation in glucagon signalling; Adenylate cyclase activating pathway; Adenylate cyclase inhibitory pathway; Olfactory Signaling Pathway; G alpha (s) signalling events; G alpha (i) signalling events; G alpha (z) signalling events; Vasopressin regulates renal water homeostasis via Aquaporins; Hedgehog 'off' state; GPER1 signaling; ADORA2B mediated anti-inflammatory cytokines production; FCGR3A-mediated IL10 synthesis; High laminar flow shear stress activates signaling by PIEZO1 and PECAM1:CDH5:KDR in endothelial cells,https://reactome.org/content/detail/R-HSA-9634597,Human pathway mapping returned; pathway detail cap reached,Reactome pathway membership of the mapped human protein.
ADCY3,O60266,R-HSA-9660821,ADORA2B mediated anti-inflammatory cytokines production,Pathway,,,15,Glucagon signaling in metabolic regulation; PKA activation; PKA activation in glucagon signalling; Adenylate cyclase activating pathway; Adenylate cyclase inhibitory pathway; Olfactory Signaling Pathway; G alpha (s) signalling events; G alpha (i) signalling events; G alpha (z) signalling events; Vasopressin regulates renal water homeostasis via Aquaporins; Hedgehog 'off' state; GPER1 signaling; ADORA2B mediated anti-inflammatory cytokines production; FCGR3A-mediated IL10 synthesis; High laminar flow shear stress activates signaling by PIEZO1 and PECAM1:CDH5:KDR in endothelial cells,https://reactome.org/content/detail/R-HSA-9660821,Human pathway mapping returned; pathway detail cap reached,Reactome pathway membership of the mapped human protein.
ADCY3,O60266,R-HSA-9664323,FCGR3A-mediated IL10 synthesis,Pathway,,,15,Glucagon signaling in metabolic regulation; PKA activation; PKA activation in glucagon signalling; Adenylate cyclase activating pathway; Adenylate cyclase inhibitory pathway; Olfactory Signaling Pathway; G alpha (s) signalling events; G alpha (i) signalling events; G alpha (z) signalling events; Vasopressin regulates renal water homeostasis via Aquaporins; Hedgehog 'off' state; GPER1 signaling; ADORA2B mediated anti-inflammatory cytokines production; FCGR3A-mediated IL10 synthesis; High laminar flow shear stress activates signaling by PIEZO1 and PECAM1:CDH5:KDR in endothelial cells,https://reactome.org/content/detail/R-HSA-9664323,Human pathway mapping returned; pathway detail cap reached,Reactome pathway membership of the mapped human protein.
ADCY3,O60266,R-HSA-9856530,High laminar flow shear stress activates signaling by PIEZO1 and PECAM1:CDH5:KDR in endothelial cells,Pathway,,,15,Glucagon signaling in metabolic regulation; PKA activation; PKA activation in glucagon signalling; Adenylate cyclase activating pathway; Adenylate cyclase inhibitory pathway; Olfactory Signaling Pathway; G alpha (s) signalling events; G alpha (i) signalling events; G alpha (z) signalling events; Vasopressin regulates renal water homeostasis via Aquaporins; Hedgehog 'off' state; GPER1 signaling; ADORA2B mediated anti-inflammatory cytokines production; FCGR3A-mediated IL10 synthesis; High laminar flow shear stress activates signaling by PIEZO1 and PECAM1:CDH5:KDR in endothelial cells,https://reactome.org/content/detail/R-HSA-9856530,Human pathway mapping returned; pathway detail cap reached,Reactome pathway membership of the mapped human protein.
GIPR,P48546,R-HSA-418555,G alpha (s) signalling events,Pathway,"Liganded Gs-activating GPCRs bind inactive heterotrimeric Gs; Liganded Gs-activating GPCR acts as a GEF for Gs; The Ligand:GPCR:Gs complex dissociates; G alpha (s) activates adenylate cyclase; Adenylate cyclase converts ATP to 3',5'-cyclic AMP (cAMP) and pyrophosphate; cAMP degradation by Phosphodiesterases; PDE4A hydrolyses cAMP to AMP; PDE4A binds PDE4A inhibitors; PDE3A hydrolyses cAMP to AMP; PDE3B hydrolyses cAMP to AMP; PDE3A inhibitors bind PDE3A; G alpha (s) auto-inactivates by hydrolysing GTP to GDP; Inactive G alpha (s) reassociates with G beta:gamma; ADRB2 in ADRB2:GRK complex is phosphorylated; ADRB2:Catecholamine binds ARRB1, ARRB2; G protein alpha (s):GTP binds SRC; G alpha (s):GTP:SRC catalyzes SRC to p-Y419-SRC; G alpha (s):GTP:SRC dissociates; GRKs bind ADRB2:Catecholamine; ADRB2:GRK complex dissociates to Phosphorylated ADRB2; GPER1 signaling","The general function of the G alpha (s) subunit (Gs) is to activate adenylate cyclase (Tesmer et al. 1997), which in turn produces cAMP, leading to the activation of cAMP-dependent protein kinases (often referred to collectively as Protein Kinase A). The signal from the ligand-stimulated GPCR is amplified because the receptor can activate several Gs heterotrimers before it is inactivated. Another downstream effector of G alpha (s) is the protein tyrosine kinase c-Src (Ma et al. 2000).",2,G alpha (s) signalling events; Glucagon-type ligand receptors,https://reactome.org/content/detail/R-HSA-418555,Human pathway mapping returned,Reactome pathway membership of the mapped human protein.
GIPR,P48546,R-HSA-420092,Glucagon-type ligand receptors,Pathway,GIP receptor binds gastric inhibitory peptide; GLP1R binds GLP1; Glucagon binds to Glucagon receptor; Glucagon-like receptor 2 binds GLP2; GHRH receptor binds GHRH; VIP receptors bind VIP; The PACAP receptor binds PACAP; Secretin receptor binds secretin,"The glucagon hormone family regulates the activity of GPCRs from the secretin receptor subfamily in Class II/B (Mayo KE et al, 2003).",2,G alpha (s) signalling events; Glucagon-type ligand receptors,https://reactome.org/content/detail/R-HSA-420092,Human pathway mapping returned,Reactome pathway membership of the mapped human protein.
BDNF,P23560,R-HSA-1257604,PIP3 activates AKT signaling,Pathway,"RAC1,RAC2,RHOG activate PI3K; PI3K phosphorylates PIP2 to PIP3; PIP3 recruits AKT to the membrane; PIP3 recruits PDPK1 to the membrane; PIP3 activates mTORC2; mTORC2 phosphorylates AKT at S473; mTORC2 phosphorylates SGK1; AKT binds PDPK1; PDPK1 phosphorylates AKT at T308; PDPK1 phosphorylates SGK1; AKT phosphorylates targets in the cytosol; AKT translocates to the nucleus; AKT phosphorylates targets in the nucleus; Negative regulation of the PI3K/AKT network; PDPK1 binds PIP2; PTEN Regulation","Signaling by AKT is one of the key outcomes of receptor tyrosine kinase (RTK) activation. AKT is activated by the cellular second messenger PIP3, a phospholipid that is generated by PI3K. In ustimulated cells, PI3K class IA enzymes reside in the cytosol as inactive heterodimers composed of p85 regulatory subunit and p110 catalytic subunit. In this complex, p85 stabilizes p110 while inhibiting its catalytic activity. Upon binding of extracellular ligands to RTKs, receptors dimerize and undergo autophosphorylation. The regulatory subunit of PI3K, p85, is recruited to phosphorylated cytosolic RTK domains either directly or indirectly, through adaptor proteins, leading to a conformational change in the PI3K IA heterodimer that relieves inhibition of the p110 catalytic subunit. Activated PI3K IA phosphorylates PIP2, converting it to PIP3; this reaction is negatively regulated by PTEN phosphatase. PIP3 recruits AKT to the plasma membrane, allowing TORC2 to phosphorylate a conserved serine residue of AKT. Phosphorylation of this serine induces a conformation change in AKT, exposing a conserved threonine residue that is then phosphorylated by PDPK1 (PDK1). Phosphorylation of both the threonine and the serine residue is required to fully activate AKT. The active AKT then dissociates from PIP3 and phosphorylates a number of cytosolic and nuclear proteins that play important roles in cell survival and metabolism. For a recent review of AKT signaling, please refer to Manning and Cantley, 2007.",13,"PIP3 activates AKT signaling; Constitutive Signaling by Aberrant PI3K in Cancer; PI5P, PP2A and IER3 Regulate PI3K/AKT Signaling; MECP2 regulates transcription of neuronal ligands; BDNF activates NTRK2 (TRKB) signaling; Activated NTRK2 signals through RAS; Activated NTRK2 signals through PLCG1; Activated NTRK2 signals through PI3K; Activated NTRK2 signals through FRS2 and FRS3; Activated NTRK2 signals through FYN; NTRK2 activates RAC1; Activated NTRK2 signals through CDK5; NPAS4 regulates expression of target genes",https://reactome.org/content/detail/R-HSA-1257604,Human pathway mapping returned,Reactome pathway membership of the mapped human protein.
BDNF,P23560,R-HSA-2219530,Constitutive Signaling by Aberrant PI3K in Cancer,Pathway,PI3K gain of function mutants phosphorylate PIP2 to PIP3; PI3K inhibitors block PI3K catalytic activity,"Signaling by PI3K/AKT is frequently constitutively activated in cancer via gain-of-function mutations in one of the two PI3K subunits - PI3KCA (encoding the catalytic subunit p110alpha) or PIK3R1 (encoding the regulatory subunit p85alpha). Gain-of-function mutations activate PI3K signaling by diverse mechanisms. Mutations affecting the helical domain of PIK3CA and mutations affecting nSH2 and iSH2 domains of PIK3R1 impair inhibitory interactions between these two subunits while preserving their association. Mutations in the catalytic domain of PIK3CA enable the kinase to achieve an active conformation. PI3K complexes with gain-of-function mutations therefore produce PIP3 and activate downstream AKT in the absence of growth factors (Huang et al. 2007, Zhao et al. 2005, Miled et al. 2007, Horn et al. 2008, Sun et al. 2010, Jaiswal et al. 2009, Zhao and Vogt 2010, Urick et al. 2011).",13,"PIP3 activates AKT signaling; Constitutive Signaling by Aberrant PI3K in Cancer; PI5P, PP2A and IER3 Regulate PI3K/AKT Signaling; MECP2 regulates transcription of neuronal ligands; BDNF activates NTRK2 (TRKB) signaling; Activated NTRK2 signals through RAS; Activated NTRK2 signals through PLCG1; Activated NTRK2 signals through PI3K; Activated NTRK2 signals through FRS2 and FRS3; Activated NTRK2 signals through FYN; NTRK2 activates RAC1; Activated NTRK2 signals through CDK5; NPAS4 regulates expression of target genes",https://reactome.org/content/detail/R-HSA-2219530,Human pathway mapping returned,Reactome pathway membership of the mapped human protein.
BDNF,P23560,R-HSA-6811558,"PI5P, PP2A and IER3 Regulate PI3K/AKT Signaling",Pathway,"PI4P is phosphorylated to PI(4,5)P2 by PIP5K1A-C at the plasma membrane; PI5P is phosphorylated to PI(4,5)P2 by PIP4K2 dimers at the plasma membrane; PI3K phosphorylates PIP2 to PIP3; AKT1 dephosphorylation by PP2A-B56-beta,gamma; Inhibition of PP2A activity by phosphorylation of the catalytic subunit at tyrosine Y307; IER3 recruits MAPKs to PP2A-B56-beta,gamma; MAPKs phosphorylate PP2A","Phosphatidylinositol-5-phosphate (PI5P) may modulate PI3K/AKT signaling in several ways. PI5P is used as a substrate for production of phosphatidylinositol-4,5-bisphosphate, PI(4,5)P2 (Rameh et al. 1997, Clarke et al. 2008, Clarke et al. 2010, Clarke and Irvine 2013, Clarke et al. 2015), which serves as a substrate for activated PI3K, resulting in the production of PIP3 (Mandelker et al. 2009, Burke et al. 2011). The majority of PI(4,5)P2 in the cell, however, is produced from the phosphatidylinositol-4-phosphate (PI4P) substrate (Zhang et al. 1997, Di Paolo et al. 2002, Oude Weernink et al. 2004, Halstead et al. 2006, Oude Weernink et al. 2007). PIP3 is necessary for the activating phosphorylation of AKT. AKT1 can be deactivated by the protein phosphatase 2A (PP2A) complex that contains a regulatory subunit B56-beta (PPP2R5B) or B56-gamma (PPP2R5C). PI5P inhibits AKT1 dephosphorylation by PP2A through an unknown mechanism (Ramel et al. 2009). Increased PI5P levels correlate with inhibitory phosphorylation(s) of the PP2A complex. MAPK1 (ERK2) and MAPK3 (ERK1) are involved in inhibitory phosphorylation of PP2A, in a process that involves IER3 (IEX-1) (Letourneux et al. 2006, Rocher et al. 2007). It is uncertain, however, whether PI5P is in any way involved in ERK-mediated phosphorylation of PP2A or if it regulates another PP2A kinase.",13,"PIP3 activates AKT signaling; Constitutive Signaling by Aberrant PI3K in Cancer; PI5P, PP2A and IER3 Regulate PI3K/AKT Signaling; MECP2 regulates transcription of neuronal ligands; BDNF activates NTRK2 (TRKB) signaling; Activated NTRK2 signals through RAS; Activated NTRK2 signals through PLCG1; Activated NTRK2 signals through PI3K; Activated NTRK2 signals through FRS2 and FRS3; Activated NTRK2 signals through FYN; NTRK2 activates RAC1; Activated NTRK2 signals through CDK5; NPAS4 regulates expression of target genes",https://reactome.org/content/detail/R-HSA-6811558,Human pathway mapping returned,Reactome pathway membership of the mapped human protein.
BDNF,P23560,R-HSA-9022702,MECP2 regulates transcription of neuronal ligands,Pathway,MECP2:SIN3A complex binds the promoter of the BDNF gene; BDNF gene transcription; MECP2 binds CRH gene promoter; CRH gene expression is repressed by MECP2; MECP2:CREB1 binds SST gene promoter; SST gene expression is stimulated by MECP2 and CREB1; MECP2 binds DLL1 gene promoter; DLL1 gene expression is inhibited by MECP2,"Ligands regulated by MECP2 include BDNF (reviewed by Li and Pozzo Miller 2014, and KhorshidAhmad et al. 2016), CRH (McGill et al. 2006, Samaco et al. 2012), SST (Somatostatin) (Chahrour et al. 2008), and DLL1 (Li et al. 2014).",13,"PIP3 activates AKT signaling; Constitutive Signaling by Aberrant PI3K in Cancer; PI5P, PP2A and IER3 Regulate PI3K/AKT Signaling; MECP2 regulates transcription of neuronal ligands; BDNF activates NTRK2 (TRKB) signaling; Activated NTRK2 signals through RAS; Activated NTRK2 signals through PLCG1; Activated NTRK2 signals through PI3K; Activated NTRK2 signals through FRS2 and FRS3; Activated NTRK2 signals through FYN; NTRK2 activates RAC1; Activated NTRK2 signals through CDK5; NPAS4 regulates expression of target genes",https://reactome.org/content/detail/R-HSA-9022702,Human pathway mapping returned,Reactome pathway membership of the mapped human protein.
BDNF,P23560,R-HSA-9024909,BDNF activates NTRK2 (TRKB) signaling,Pathway,BDNF binds NTRK2 (TRKB); BDNF-bound NTRK2 dimerizes; BDNF-bound NTRK2 dimers trans-autophosphorylate,"Signaling by the neurotrophin receptor tyrosine kinase NTRK2 (TRKB) can be activated by binding to brain-derived neurotrophic factor (BDNF), which functions as a ligand for NTRK2 (Soppet et al. 1991, Klein et al. 1991). Binding to BDNF triggers NTRK2 dimerization (Ohira et al. 2001) and trans-autophosphorylation of NTRK2 dimers on conserved tyrosine residues in the cytoplasmic tail of the receptor (Guiton et al. 1994, Minichiello et al. 1998, McCarty and Feinstein 1999). Phosphorylated tyrosine residues subsequently serve as docking sites for recruitment of effector proteins that trigger downstream signaling cascades.",13,"PIP3 activates AKT signaling; Constitutive Signaling by Aberrant PI3K in Cancer; PI5P, PP2A and IER3 Regulate PI3K/AKT Signaling; MECP2 regulates transcription of neuronal ligands; BDNF activates NTRK2 (TRKB) signaling; Activated NTRK2 signals through RAS; Activated NTRK2 signals through PLCG1; Activated NTRK2 signals through PI3K; Activated NTRK2 signals through FRS2 and FRS3; Activated NTRK2 signals through FYN; NTRK2 activates RAC1; Activated NTRK2 signals through CDK5; NPAS4 regulates expression of target genes",https://reactome.org/content/detail/R-HSA-9024909,Human pathway mapping returned,Reactome pathway membership of the mapped human protein.
BDNF,P23560,R-HSA-9026519,Activated NTRK2 signals through RAS,Pathway,p-Y516 of p-5Y-NTRK2 recruits SHC1; NTRK2 phosphorylates SHC1; SHC1 bound to activated NTRK2 recruits GRB2:SOS1; NTRK2 activates RAS signaling through SHC1,"Activation of the neurotrophin receptor NTRK2 (TRKB) by BDNF or NTF4 triggers downstream RAS signaling. The best studied mechanism for activation of RAS signaling downstream of NTRK2 is through SHC1-mediated recruitment of the GRB2:SOS1 complex, triggering SOS1-mediated guanine nucleotide exchange on RAS and formation of active RAS:GTP complexes (Minichiello et al. 1998, McCarthy and Feinstein 1999, Yuen and Mobley 1999).",13,"PIP3 activates AKT signaling; Constitutive Signaling by Aberrant PI3K in Cancer; PI5P, PP2A and IER3 Regulate PI3K/AKT Signaling; MECP2 regulates transcription of neuronal ligands; BDNF activates NTRK2 (TRKB) signaling; Activated NTRK2 signals through RAS; Activated NTRK2 signals through PLCG1; Activated NTRK2 signals through PI3K; Activated NTRK2 signals through FRS2 and FRS3; Activated NTRK2 signals through FYN; NTRK2 activates RAC1; Activated NTRK2 signals through CDK5; NPAS4 regulates expression of target genes",https://reactome.org/content/detail/R-HSA-9026519,Human pathway mapping returned,Reactome pathway membership of the mapped human protein.
BDNF,P23560,R-HSA-9026527,Activated NTRK2 signals through PLCG1,Pathway,p-Y817 of p-5Y-NTRK2 recruits PLCG1; NTRK2 phosphorylates PLCG1; Activated PCLG1 dissociates from NTRK2,"Activation of the neurotrophin receptor NTRK2 (TRKB) by BDNF or NTF4 triggers downstream PLCgamma (PLCG1) signaling, resulting in formation of secondary messengers DAG and IP3 (Eide et al. 1996, Minichiello et al. 1998, McCarthy and Feinstein 1999, Yuen and Mobley 1999, Minichiello et al. 2002, Yamada et al. 2002).",13,"PIP3 activates AKT signaling; Constitutive Signaling by Aberrant PI3K in Cancer; PI5P, PP2A and IER3 Regulate PI3K/AKT Signaling; MECP2 regulates transcription of neuronal ligands; BDNF activates NTRK2 (TRKB) signaling; Activated NTRK2 signals through RAS; Activated NTRK2 signals through PLCG1; Activated NTRK2 signals through PI3K; Activated NTRK2 signals through FRS2 and FRS3; Activated NTRK2 signals through FYN; NTRK2 activates RAC1; Activated NTRK2 signals through CDK5; NPAS4 regulates expression of target genes",https://reactome.org/content/detail/R-HSA-9026527,Human pathway mapping returned,Reactome pathway membership of the mapped human protein.
BDNF,P23560,R-HSA-9028335,Activated NTRK2 signals through PI3K,Pathway,Activated NTRK2 recruits PI3K; NTRK2-activated PI3K generates PIP3,"Neurotrophin receptor NTRK2 (TRKB), activated by BDNF or NTF4, activates PI3K, resulting in formation of the PIP3 secondary messenger. PIP3 activates AKT signaling, and AKT signaling activates mTOR signaling (Yuen and Mobley 1999, Cao et al. 2013).",13,"PIP3 activates AKT signaling; Constitutive Signaling by Aberrant PI3K in Cancer; PI5P, PP2A and IER3 Regulate PI3K/AKT Signaling; MECP2 regulates transcription of neuronal ligands; BDNF activates NTRK2 (TRKB) signaling; Activated NTRK2 signals through RAS; Activated NTRK2 signals through PLCG1; Activated NTRK2 signals through PI3K; Activated NTRK2 signals through FRS2 and FRS3; Activated NTRK2 signals through FYN; NTRK2 activates RAC1; Activated NTRK2 signals through CDK5; NPAS4 regulates expression of target genes",https://reactome.org/content/detail/R-HSA-9028335,Human pathway mapping returned,Reactome pathway membership of the mapped human protein.
BDNF,P23560,R-HSA-9028731,Activated NTRK2 signals through FRS2 and FRS3,Pathway,Activated NTRK2 binds FRS2; NTRK2 phosphorylates FRS2; NTRK2-phosphorylated FRS2 binds GRB2; NTRK2-phosphorylated FRS2 binds PTPN11; NTRK2 activates RAS signaling through FRS2; Activated NTRK2 binds FRS3; NTRK2 phosphorylates FRS3,"Adapter proteins FRS2 and FRS3 can both bind to the cytoplasmic tail of activated NTRK2 (TRKB) receptor, which is followed by NTRK2-mediated phosphorylation of FRS2 and FRS3. NTRK2 signaling through FRS3 has been poorly characterized (Easton et al. 1999, Yuen and Mobley 1999, Dixon et al. 2006, Zeng et al. 2014). Phosphorylated FRS2 is known to recruit GRB2 (presumably in complex with SOS1) and PTPN11 (SHP2) to activated NTRK2, leading to augmentation of RAS signaling (Easton et al. 1999, Easton 2006).",13,"PIP3 activates AKT signaling; Constitutive Signaling by Aberrant PI3K in Cancer; PI5P, PP2A and IER3 Regulate PI3K/AKT Signaling; MECP2 regulates transcription of neuronal ligands; BDNF activates NTRK2 (TRKB) signaling; Activated NTRK2 signals through RAS; Activated NTRK2 signals through PLCG1; Activated NTRK2 signals through PI3K; Activated NTRK2 signals through FRS2 and FRS3; Activated NTRK2 signals through FYN; NTRK2 activates RAC1; Activated NTRK2 signals through CDK5; NPAS4 regulates expression of target genes",https://reactome.org/content/detail/R-HSA-9028731,Human pathway mapping returned,Reactome pathway membership of the mapped human protein.
BDNF,P23560,R-HSA-9032500,Activated NTRK2 signals through FYN,Pathway,"Activated NTRK2 binds FYN; NTRK2-bound FYN autophosphorylates; Activated FYN binds GRIN2B; FYN-mediated phosphorylation of GRIN2B; NTRK2 activates RAC1; SRC,FYN phosphorylate NTRK2","In mouse brain, Fyn activation downstream of Bdnf-induced Ntrk2 (TrkB) signaling results in increased protein levels of AMPA receptor subunits Gria2 (GluR2), Gria3 (GluR3) and Gria1 (GluR1) without change in mRNA levels (Narisawa-Saito et al. 1999).<p>BDNF-mediated activation of NTRK2 increases phosphorylation of voltage gated sodium channels by FYN, resulting in decrease of sodium currents (Ahn et al. 2007).<p>FYN activation downstream of NTRK2 is implicated in olygodendrocyte myelination and contributes to BDNF-induced activation of ERK1/2 (MAPK3/1) through an unknown mechanism (Peckham et al. 2015).<p>Besides acting downstream of NTRK2, FYN and other SRC kinases, activated by other receptors such as GPCRs, may phosphorylate NTRK2 and enhance its catalytic activity (Rajagopal and Chao 2006, Huang and McNamara 2010).",13,"PIP3 activates AKT signaling; Constitutive Signaling by Aberrant PI3K in Cancer; PI5P, PP2A and IER3 Regulate PI3K/AKT Signaling; MECP2 regulates transcription of neuronal ligands; BDNF activates NTRK2 (TRKB) signaling; Activated NTRK2 signals through RAS; Activated NTRK2 signals through PLCG1; Activated NTRK2 signals through PI3K; Activated NTRK2 signals through FRS2 and FRS3; Activated NTRK2 signals through FYN; NTRK2 activates RAC1; Activated NTRK2 signals through CDK5; NPAS4 regulates expression of target genes",https://reactome.org/content/detail/R-HSA-9032500,Human pathway mapping returned,Reactome pathway membership of the mapped human protein.
BDNF,P23560,R-HSA-9032759,NTRK2 activates RAC1,Pathway,,,13,"PIP3 activates AKT signaling; Constitutive Signaling by Aberrant PI3K in Cancer; PI5P, PP2A and IER3 Regulate PI3K/AKT Signaling; MECP2 regulates transcription of neuronal ligands; BDNF activates NTRK2 (TRKB) signaling; Activated NTRK2 signals through RAS; Activated NTRK2 signals through PLCG1; Activated NTRK2 signals through PI3K; Activated NTRK2 signals through FRS2 and FRS3; Activated NTRK2 signals through FYN; NTRK2 activates RAC1; Activated NTRK2 signals through CDK5; NPAS4 regulates expression of target genes",https://reactome.org/content/detail/R-HSA-9032759,Human pathway mapping returned; pathway detail cap reached,Reactome pathway membership of the mapped human protein.
BDNF,P23560,R-HSA-9032845,Activated NTRK2 signals through CDK5,Pathway,,,13,"PIP3 activates AKT signaling; Constitutive Signaling by Aberrant PI3K in Cancer; PI5P, PP2A and IER3 Regulate PI3K/AKT Signaling; MECP2 regulates transcription of neuronal ligands; BDNF activates NTRK2 (TRKB) signaling; Activated NTRK2 signals through RAS; Activated NTRK2 signals through PLCG1; Activated NTRK2 signals through PI3K; Activated NTRK2 signals through FRS2 and FRS3; Activated NTRK2 signals through FYN; NTRK2 activates RAC1; Activated NTRK2 signals through CDK5; NPAS4 regulates expression of target genes",https://reactome.org/content/detail/R-HSA-9032845,Human pathway mapping returned; pathway detail cap reached,Reactome pathway membership of the mapped human protein.
BDNF,P23560,R-HSA-9768919,NPAS4 regulates expression of target genes,Pathway,,,13,"PIP3 activates AKT signaling; Constitutive Signaling by Aberrant PI3K in Cancer; PI5P, PP2A and IER3 Regulate PI3K/AKT Signaling; MECP2 regulates transcription of neuronal ligands; BDNF activates NTRK2 (TRKB) signaling; Activated NTRK2 signals through RAS; Activated NTRK2 signals through PLCG1; Activated NTRK2 signals through PI3K; Activated NTRK2 signals through FRS2 and FRS3; Activated NTRK2 signals through FYN; NTRK2 activates RAC1; Activated NTRK2 signals through CDK5; NPAS4 regulates expression of target genes",https://reactome.org/content/detail/R-HSA-9768919,Human pathway mapping returned; pathway detail cap reached,Reactome pathway membership of the mapped human protein.
SIM1,P81133,,,,,,0,,https://reactome.org/ContentService/data/mapping/UniProt/P81133/pathways,No human pathway mapping returned,Reactome pathway membership of the mapped human protein.
TCF7L2,Q9NQB0,R-HSA-201722,Formation of the beta-catenin:TCF transactivating complex,Pathway,Binding of TCF/LEF:CTNNB1 to target gene promoters; Beta-catenin displaces TLE:HDAC1 from TCF/LEF; Beta-catenin:TCF associates with BCL9 and PYGO; Beta-catenin recruits CBP/p300; Beta-catenin recruits CDC73 and LEO1; Beta-catenin recruits SMARCA4; Recruitment of MLL2 methyltransferase complex; MLL2 complex trimethylates H3K4 at the MYC gene; Beta-catenin recruits TRRAP/KAT5 HAT components; KAT5 HAT complex acetylates TCF4 gene at histone H4,"Once in the nucleus, beta-catenin is recruited to WNT target genes through interaction with TCF/LEF transcription factors. This family, which consists of TCF7 (also known as TCF1), TCF7L1 (also known as TCF3), TCF7L2 (also known as TCF4) and TCF7L3 (also known as LEF1), are HMG-containing transcription factors that bind to the WNT responsive elements in target gene promoters (reviewed in Brantjes et al, 2002).  In the absence of WNT signal, TCF/LEF proteins recruit Groucho/TLE repressors to inhibit transcription; upon WNT stimulation, beta-catenin can displace Groucho/TLE from TCF/LEF proteins to initiate transcriptional activation (reviewed in Chen and Courey, 2000).  Although this model for WNT-dependent activation of target genes is widely accepted, it is important to note that TCF/LEF proteins are not redundant and can contribute to WNT target gene expression in a number of different ways (reviewed in Brantjes et al, 2002; MacDonald et al, 2009).  In particular, TCF7L1 (TCF3) is thought to have a more pronounced repressor function than other TCF/LEF family members.  A couple of recent studies in Xenopus and mammalian cells show that WNT- and beta-catenin-dependent phosphorylation of TCF7L1(TCF3) promotes its dissociation from the promoter of target genes and allows gene expression through relief of this repression activity (Hikasa et al, 2010; Hikasa et al, 2011).<br><br><br>The role of beta-catenin at WNT promoters hinges upon its ability to act as a scaffold for the recruitment of other proteins. The structure of beta-catenin consists of 12 imperfect ARM repeats (R1-12) flanked by an N-terminal and C-terminal extension (NTD and CTD respectively), with a conserved Helix C located between R12 and the CTD.  Nuclear beta-catenin interacts with TCF/LEF at WNT target genes through ARM domains 3-9 (Graham et al, 2000; Poy et al, 2001; Xing et al, 2008).  The N and the C terminal regions are important for the recruitment of transcriptional activator and repressors that contribute to WNT target gene expression (reviewed in Mosimann et al, 2009; Valenta et al, 2012).  The N-terminal ARM domains 1-4 recruit the WNT-pathway specific activators BCL9:PYGO while the C-terminal region (R11-CTD) interacts with a wide range of general transcriptional activators that are involved in chromatin remodelling and transcription initiation. These include HATs such as P300, CBP and TIP60, histone methyltransferases such as MLL1 and 2, SWI/SNF factors BRG1 and ISWI and components of the PAF complex (reviewed in Mosimann et al, 2009; Valenta et al, 2012).  Although many binding partners have been identified for the C-terminal region of beta-catenin, in many cases the timing and relationship of these interactions and indeed, the exact complex composition remains to be elucidated.  Moreover, because many of the interacting partners appear to bind to overlapping regions of beta-catenin, it is unlikely that they all bind simultaneously.  For simplicity, the interactions have been depicted as though they occur independently of one another; more accurately they are likely to cycle successively on and off beta-catenin to promote an active chromatin structure (reviewed in Willert and Jones, 2006; Valenta et al, 2012).",12,"Formation of the beta-catenin:TCF transactivating complex; Deactivation of the beta-catenin transactivating complex; Synthesis, secretion, and inactivation of Glucagon-like Peptide-1 (GLP-1); Ca2+ pathway; Binding of TCF/LEF:CTNNB1 to target gene promoters; Repression of WNT target genes; Signaling by TCF7L2 mutants; Transcriptional Regulation by VENTX; RUNX3 regulates WNT signaling; Formation of definitive endoderm; Regulation of MITF-M-dependent genes involved in cell cycle and proliferation; Regulation of PD-L1(CD274) transcription",https://reactome.org/content/detail/R-HSA-201722,Human pathway mapping returned,Reactome pathway membership of the mapped human protein.
TCF7L2,Q9NQB0,R-HSA-3769402,Deactivation of the beta-catenin transactivating complex,Pathway,XIAP binds TLE; XIAP monoubiquinates TLE; XIAP dissociates from ub-TLE; APC promotes disassembly of beta-catenin transactivation complex; beta-catenin is replaced by repression complexes at the promoter; CBY1 binds beta-catenin; AKT phosphorylates CBY1; YWHAZ binds p-CBY:CTNNB1; XPO1 binds the beta-catenin:CBY complex; YWHAZ and XPO1 mediate the nuclear export of beta-catenin; CTNNBIP1 binds beta-catenin; CHD8 binds beta-catenin to negatively regulate WNT-dependent gene expression; Beta-catenin binds SOX proteins; TCF:Beta-catenin binds SOX proteins,"The mechanisms involved in downregulation of TCF-dependent transcription are not yet very well understood. beta-catenin is known to recruit a number of transcriptional repressors, including Reptin, SMRT and NCoR, to the TCF/LEF complex, allowing the transition from activation to repression (Bauer et al, 2000; Weiske et al, 2007; Song and Gelmann, 2008).  CTNNBIP1 (also known as ICAT) and Chibby are inhibitors of TCF-dependent signaling that function by binding directly to beta-catenin and preventing interactions with critical components of the transactivation machinery (Takemaru et al, 2003; Li et al, 2008; Tago et al, 2000; Graham et al, 2002; Daniels and Weiss, 2002).  Chibby additionally promotes the nuclear export of beta-catenin in conjunction with 14-3-3/YWHAZ proteins (Takemura et al, 2003; Li et al, 2008).  A couple of recent studies have also suggested a role for nuclear APC in the disassembly of the beta-catenin activation complex (Hamada and Bienz, 2004; Sierra et al, 2006). It is worth noting that while some of the players involved in the disassembly of the beta-catenin transactivating complex are beginning to be worked out in vitro, the significance of their role in vivo is not yet fully understood, and some can be knocked out with little effect on endogenous WNT signaling (see for instance Voronina et al, 2009).",12,"Formation of the beta-catenin:TCF transactivating complex; Deactivation of the beta-catenin transactivating complex; Synthesis, secretion, and inactivation of Glucagon-like Peptide-1 (GLP-1); Ca2+ pathway; Binding of TCF/LEF:CTNNB1 to target gene promoters; Repression of WNT target genes; Signaling by TCF7L2 mutants; Transcriptional Regulation by VENTX; RUNX3 regulates WNT signaling; Formation of definitive endoderm; Regulation of MITF-M-dependent genes involved in cell cycle and proliferation; Regulation of PD-L1(CD274) transcription",https://reactome.org/content/detail/R-HSA-3769402,Human pathway mapping returned,Reactome pathway membership of the mapped human protein.
TCF7L2,Q9NQB0,R-HSA-381771,"Synthesis, secretion, and inactivation of Glucagon-like Peptide-1 (GLP-1)",Pathway,Synthesis of Preproglucagon in intestinal L cells; Signal peptidase hydrolyzes preproGLP-1 to proGLP-1; Proglucagon translocates from the ER Lumen to secretory granules; PCSK1 hydrolyzes Proglucagon to Glucagon-like Peptide-1; Glucagon-like Peptide 1 is secreted from intestinal L cells; DPP4(1-766) hydrolyzes Glucagon-like Peptide-1 (GLP-1); DPP4(39-766) hydrolyzes Glucagon-like Peptide-1 (GLP-1); DPP4 binds DPP4 inhibitors,"In L cells of the intestine the transcription factors TCF-4 (TCF7L2) and Beta-catenin form a heterodimer and bind the G2 enhancer of the Proglucagon gene GCG,activating its transcription to yield Proglucagon mRNA and, following translation, Proglucagon protein. The prohormone convertase PC1 present in the secretory granules of L cells cleaves Proglucagon at two sites to yield mostly Glucagon-like Peptide-1 (7-36) with a small amount of Glucagon-like Peptide-1 (7-37). Glucagon-like Peptide-1 (7-36 and 7-37) (GLP-1) is secreted into the bloodstream in response to glucose, fatty acids, insulin, leptin, gastrin-releasing peptide, cholinergic transmitters, beta-adrenergic transmitters, and peptidergic transmitters. The half-life of GLP-1 in the bloodstream is determined by Dipeptidyl Peptidase IV, which cleaves 2 amino acids at the amino terminus of GLP-1, rendering it biologically inactive.",12,"Formation of the beta-catenin:TCF transactivating complex; Deactivation of the beta-catenin transactivating complex; Synthesis, secretion, and inactivation of Glucagon-like Peptide-1 (GLP-1); Ca2+ pathway; Binding of TCF/LEF:CTNNB1 to target gene promoters; Repression of WNT target genes; Signaling by TCF7L2 mutants; Transcriptional Regulation by VENTX; RUNX3 regulates WNT signaling; Formation of definitive endoderm; Regulation of MITF-M-dependent genes involved in cell cycle and proliferation; Regulation of PD-L1(CD274) transcription",https://reactome.org/content/detail/R-HSA-381771,Human pathway mapping returned,Reactome pathway membership of the mapped human protein.
TCF7L2,Q9NQB0,R-HSA-4086398,Ca2+ pathway,Pathway,"WNT5A and WNT11 bind FZD receptors to initiate Ca2+ signaling; FZD recruits trimeric G-proteins; WNT:FZD complex promotes G-protein nucleotide exchange; G-protein subunits dissociate from WNT:FZD complex; Gbeta:gamma activation of PLC beta; PLC beta-mediated PIP2 hydrolysis; Translocation and activation of PKC alpha in response to WNT signaling; IP3 binds to the IP3 receptor, opening the endoplasmic reticulum Ca2+ channel; Activation of Calcineurin; Calcineurin binds and dephosphorylates NFAT1 in response to WNT/Ca2+ signaling; Translocation of NFATC1:CaN:CaM to nucleus; Decreasing cGMP concentration promotes intracellular Ca2+ release in response to WNT; G alpha t2 binds and activates PDE6; PDE6 hydrolyses cGMP to GMP; Active calmodulin binds CAMK2; PRKG is activated by binding to high levels of cGMP in the absence of WNT signaling; Autophosphorylation and activation of CAMK2; Dissociation of CaM and CAMK2 autophosphorylation; CAMK2 binds MAP3K7; Activation of MAP3K7 in response to WNT; Activation of NLK; NLK translocates to nucleus; NLK phosphorylates TCF/LEF; miR-92b binds 3'UTR of NLK mRNA; NLK mRNA translation controlled by miR-92b; TCF/LEF:CTNNB1 bind canonical WNT target promoters; Transcription of canonical WNT targets is negatively regulated by NLK-dependent phosphorylation of TCF/LEF","A number of so called non-canonical WNT ligands have been shown to promote intracellular calcium release upon FZD binding.  This beta-catenin-independent WNT pathway acts through heterotrimeric G proteins and promotes calcium release through phophoinositol signaling and activation of phosphodiesterase (PDE).  Downstream effectors include the calcium/calmodulin-dependent kinase II (CaMK2) and PKC (reviewed in De, 2011).  The WNT Ca2+ pathway is important in dorsoventral polarity, convergent extension and organ formation in vertebrates and also has roles in negatively regulating 'canonical' beta-catenin-dependent transcription.  Non-canonical WNT Ca2+ signaling is also implicated in inflammatory response and cancer (reviewed in Kohn and Moon, 2005; Sugimura and Li, 2010).",12,"Formation of the beta-catenin:TCF transactivating complex; Deactivation of the beta-catenin transactivating complex; Synthesis, secretion, and inactivation of Glucagon-like Peptide-1 (GLP-1); Ca2+ pathway; Binding of TCF/LEF:CTNNB1 to target gene promoters; Repression of WNT target genes; Signaling by TCF7L2 mutants; Transcriptional Regulation by VENTX; RUNX3 regulates WNT signaling; Formation of definitive endoderm; Regulation of MITF-M-dependent genes involved in cell cycle and proliferation; Regulation of PD-L1(CD274) transcription",https://reactome.org/content/detail/R-HSA-4086398,Human pathway mapping returned,Reactome pathway membership of the mapped human protein.
TCF7L2,Q9NQB0,R-HSA-4411364,Binding of TCF/LEF:CTNNB1 to target gene promoters,Pathway,TCF7L1/TCF7L2/LEF1:CTNNB1 bind the MYC gene; TCF7L1/TCF7L2/LEF1:CTNNB1 promote transcription of the MYC gene; TCF/LEF:CTNNB1 bind the AXIN2 gene; TCF/LEF:CTNNB1 promote transcription of AXIN2,"The genes regulated by beta-catenin and TCF/LEF are involved in a diverse range of functions in cellular proliferation, differentiation, embryogenesis and tissue homeostasis, and include transcription factors, cell cycle regulators, growth factors, proteinases and inflammatory cytokines, among others (reviewed in Vlad et al, 2008).  A number of WNT signaling components are themselves positively or negatively regulated targets of TCF/LEF-dependent transcription, establishing feedback loops to enhance or restrict signaling (see for instance, Khan et al 2007; Chamorro et al, 2005; Roose et al, 1999; Lustig et al, 2002).  Other than a few of these general feedback targets (e.g. Axin2), most target genes are cell- and/or tissue-specific. A list of WNT/beta-catenin-dependent target genes is maintained at http://www.standford.edu/group/nusselab/cgi-bin/wnt/target_genes.",12,"Formation of the beta-catenin:TCF transactivating complex; Deactivation of the beta-catenin transactivating complex; Synthesis, secretion, and inactivation of Glucagon-like Peptide-1 (GLP-1); Ca2+ pathway; Binding of TCF/LEF:CTNNB1 to target gene promoters; Repression of WNT target genes; Signaling by TCF7L2 mutants; Transcriptional Regulation by VENTX; RUNX3 regulates WNT signaling; Formation of definitive endoderm; Regulation of MITF-M-dependent genes involved in cell cycle and proliferation; Regulation of PD-L1(CD274) transcription",https://reactome.org/content/detail/R-HSA-4411364,Human pathway mapping returned,Reactome pathway membership of the mapped human protein.
TCF7L2,Q9NQB0,R-HSA-4641265,Repression of WNT target genes,Pathway,TCF/LEF binds WNT promoters; TLE oligomerizes; TLE tetramers bind TCF/LEF at WNT promoters; TLE recruits HDAC1 to WNT promoters; TLE forms non-functional complexes with AES; TCF7L2/TCF7L1 bind CTBP1 to repress WNT target genes; Transcription of canonical WNT targets is repressed by the TLE:HDAC and TCF/CTBP complexes,"In the absence of a WNT signal, many WNT target genes are repressed by Groucho/TLE.  Groucho was initially identified in Drosophila, where it has been shown to interact with a variety of proteins to repress transcription (reviewed in Turki-Judeh and Courey, 2012).  Groucho proteins, including the 4 human homologues (transducin-like enhancer of split (TLE) 1-4), do not bind DNA directly but instead are recruited to target genes through interaction with DNA-binding transcription factors including TCF/LEF (Brantjes et al, 2001; reviewed in Chen and Courey, 2000). Groucho proteins are believed to oligomerize in a manner that depends on an N-terminal glutamine-rich Q domain, and oligomerization may be important for function (Song et al, 2004; Pinto and Lobe, 1996).  Groucho/TLE proteins affect levels of gene expression by interacting with the core transcriptional machinery as well as by modfiying chromatin structure through direct interaction with histones and recruitment of histone deacetylases, among other mechanisms (reviewed in Turki-Judeh and Courey, 2012).  In addition to the four TLE proteins, human cells also include a truncated TLE-like protein called amino-terminal enhancer of split (AES) which contains the N-terminal Q domain but lacks much of the C-terminal sequence of TLE proteins, including the WD domain which is important for many protein-protein interactions.  AES is believed to act as a dominant negative, since it is able to heter-oligomerize with full-length TLE proteins to form non-functional complexes (Brantjes et al, 2001; reviewed in Beagle and Johnson, 2010).",12,"Formation of the beta-catenin:TCF transactivating complex; Deactivation of the beta-catenin transactivating complex; Synthesis, secretion, and inactivation of Glucagon-like Peptide-1 (GLP-1); Ca2+ pathway; Binding of TCF/LEF:CTNNB1 to target gene promoters; Repression of WNT target genes; Signaling by TCF7L2 mutants; Transcriptional Regulation by VENTX; RUNX3 regulates WNT signaling; Formation of definitive endoderm; Regulation of MITF-M-dependent genes involved in cell cycle and proliferation; Regulation of PD-L1(CD274) transcription",https://reactome.org/content/detail/R-HSA-4641265,Human pathway mapping returned,Reactome pathway membership of the mapped human protein.
TCF7L2,Q9NQB0,R-HSA-5339700,Signaling by TCF7L2 mutants,Pathway,TFC7L2 mutants don't bind CTBP,"~50% of colorectal cancers with microsatellite instability show frameshift mutations in TCF7L2 that result in the loss of the CTBP-binding region (Duval et al, 1999; Cuillliere-Dartigues et al, 2006).  These cancer cells show decreased colocalization of CTBP and TCF7L2 and have increased expression of a TCF-dependent reporter gene (Cuilliere-Dartigues et al, 2006).",12,"Formation of the beta-catenin:TCF transactivating complex; Deactivation of the beta-catenin transactivating complex; Synthesis, secretion, and inactivation of Glucagon-like Peptide-1 (GLP-1); Ca2+ pathway; Binding of TCF/LEF:CTNNB1 to target gene promoters; Repression of WNT target genes; Signaling by TCF7L2 mutants; Transcriptional Regulation by VENTX; RUNX3 regulates WNT signaling; Formation of definitive endoderm; Regulation of MITF-M-dependent genes involved in cell cycle and proliferation; Regulation of PD-L1(CD274) transcription",https://reactome.org/content/detail/R-HSA-5339700,Human pathway mapping returned,Reactome pathway membership of the mapped human protein.
TCF7L2,Q9NQB0,R-HSA-8853884,Transcriptional Regulation by VENTX,Pathway,"VENTX binds the IL6 gene promoter; Activated CEBPB and NFKB complex bind IL6 promoter; Regulation of IL6 transcription; VENTX binds the CSF1R (M-CSF-R) gene promoter; VENTX stimulates CSF1R (M-CSF-R) expression; VENTX binds the TP53 gene promoter; VENTX stimulates TP53 gene expression; VENTX binds the CDKN2A gene; VENTX stimulates p16-INK4A transcription; miR-24 binds p16INK4A and p14ARF mRNAs; Translation of p16INK4A mRNA is inhibited by miR-24; VENTX disrupts binding of CTNNB1 (beta-catenin) to TCF4 or LEF1; Expression of CCND1 is stimulated by CTNNB1:TCF4,LEF1 and inhibited by VENTX:TCF4,LEF1","The VENTX (also known as VENT homeobox or VENTX2) gene is a member of the homeobox family of transcription factors. The ortholog of VENTX was first described in Xenopus where it participates in BMP and Nanog signaling pathways and controls dorsoventral mesoderm patterning (Onichtchouk et al. 1996, Scerbo et al. 2012). The zebrafish ortholog of VENTX is also involved in dorsoventral patterning in the early embryo (Imai et al. 2001). Rodents lack the VENTX ortholog (Zhong and Holland 2011). VENTX is expressed in human blood cells (Moretti et al. 2001) and appears to play an important role in hematopoiesis. The role of VENTX in hematopoiesis was first suggested based on its role in mesoderm patterning in Xenopus and zebrafish (Davidson and Zon 2000). VENTX promotes cell cycle arrest and differentiation of hematopoietic stem cells and/or progenitor cells (Wu, Gao, Ke, Giese and Zhu 2011, Wu et al. 2014). Ventx suppression leads to expansion of hematopoietic stem cells and multi-progenitor cells (Gao et, J. Biol.Chem, 2012). VENTX induces transcription of cell cycle inhibitors TP53 (p53) and p16INK4A  and activates tumor suppressor pathways regulated by TP53 and p16INK4A (Wu, Gao, Ke, Hager et al. 2011), as well as macrophage colony stimulating factor receptor (CSF1R) (Wu, Gao, Ke, Giese and Zhu 2011) and inhibits transcription of cyclin D1 (CCND1) (Gao et al. 2010) and Interleukin-6 (IL6) (Wu et al. 2014). Chromatin immunoprecipitation showed that EGR3 transcription factor directly binds to the promoter of IL6 and IL8 genes (Baron VT et al, BJC 2015). While VENTX expression may suppress lymphocytic leukemia (Gao et al. 2010), high levels of VENTX have been reported in acute myeloid leukemia cells, with a positive effect on their proliferation (Rawat et al. 2010). Another homeobox transcription factor that regulates differentiation of hematopoietic stemm cells is DLX4 (Bon et al. 2015). Studies on colon cancer showed that VentX regulates tumor associated macrophages and reverts immune suppression in tumor microenvironment (Le et al. 2018). MEK1 is required for Xenopus Ventx2 asymmetric distribution during blastula cell division. Ventx2 inhibition by MEK1 is required for embryonic cell commitment (Scerbo et al, eLife, 2017). VENTX induces TP53-independent apoptosis in cancer cells (Gao H, Oncotarget, 2016). During  Xenopus embryonic development, VENTX ortholog regulates transcription of the sox3 gene (Rogers et al. 2007) as well as the early neuronal gene zic3 (Umair et al. 2018).",12,"Formation of the beta-catenin:TCF transactivating complex; Deactivation of the beta-catenin transactivating complex; Synthesis, secretion, and inactivation of Glucagon-like Peptide-1 (GLP-1); Ca2+ pathway; Binding of TCF/LEF:CTNNB1 to target gene promoters; Repression of WNT target genes; Signaling by TCF7L2 mutants; Transcriptional Regulation by VENTX; RUNX3 regulates WNT signaling; Formation of definitive endoderm; Regulation of MITF-M-dependent genes involved in cell cycle and proliferation; Regulation of PD-L1(CD274) transcription",https://reactome.org/content/detail/R-HSA-8853884,Human pathway mapping returned,Reactome pathway membership of the mapped human protein.
TCF7L2,Q9NQB0,R-HSA-8951430,RUNX3 regulates WNT signaling,Pathway,"RUNX3 binds CTNNB1:TCF7L2,(LEF1,TCF7L1,TCF7); CTNNB1:TCF7L2,LEF1 binds the CCND1 gene promoter; Expression of CCND1 is stimulated by CTNNB1:TCF4,LEF1; TCF7L1/TCF7L2/LEF1:CTNNB1 bind the MYC gene; TCF7L1/TCF7L2/LEF1:CTNNB1 promote transcription of the MYC gene",RUNX3 binds to complexes of beta-catenin (CTNNB1) and TCF/LEF family members. Binding of RUNX3 to CTNNB1:TCF/LEF complexes prevents their loading onto cyclin D1 (CCND1) and MYC gene promoters and interferes with WNT signaling-mediated activation of CCND1 and MYC1 transcription. RUNX3 therefore inhibits WNT-induced cellular proliferation (Ito et al. 2008).,12,"Formation of the beta-catenin:TCF transactivating complex; Deactivation of the beta-catenin transactivating complex; Synthesis, secretion, and inactivation of Glucagon-like Peptide-1 (GLP-1); Ca2+ pathway; Binding of TCF/LEF:CTNNB1 to target gene promoters; Repression of WNT target genes; Signaling by TCF7L2 mutants; Transcriptional Regulation by VENTX; RUNX3 regulates WNT signaling; Formation of definitive endoderm; Regulation of MITF-M-dependent genes involved in cell cycle and proliferation; Regulation of PD-L1(CD274) transcription",https://reactome.org/content/detail/R-HSA-8951430,Human pathway mapping returned,Reactome pathway membership of the mapped human protein.
TCF7L2,Q9NQB0,R-HSA-9823730,Formation of definitive endoderm,Pathway,"EOMES, TBXT (T BRACHYURY), GATA6, and SMAD2,3 bind the FOXA2 gene; Expression of FOXA2 in definitive endoderm; SMAD2,3 and GATA6-AS1 lncRNA bind the GATA6 gene; Expression of GATA6 in definitive endoderm; TCF7L2:CTNNB1, EOMES, TBXT, MIXL1, SMAD2,3, FOXA2, GATA4, and GATA6 bind the SOX17 gene; Expression of SOX17 in definitive endoderm; SMAD2,3, FOXA2, TBXT, and GATA6 bind the GATA4 gene; Expression of GATA4 in definitive endoderm; EOMES, SMAD2,3, MIXL1 bind the GSC gene; Expression of GSC in definitive endoderm; EOMES, SMAD2,3, and GATA6 bind the CXCR4 gene; Expression of CXCR4 in definitive endoderm; Expression of E-cadherin (CDH1) in definitive endoderm","The endoderm in mammalian embryos originates from two different populations of cells: the visceral endoderm, which is present before gastrulation as the hypoblast underlying the epiblast, and the definitive endoderm, which is derived from epiblast cells ingressing through the anterior-most region of the primitive streak. After ingression, the cells of the definitive endoderm then intercalate with the cells of the visceral endoderm to form the embryonic endoderm that will give rise to the gut and visceral organs associated with the gut such as the pancreas and liver (reviewed in Lewis and Tam 2006, Nowotschin et al. 2019). In the discoid human gastrula (differs from the rodent gastrula which acquires a cup shape), the endoderm initially is organized in a flat epithelial sheet that later rolls into a tube to form the gut. Due to ethical considerations, research on gastrulation is undertaken primarily in non-human primate species (for example Bergmann et al. 2022) and stem cells (D'Amour et al. 2005, reviewed in Salehin et al. 2022), which have provided insight into germ layer formation in human embryos.<br>The definitive endoderm originates in the anterior region of the primitive streak where there are high levels of NODAL signaling (inferred from mouse embryos in Vincent et al. 2003) and lower levels of BMP signaling (inferred from mouse embryos in Bachiller et al. 2000) and Wnt signaling (inferred from mouse embryos in Mukhopadhyay et al. 2001). In mouse, Eomesodermin (EOMES), whose expression is activated by NODAL signaling via SMAD2 and SMAD3 in the primitive streak, is required for formation of both mesoderm and endoderm (Arnold et al. 2008). Experiments in human embryonic stem cells and mouse embryos indicate that EOMES is a core element of a gene regulatory network that specifies definitive endoderm by activating expression of transcription factors such as FOXA2 and SOX17 which then activate sets of endodermally expressed genes (Teo et al. 2011, Chia et al. 2019). As endoderm progenitors enter the primitive streak they redistribute E-cadherin (CDH1) on their surface, which may play a role in sorting the cells into an epithelial layer (inferred from mouse homologs in Viotti et al. 2014). Unlike mesoderm, endoderm progenitors do not undergo a complete epithelial to mesenchymal transition (EMT) (inferred from mouse embryos and stem cells in Scheibner et al. 2021). They do not switch cadherin expression from E-cadherin (CDH1) to N-cadherin (CDH2) and do not require the EMT transcription factor SNAI1 (inferred from mouse homologs in Scheibner et al. 2021). The endodermal transcription factor FOXA2 may repress EMT activity (inferred from the mouse homolog in Scheibner et al. 2021).<br>Though no single marker gene is expressed exclusively in definitive endoderm, the definitive endoderm is characterized by the expression of a combination of genes, including FOXA2, SOX17, GATA4, GATA6, CXCR4, GSC, and E-cadherin (CDH1). CDH1, a general marker of epithelial cells, and the chemokine receptor CXCR4 are often used together as surface markers of definitive endoderm (inferred from mouse homologs in Yasunaga et al. 2005).",12,"Formation of the beta-catenin:TCF transactivating complex; Deactivation of the beta-catenin transactivating complex; Synthesis, secretion, and inactivation of Glucagon-like Peptide-1 (GLP-1); Ca2+ pathway; Binding of TCF/LEF:CTNNB1 to target gene promoters; Repression of WNT target genes; Signaling by TCF7L2 mutants; Transcriptional Regulation by VENTX; RUNX3 regulates WNT signaling; Formation of definitive endoderm; Regulation of MITF-M-dependent genes involved in cell cycle and proliferation; Regulation of PD-L1(CD274) transcription",https://reactome.org/content/detail/R-HSA-9823730,Human pathway mapping returned,Reactome pathway membership of the mapped human protein.
TCF7L2,Q9NQB0,R-HSA-9825892,Regulation of MITF-M-dependent genes involved in cell cycle and proliferation,Pathway,,,12,"Formation of the beta-catenin:TCF transactivating complex; Deactivation of the beta-catenin transactivating complex; Synthesis, secretion, and inactivation of Glucagon-like Peptide-1 (GLP-1); Ca2+ pathway; Binding of TCF/LEF:CTNNB1 to target gene promoters; Repression of WNT target genes; Signaling by TCF7L2 mutants; Transcriptional Regulation by VENTX; RUNX3 regulates WNT signaling; Formation of definitive endoderm; Regulation of MITF-M-dependent genes involved in cell cycle and proliferation; Regulation of PD-L1(CD274) transcription",https://reactome.org/content/detail/R-HSA-9825892,Human pathway mapping returned; pathway detail cap reached,Reactome pathway membership of the mapped human protein.
TCF7L2,Q9NQB0,R-HSA-9909649,Regulation of PD-L1(CD274) transcription,Pathway,,,12,"Formation of the beta-catenin:TCF transactivating complex; Deactivation of the beta-catenin transactivating complex; Synthesis, secretion, and inactivation of Glucagon-like Peptide-1 (GLP-1); Ca2+ pathway; Binding of TCF/LEF:CTNNB1 to target gene promoters; Repression of WNT target genes; Signaling by TCF7L2 mutants; Transcriptional Regulation by VENTX; RUNX3 regulates WNT signaling; Formation of definitive endoderm; Regulation of MITF-M-dependent genes involved in cell cycle and proliferation; Regulation of PD-L1(CD274) transcription",https://reactome.org/content/detail/R-HSA-9909649,Human pathway mapping returned; pathway detail cap reached,Reactome pathway membership of the mapped human protein.
KSR2,Q6VAB6,R-HSA-5674135,MAP2K and MAPK activation,Pathway,MAP2Ks and MAPKs bind to the activated RAF complex; Dual mechanism MAP2K inhibitors bind MAP2Ks; RAF phosphorylates MAP2K dimer; Single mechanism MAP2K inhibitors bind phosphorylated MAP2Ks; Dual mechanism MAPK inhibitors bind MAPKs; MAP2Ks phosphorylate MAPKs; Dissociation of RAS:RAF complex; Single mechanism MAPK inhibitors bind phosphorylated MAPK; WDR83:LAMTOR2:LAMTOR3 binds MAPK components; MAP2Ks and MAPKs are phosphorylated at the endosome membrane; IL17RD binds p-2S MAP2Ks and MAPKs; MAP2Ks phosphorylate MAPK at the Golgi membrane,"Activated RAF proteins are restricted substrate kinases whose primary downstream targets are the two MAP2K proteins, MAPK2K1 and MAP2K2 (also known as MEK1 and MEK2) (reviewed in Roskoski, 2010, Roskoski, 2012a).  Phosphorylation of the MAPK2K activation loop primes them to phosphorylate the primary effector of the activated MAPK pathway, the two MAPK proteins MAPK3 and MAPK1 (also known as ERK1 and 2).  Unlike their upstream counterparts, MAPK3 and MAPK1 catalyze the phosphorylation of hundreds of cytoplasmic and nuclear targets including transcription factors and regulatory molecules (reviewed in Roskoski, 2012b).  Activation of MAP2K and MAPK proteins downstream of activated RAF generally occurs in the context of a higher order scaffolding complex that regulates the specificity and localization of the pathway (reviewed in Brown and Sacks, 2009; Matallanas et al, 2011).",7,MAP2K and MAPK activation; Signaling by moderate kinase activity BRAF mutants; Signaling by high-kinase activity BRAF mutants; Signaling by BRAF and RAF1 fusions; Paradoxical activation of RAF signaling by kinase inactive BRAF; Signaling downstream of RAS mutants; Signaling by RAF1 mutants,https://reactome.org/content/detail/R-HSA-5674135,Human pathway mapping returned,Reactome pathway membership of the mapped human protein.
KSR2,Q6VAB6,R-HSA-6802946,Signaling by moderate kinase activity BRAF mutants,Pathway,Moderate kinase activity BRAF mutants bind RAS:GTP; Moderate kinase activity BRAF mutants:RAS:GTP homo/heterodimerize; RAF is phosphorylated downstream of moderate kinase activity BRAF mutants; RAS:GTP:moderate kinase activity p-RAF complexes bind MAP2Ks and MAPKs; RAS:GTP:moderate kinase activity p-RAF complexes phosphorylate MAP2Ks; Activated MAP2Ks phosphorylate MAPKs downstream of moderate kinase activity BRAF mutants; Dissociation of moderate activity BRAF complexes,"In addition to the highly prevalent and activating V600E BRAF mutations, numerous moderately activating and less common mutations have also been identified in human cancers (Forbes et al, 2015).  Unlike the case for their highly activating counterparts, signaling through these mutant versions of BRAF depends both upon RAS binding and RAF dimerization (Wan et al, 2004; Freeman et al, 2013; Roring et al, 2012; reviewed in Lito et al, 2013; Lavoie and Therrien, 2015)",7,MAP2K and MAPK activation; Signaling by moderate kinase activity BRAF mutants; Signaling by high-kinase activity BRAF mutants; Signaling by BRAF and RAF1 fusions; Paradoxical activation of RAF signaling by kinase inactive BRAF; Signaling downstream of RAS mutants; Signaling by RAF1 mutants,https://reactome.org/content/detail/R-HSA-6802946,Human pathway mapping returned,Reactome pathway membership of the mapped human protein.
KSR2,Q6VAB6,R-HSA-6802948,Signaling by high-kinase activity BRAF mutants,Pathway,High kinase activity BRAF mutants bind MAP2Ks and MAPKs; High kinase activity BRAF complexes phosphorylate MAP2Ks; Activated MAP2Ks phosphorylate MAPKs downstream of high kinase activity BRAF mutants; Dissociation of high activity BRAF complexes; Inhibitors bind and inhibit highly active BRAF mutants; Dimerization of BRAF V600E splice variants contributes to BRAF inhibitor resistance,"BRAF is mutated in about 8% of human cancers, with high prevalence in hairy cell leukemia, melanoma, papillary thyroid and ovarian carcinomas, colorectal cancer and a variety of other tumors (Davies et al, 2002; reviewed in Samatar and Poulikakos, 2014). Most BRAF mutations fall in the activation loop region of the kinase or the adjacent glycine rich region. These mutations promote increased kinase activity either by mimicking the effects of activation loop phosphorylations or by promoting the active conformation of the enzyme (Davies et al, 2002; Wan et al, 2004). Roughly 90% of BRAF mutants are represented by the single missense mutation BRAF V600E (Davies et al, 2002; Wan et al, 2004). Other highly active kinase mutants of BRAF include BRAF G469A and BRAF T599dup. G469 is in the glycine rich region of the kinase domain which plays a role in orienting ATP for catalysis, while T599 is one of the two conserved regulatory phosphorylation sites of the activation loop. Each of these mutants has highly enhanced basal kinase activities, phosphorylates MEK and ERK in vitro and in vivo and is transforming when expressed in vivo (Davies et al, 2002; Wan et al, 2004; Eisenhardt et al, 2011). Further functional characterization shows that these highly active mutants are largely resistant to disruption of the BRAF dimer interface, suggesting that they are able to act as monomers (Roring et al, 2012; Brummer et al, 2006; Freeman et al, 2013; Garnett et al, 2005). Activating BRAF mutations occur for the most part independently of RAS activating mutations, and RAS activity levels are generally low in BRAF mutant cells. Moreover, the kinase activity of these mutants is only slightly elevated by coexpression of G12V KRAS, and biological activity of the highly active BRAF mutants is independent of RAS binding (Brummer et al, 2006; Wan et al, 2004; Davies et al, 2002; Garnett et al, 2005). Although BRAF V600E is inhibited by RAF inhibitors such as vemurafenib, resistance frequently develops, in some cases mediated by the expression of a splice variant that lacks the RAS binding domain and shows elevated dimerization compared to the full length V600E mutant (Poulikakos et al, 2011; reviewed in Lito et al, 2013).",7,MAP2K and MAPK activation; Signaling by moderate kinase activity BRAF mutants; Signaling by high-kinase activity BRAF mutants; Signaling by BRAF and RAF1 fusions; Paradoxical activation of RAF signaling by kinase inactive BRAF; Signaling downstream of RAS mutants; Signaling by RAF1 mutants,https://reactome.org/content/detail/R-HSA-6802948,Human pathway mapping returned,Reactome pathway membership of the mapped human protein.
KSR2,Q6VAB6,R-HSA-6802952,Signaling by BRAF and RAF1 fusions,Pathway,BRAF and RAF fusion mutant dimers are phosphorylated; p-BRAF and RAF fusion dimers bind MAP2Ks and MAPKs; p-BRAF and RAF fusion dimers phosphorylate MAP2Ks; MAPKs are phosphorylated downstream of BRAF and RAF fusion dimers; Dissociation of BRAF/RAF fusion complex,"In addition to the more prevalent point mutations, BRAF and RAF1 are also subject to activation as a result of translocation events that yield truncated or fusion products (Jones et al, 2008; Cin et al, 2011; Palanisamy et al, 2010; Ciampi et al, 2005; Stransky et al, 2014; Hutchinson et al, 2013; Zhang et al, 2013; Lee et al, 2012; Ricarte-Filho et al, 2013; reviewed in Lavoie and Therrien et al, 2015). In general these events put the C-terminal kinase domain of BRAF or RAF1 downstream of an N-terminal sequence provided by a partner protein. This removes the N-terminal region of the RAF protein, relieving the autoinhibition imposed by this region of the protein. In addition, some but not all of the fusion partner proteins have been shown to contain coiled-coil or other dimerization domains. Taken together, the fusion proteins are thought to dimerize constitutively and activate downstream signaling (Jones et al, 2008; Lee et al, 2012; Hutchinson et al, 2013; Ciampi et al, 2005; Cin et al, 2011; Stransky et al, 2014).",7,MAP2K and MAPK activation; Signaling by moderate kinase activity BRAF mutants; Signaling by high-kinase activity BRAF mutants; Signaling by BRAF and RAF1 fusions; Paradoxical activation of RAF signaling by kinase inactive BRAF; Signaling downstream of RAS mutants; Signaling by RAF1 mutants,https://reactome.org/content/detail/R-HSA-6802952,Human pathway mapping returned,Reactome pathway membership of the mapped human protein.
KSR2,Q6VAB6,R-HSA-6802955,Paradoxical activation of RAF signaling by kinase inactive BRAF,Pathway,Inactive BRAF mutants bind mutant RAS:GTP; Inactive BRAF mutants:mutant RAS:GTP bind RAF1; RAF is paradoxically phosphorylated downstream of kinase-inactive RAF; RAS:GTP:p-RAF complexes paradoxically bind MAP2Ks and MAPKs; RAS:GTP:inactive p-RAF complexes phosphorylate MAP2Ks; Activated MAP2Ks phosphorylate MAPKs downstream of inactive BRAF mutants; Dissociation of paradoxically activated RAS:BRAF complexes,"While BRAF-specific inhibitors inhibit MAPK/ERK activation in the presence of the BRAF V600E mutant, paradoxical activation of ERK signaling has been observed after treatment of cells with inhibitor in the presence of WT BRAF (Wan et al, 2004; Garnett et al, 2005; Heidorn et al, 2010; Hazivassiliou et al, 2010; Poulikakos et al, 2010). This paradoxical ERK activation is also seen in cells expressing kinase-dead or impaired versions of BRAF such as D594V, which occur with low frequency in some cancers (Wan et al, 2004; Heidorn et al, 2010).  Unlike BRAF V600E, which occurs exclusively of activating RAS mutations, kinase-impaired versions of BRAF are coincident with RAS mutations in human cancers, and indeed, paradoxical activation of ERK signaling in the presence of inactive BRAF is enhanced in the presence of oncogenic RAS (Heidorn et al, 2010; reviewed in Holderfield et al, 2014).  Although the details remain to be worked out, paradoxical ERK activation in the presence of inactive BRAF appears to rely on enhanced dimerization with and transactivation of CRAF (Heidorn et al, 2010; Hazivassiliou et al, 2010; Poulikakos et al, 2010;  Roring et al, 2012; Rajakulendran et al, 2009; Holderfield et al, 2013; Freeman et al, 2013; reviewed in Roskoski, 2010; Samatar and Poulikakos, 2014; Lavoie and Therrien, 2015). RAF inhibitors can promote association of RAF-RAS interaction and enhanced RAF dimerization through disruption of intramolecular interactions between the kinase domain and its N-terminal regulatory region. Moreover, specific BRAF inhibitors can only occupy one protomer within the transcactivated BRAF dimer due to negative co-operativity leading to paradoxical ERK activation. (Karoulia et al, 2016; Jin et al, 2017, reviewed in Karoulia et al, 2017).",7,MAP2K and MAPK activation; Signaling by moderate kinase activity BRAF mutants; Signaling by high-kinase activity BRAF mutants; Signaling by BRAF and RAF1 fusions; Paradoxical activation of RAF signaling by kinase inactive BRAF; Signaling downstream of RAS mutants; Signaling by RAF1 mutants,https://reactome.org/content/detail/R-HSA-6802955,Human pathway mapping returned,Reactome pathway membership of the mapped human protein.
KSR2,Q6VAB6,R-HSA-9649948,Signaling downstream of RAS mutants,Pathway,RAS mutants bind inactive RAF; Homo- or heterodimerization of RAF downstream of mutant RAS; RAF is phosphorylated downstream of oncogenic RAS; Mutant RAS:p-RAF complexes bind MAP2Ks and MAPKs; Mutant RAS:p-RAF complexes phosphorylate MAP2Ks; Activated MAP2Ks phosphorylate MAPKs downstream of oncogenic RAS; Dissociation of oncogenic RAS:RAF complex,"Disease-causing mutations in RAS favour the active RAS:GTP bound form and yield constitutively active forms of the protein (reviewed in Prior et al, 2011; Maertens and Cichowski, 2014).  Mutations in RAS contribute to cellular proliferation, transformation and survival by activating the MAPK signaling pathway, the AKT pathway and the RAL GDS pathway, among others (reviewed in Stephen et al, 2014; Pylayeva-Gupta et al, 2011)",7,MAP2K and MAPK activation; Signaling by moderate kinase activity BRAF mutants; Signaling by high-kinase activity BRAF mutants; Signaling by BRAF and RAF1 fusions; Paradoxical activation of RAF signaling by kinase inactive BRAF; Signaling downstream of RAS mutants; Signaling by RAF1 mutants,https://reactome.org/content/detail/R-HSA-9649948,Human pathway mapping returned,Reactome pathway membership of the mapped human protein.
KSR2,Q6VAB6,R-HSA-9656223,Signaling by RAF1 mutants,Pathway,CR2 RAF1 mutants don't bind YWHAB; RAF1 mutants show enhanced heterodimerization with BRAF; Phosphorylation of RAF1 mutants; MAP2Ks and MAPKs bind to the activated mutant RAF1 complex; RAF1 mutant complexes phosphorylate MAP2K dimer; MAP2Ks phosphorylate MAPKs downstream of RAF1 mutants; Dissociation of RAS:RAF1 mutant complex,"RAF1, also known as CRAF, is mutated in a number of germline RASopathies including Noonan Syndrome, Costello Syndrome and others, and also at low frequency in a number of cancers (reviewed in Rauen, 2013; Samatar and Poulikakos, 2015). Activating mutations cluster around conserved region 2 (CR2) which is required for regulation of the protein and the activation segment in CR3 (reviewed in Rauen, 2013).",7,MAP2K and MAPK activation; Signaling by moderate kinase activity BRAF mutants; Signaling by high-kinase activity BRAF mutants; Signaling by BRAF and RAF1 fusions; Paradoxical activation of RAF signaling by kinase inactive BRAF; Signaling downstream of RAS mutants; Signaling by RAF1 mutants,https://reactome.org/content/detail/R-HSA-9656223,Human pathway mapping returned,Reactome pathway membership of the mapped human protein.
MC3R,P41968,R-HSA-375276,Peptide ligand-binding receptors,Pathway,"AGT(25-32) binds to AGTR1; AGT(25-32) binds to AGTR2; ARBs bind AGTR1; AGT(25-31) binds MAS1; Alamandine binds MRGPRD (MrgD); Apelin receptor binds to apelin; Bombesin-like receptors bind bombesin homologues; Bradykinin receptors B1 and B2 bind to bradykinin; C5AR2 binds anaphylatoxins and thier desArginated derivatives; C5a receptor binds C5a anaphylatoxin; C3a receptor binds anaphylatoxin C3a; DARC  is a non-specific receptor for many chemokines; G protein-coupled estrogen receptor 1 binds estrogen non-classically; GPCR neuropeptide receptor binds neuropeptides B and W; Nociceptin receptor binds to nociceptin; Opioid receptors bind opioid peptides; Chemokine receptors bind chemokines; Somatostatin receptors bind somatostatin and cortistatin; Tachykinin receptors bind tachykinins; Vasopressin-like receptors; Cholecystokinin receptors bind cholecystokinin; ECE1 cleaves EDN1(53-90); ECE2 cleaves EDN1(53-90); XK:KEL:Zn2+ cleaves EDN3; EDNRA,EDNRB bind EDNs; EDNRA binds EDNs; EDNRA, EDNRB bind non-selective ERAs; EDNRA binds selective ERAs; Melanocortin receptors bind melanocortins; POMC(138-176) binds MC2R; Prolactin-releasing hormone receptor binds PRH; Neuropeptide Y receptors can bind neuropeptide Y-related peptides; Neurotensin receptors can bind neurotensins; Galanin receptors can bind galanin; The Kiss receptor GPR54 binds kisspeptin; Proteinase-activated receptors can bind thrombin; Orexin and neuropeptides FF and QRFP bind to their respective receptors; MLNR (GPR38) is a receptor for motilin; Formyl peptide receptors bind formyl peptides and many other ligands; Thyrotropin-releasing hormone receptor binds thyrotropin; Neuropeptide S receptor binds neuropeptide S; Prokineticin receptors bind prokineticin; Relaxin receptors; Urotensin-2 receptor binds urotensin-2 and 2B; GHSR is a receptor for ghrelin; Melanin-concentrating hormone receptors bind MCH; Neuromedin-U receptors bind neuromedins U, S; NMUR2 binds neuromedin-S; GPR37 binds prosaptide; GPR37L binds prosaposin; Neurolysin degrades neurotensin","These receptors, a subset of the Class A/1 (Rhodopsin-like) family, all bind peptide ligands which include the chemokines, opioids and somatostatins.",3,Peptide ligand-binding receptors; G alpha (s) signalling events; Transcriptional and post-translational regulation of MITF-M expression and activity,https://reactome.org/content/detail/R-HSA-375276,Human pathway mapping returned,Reactome pathway membership of the mapped human protein.
MC3R,P41968,R-HSA-418555,G alpha (s) signalling events,Pathway,"Liganded Gs-activating GPCRs bind inactive heterotrimeric Gs; Liganded Gs-activating GPCR acts as a GEF for Gs; The Ligand:GPCR:Gs complex dissociates; G alpha (s) activates adenylate cyclase; Adenylate cyclase converts ATP to 3',5'-cyclic AMP (cAMP) and pyrophosphate; cAMP degradation by Phosphodiesterases; PDE4A hydrolyses cAMP to AMP; PDE4A binds PDE4A inhibitors; PDE3A hydrolyses cAMP to AMP; PDE3B hydrolyses cAMP to AMP; PDE3A inhibitors bind PDE3A; G alpha (s) auto-inactivates by hydrolysing GTP to GDP; Inactive G alpha (s) reassociates with G beta:gamma; ADRB2 in ADRB2:GRK complex is phosphorylated; ADRB2:Catecholamine binds ARRB1, ARRB2; G protein alpha (s):GTP binds SRC; G alpha (s):GTP:SRC catalyzes SRC to p-Y419-SRC; G alpha (s):GTP:SRC dissociates; GRKs bind ADRB2:Catecholamine; ADRB2:GRK complex dissociates to Phosphorylated ADRB2; GPER1 signaling","The general function of the G alpha (s) subunit (Gs) is to activate adenylate cyclase (Tesmer et al. 1997), which in turn produces cAMP, leading to the activation of cAMP-dependent protein kinases (often referred to collectively as Protein Kinase A). The signal from the ligand-stimulated GPCR is amplified because the receptor can activate several Gs heterotrimers before it is inactivated. Another downstream effector of G alpha (s) is the protein tyrosine kinase c-Src (Ma et al. 2000).",3,Peptide ligand-binding receptors; G alpha (s) signalling events; Transcriptional and post-translational regulation of MITF-M expression and activity,https://reactome.org/content/detail/R-HSA-418555,Human pathway mapping returned,Reactome pathway membership of the mapped human protein.
MC3R,P41968,R-HSA-9856649,Transcriptional and post-translational regulation of MITF-M expression and activity,Pathway,"FOXD3 gene expression; FOXD3 binds PAX3; SOX10 and PAX3 bind the MITF promoter; p-S133-CREB1 binds MITF promoter; SOX2 binds the MITF promoter; AXL3 binds MITF promoter; POU3F2 binds the MITF promoter; LEF1, CTNNB1 and MITF-M bind the MITF promoter; MITF gene expression; MITF dimerizes; MAPK1 phosphorylates SOX10; GSK3B phosphorylates p-S73 MITF-M at residue S69; MAPK1-dependent phosphorylation of MITF-M; XPO1 binds p-S69,73 MITF-M; XPO1-dependent export of p-S69,S73 MITF-M; UBE2I sumoylates MITF-M; MITF-M binds CREBBP,EP300; CREBBP, EP300 acetylate MITF-M; MARK3 phosphorylates MITF-M on S173; p-S173 MITF-M binds YWHA dimers; RPS6KA1-dependent phosphorylation of MITF-M; GSK3B phosphorylates p-S409 MITF-M at S397, S401 and S405; SNAI2 gene expression; AKT3 phosphorylates TBX3; p-S742 TBX3 binds CDH1 promoter; SNAI2 binds CDH1 gene promoter; SNAI2 and TBX3 repress CDH1 gene expression during melanocyte development; p-S742 TBX3 binds ID1 promoter; TBX3-dependent ID1 gene expression; MAPK-dependent phosphorylation of KARS; p-S207 KARS1 dimer translocates to the nucleus; CREBBP acetylates HINT1 dimer; SIRT1 deacetylates HINT1 dimer; p-S207 KARS1 dimer synthesizes A(5')p4(5')A; HINT1 binds MITF-M; p-S207 KARS1 dimer binds MITF-M:HINT1 dimer; p-S207 KARS displaces HINT1","Melanocytes, neurons and glia all arise from precursor cells derived from neural crest cells. Cells that will give rise to neurons and glia migrate away from the neural crest earlier and in a ventral pattern, while cells that will give rise to melanocytes leave the neural crest later and migrate dorsolaterally. Nevertheless, melanocytes can also arise in an alternate pathway from dual Schwann cell/melanocyte precursors or by dedifferentiation from Schwann cells, a derivative of the glial lineage (reviewed in Mort et al, 2015). MITF-M is a key regulator of melanocyte development, and its expression distinguishes the melanocyte fate from that of glial and neural cells. MITF-M expression is repressed in precursors through the activity of FOXD3 and SOX2. Depending on the species, these transcription factors may either bind directly to elements in the MITF-M promoter to repress transcription, or may act independently of DNA binding by disrupting protein-protein interactions that promote transcriptional activity (Nitzan et al, 2013a,b; Curran et al, 2009, 2010; Adameyko et al, 2012; reviewed in Mort et al, 2015; White and Zon, 2008; Goding and Arnheiter, 2019). FOXD3 and SOX2 expression, in turn, are regulated by a cascade of other transcription factors, including ZIC1, PAX3, SNAIL2 and SOX9 (reviewed in Mort et al, 2015; Goding and Arnheiter, 2019). <br>Relief of FOXD3 mediated repression may depend in part on HDAC1, as well as on down regulation of SNAIL2 (Ignatius et al, 2008; Greenhill et al, 2011; Nitzan et al, 2013a, b). MITF-M expression in unpigmented but committed melanoblasts depends on PAX3 and SOX10 binding at the promoter as well as on WNT, EDNRB and KIT signaling (reviewed in Mort et al, 2015; White and Zon, 2008; Goding and Arnheiter, 2019). Initial expression of MITF-M also contributes to downregulation of FOXD3 and SOX2 establishing a positive feedback loop that reinforces commitment to the melanocyte fate (reviewed in Mort et al, 2015; Goding and Arnheiter, 2019).<br>In addition to transcriptional regulation, MITF-M activity is also controlled by post translational modifications, although the significance of these modifications is not always clear. SUMOylation, ubiquitination and phosphorylation downstream of MAPK, WNT and AKT signaling can all impact the stability, localization or activity of MITF-M (reviewed in Goding and Arnheiter, 2019), and acetylation regulates the occupancy of target promoters, decreasing occupancy at differentiation-specific promoters (Louphrasitthiphol et al, 2020, 2023). <br>",3,Peptide ligand-binding receptors; G alpha (s) signalling events; Transcriptional and post-translational regulation of MITF-M expression and activity,https://reactome.org/content/detail/R-HSA-9856649,Human pathway mapping returned,Reactome pathway membership of the mapped human protein.
MRAP2,Q96G30,,,,,,0,,https://reactome.org/ContentService/data/mapping/UniProt/Q96G30/pathways,No human pathway mapping returned,Reactome pathway membership of the mapped human protein.
TMEM18,Q96B42,,,,,,0,,https://reactome.org/ContentService/data/mapping/UniProt/Q96B42/pathways,No human pathway mapping returned,Reactome pathway membership of the mapped human protein.
SLC39A8,Q9C0K1,R-HSA-442380,Zinc influx into cells by the SLC39 gene family,Pathway,SLC39A1-4 transports Zn2+ from extracellular region to cytosol; hZIP5 mediates zinc uptake by cells; ZIP6 and ZIP14 mediate zinc influx into cells; ZIP7 mediates zinc efflux from the endoplasmic reticulum; ZIP8 mediates zinc influx into cells; hZIP10 mediates zinc influx into cells,"The SLC39 gene family encode zinc transporters belonging to the ZIP (Zrt-, Irt-like proteins) family of metal ion transporters. All ZIPs transport metal ions into the cytoplasm of cells, be it across cellular membranes or from intracellular compartments. To date, there are 14 human SLC39 genes that encode the zinc transporters hZIP1-14. There are 9 members which belong to a subfamily of the ZIPs called the LZTs (LIV-1 subfamily of ZIP zinc transporters) (Taylor KM and Nicholson RI, 2003). Of these 14 proteins, four (hZIP9, 11, 12 and 13) have no function determined yet (Eide DJ, 2004).",1,Zinc influx into cells by the SLC39 gene family,https://reactome.org/content/detail/R-HSA-442380,Human pathway mapping returned,Reactome pathway membership of the mapped human protein.
PDE3B,Q13370,R-HSA-165160,PDE3B signalling,Pathway,"p-T309,S474-AKT2:PIP3 phosphorylates PDE3B; p-S295-PDE3B hydrolyses cAMP to AMP","AKT (PKB) is recruited to the plasma membrane by binding phosphatidylinositol (3,4,5)-trisphosphate (PIP3). AKT is then activated by phosphorylation. Activated AKT in turn phosphorylates Phosphodiesterase 3B (PDE3B) which hydrolyzes 3',5'-cyclic AMP (cAMP) (reviewed in Manning and Toker 2017).",2,PDE3B signalling; G alpha (s) signalling events,https://reactome.org/content/detail/R-HSA-165160,Human pathway mapping returned,Reactome pathway membership of the mapped human protein.
PDE3B,Q13370,R-HSA-418555,G alpha (s) signalling events,Pathway,"Liganded Gs-activating GPCRs bind inactive heterotrimeric Gs; Liganded Gs-activating GPCR acts as a GEF for Gs; The Ligand:GPCR:Gs complex dissociates; G alpha (s) activates adenylate cyclase; Adenylate cyclase converts ATP to 3',5'-cyclic AMP (cAMP) and pyrophosphate; cAMP degradation by Phosphodiesterases; PDE4A hydrolyses cAMP to AMP; PDE4A binds PDE4A inhibitors; PDE3A hydrolyses cAMP to AMP; PDE3B hydrolyses cAMP to AMP; PDE3A inhibitors bind PDE3A; G alpha (s) auto-inactivates by hydrolysing GTP to GDP; Inactive G alpha (s) reassociates with G beta:gamma; ADRB2 in ADRB2:GRK complex is phosphorylated; ADRB2:Catecholamine binds ARRB1, ARRB2; G protein alpha (s):GTP binds SRC; G alpha (s):GTP:SRC catalyzes SRC to p-Y419-SRC; G alpha (s):GTP:SRC dissociates; GRKs bind ADRB2:Catecholamine; ADRB2:GRK complex dissociates to Phosphorylated ADRB2; GPER1 signaling","The general function of the G alpha (s) subunit (Gs) is to activate adenylate cyclase (Tesmer et al. 1997), which in turn produces cAMP, leading to the activation of cAMP-dependent protein kinases (often referred to collectively as Protein Kinase A). The signal from the ligand-stimulated GPCR is amplified because the receptor can activate several Gs heterotrimers before it is inactivated. Another downstream effector of G alpha (s) is the protein tyrosine kinase c-Src (Ma et al. 2000).",2,PDE3B signalling; G alpha (s) signalling events,https://reactome.org/content/detail/R-HSA-418555,Human pathway mapping returned,Reactome pathway membership of the mapped human protein.
HMGA2,P52926,R-HSA-2559584,Formation of Senescence-Associated Heterochromatin Foci (SAHF),Pathway,Initiation of SAHF formation; SAHF formation,"The process of DNA damage/telomere stress induced senescence culminates in the formation of senescence associated heterochromatin foci (SAHF). These foci represent facultative heterochromatin that is formed in senescent cells. They contribute to the repression of proliferation promoting genes and play an important role in the permanent cell cycle exit that characterizes senescence (Narita et al. 2003 and 2006). SAHF appear as compacted, punctate DAPI stained foci of DNA. Each chromosome is condensed into a single SAH focus, with telomeric and centromeric chromatin located predominantly at its periphery (Funayama et al. 2006, Zhang et al. 2007).<p>An evolutionarily conserved protein complex of HIRA, ASF1A, UBN1 and CABIN1 plays a crucial role in the SAHF formation. As cells approach senescence, HIRA, ASF1A, UBN1 and CABIN1 accumulate at the PML bodies (Zhang et al. 2005, Banumathy et al. 2009, Rai et al. 2011). PML bodies are punctate nuclear structures that contain PML protein and numerous other proteins and are proposed to be the sites of assembly of macromolecular regulatory complexes and protein modification (Fogal et al. 2000, Guo et al. 2000, Pearson et al. 2000). Recruitment of HIRA to PML bodies coincides with altered chromatin structure and deposition of macroH2A histone H2A variant onto chromatin. As cells become senescent, HIRA, ASF1A, UBN1 and CABIN1 relocate from PML bodies to SAHF. HIRA accumulation at PML bodies is RB1  and TP53  independent, but may require phosphorylation of HIRA serine S697 by GSK3B (Ye, Zerlanko, Kennedy et al. 2007). SAHF formation itself, however, requires functional RB1 and TP53 pathways (Ye, Zerlanko, Zhang et al. 2007).<p>SAHF contain H3K9Me mark, characteristic of trancriptionally silent chromatin, and HP1, marcoH2A histone H2A variant and HMGA proteins are also components of SAHF (Narita et al. 2006), besides the HIRA:ASF1A:UBN1:CABIN1 complex. A yet unidentified H3K9Me histone methyltransferase may be recruited to SAHF by UBN1 (Banumathy et al. 2009). One of the functions of the HIRA:ASF1A:UBN1:CABIN1 complex is to deposit histone H3.3. variant to chromatin, which influences gene expression (Zhang et al. 2007, Rai et al. 2011).<p>Further studies are needed to fully elucidate the mechanism of SAHF formation and mechanism by which SAHF promote cell senescence.",1,Formation of Senescence-Associated Heterochromatin Foci (SAHF),https://reactome.org/content/detail/R-HSA-2559584,Human pathway mapping returned,Reactome pathway membership of the mapped human protein.
CALCR,P30988,R-HSA-418555,G alpha (s) signalling events,Pathway,"Liganded Gs-activating GPCRs bind inactive heterotrimeric Gs; Liganded Gs-activating GPCR acts as a GEF for Gs; The Ligand:GPCR:Gs complex dissociates; G alpha (s) activates adenylate cyclase; Adenylate cyclase converts ATP to 3',5'-cyclic AMP (cAMP) and pyrophosphate; cAMP degradation by Phosphodiesterases; PDE4A hydrolyses cAMP to AMP; PDE4A binds PDE4A inhibitors; PDE3A hydrolyses cAMP to AMP; PDE3B hydrolyses cAMP to AMP; PDE3A inhibitors bind PDE3A; G alpha (s) auto-inactivates by hydrolysing GTP to GDP; Inactive G alpha (s) reassociates with G beta:gamma; ADRB2 in ADRB2:GRK complex is phosphorylated; ADRB2:Catecholamine binds ARRB1, ARRB2; G protein alpha (s):GTP binds SRC; G alpha (s):GTP:SRC catalyzes SRC to p-Y419-SRC; G alpha (s):GTP:SRC dissociates; GRKs bind ADRB2:Catecholamine; ADRB2:GRK complex dissociates to Phosphorylated ADRB2; GPER1 signaling","The general function of the G alpha (s) subunit (Gs) is to activate adenylate cyclase (Tesmer et al. 1997), which in turn produces cAMP, leading to the activation of cAMP-dependent protein kinases (often referred to collectively as Protein Kinase A). The signal from the ligand-stimulated GPCR is amplified because the receptor can activate several Gs heterotrimers before it is inactivated. Another downstream effector of G alpha (s) is the protein tyrosine kinase c-Src (Ma et al. 2000).",2,G alpha (s) signalling events; Calcitonin-like ligand receptors,https://reactome.org/content/detail/R-HSA-418555,Human pathway mapping returned,Reactome pathway membership of the mapped human protein.
CALCR,P30988,R-HSA-419812,Calcitonin-like ligand receptors,Pathway,CALCA(83-119) binds CALCR; CALCA(83-119) binds CALCA antibodies; CALCR binds erenumab; CALCR binds gepants; AMY1-3 bind IAPP(34-70); AMY1-3 bind pramlintide; CGRP receptor can bind calcitonin gene-related peptides; The adrenomedullin receptor can bind adrenomedullin and intermedin,"The calcitonin peptide family comprises calcitonin, amylin, calcitonin gene-related peptide (CGRP), adrenomedullin (AM) and intermedin (AM2). Calcitonin is a 32 amino acid peptide, involved in bone homeostasis (Sexton PM et al, 1999). Amylin is a product of the islet beta-cell (Cooper GJ et al, 1987), along with insulin and probably has a hormonal role in the regulation of nutrient intake (Young A and Denaro M, 1998). Adrenomedullin (AM) is a ubiquitously expressed peptide initially isolated from phaechromocytoma (a tumour of the adrenal medulla) (Kitamura K et al, 1993). Both AM and AM2 (Takei Y et al, 2004) belong to a family of calcitonin-related peptide hormones important for regulating diverse physiologic functions and the chemical composition of fluids and tissues.<br>The receptor family for these peptides consists of two class B GPCRs, the calcitonin receptor (CT) and calcitonin receptor-like receptor (CL) (Poyner DR er al, 2002). Whilst the receptor for calcitonin is a conventional class B GPCR, the receptors for CGRP, AM and amylin require additional proteins, called the receptor activity modifying proteins (RAMPs). There are three RAMPs in mammals; they interact with the CT receptor to convert it to receptors for amylin. For CGRP and AM, the related CL interacts with RAMP1 to give a CGRP receptor and RAMP2 or 3 to give AM receptors. CL by itself will bind no known endogenous ligand.",2,G alpha (s) signalling events; Calcitonin-like ligand receptors,https://reactome.org/content/detail/R-HSA-419812,Human pathway mapping returned,Reactome pathway membership of the mapped human protein.
TFAP2B,Q92481,R-HSA-3232118,SUMOylation of transcription factors,Pathway,"PIAS3 SUMOylates MITF with SUMO1; PIAS1,3,4 SUMOylate MTA1 with SUMO2,3; PIAS1 SUMOylates SP3 with SUMO1; PIAS1 SUMOylates SP3 with SUMO2; PIAS4 SUMOylates TP53BP1 with SUMO1; MDM2 SUMOylates TP53 with SUMO2,3; PIAS1,2-1 SUMOylate HIC1 with SUMO1; UBE2I (UBC9), PIAS1 SUMOylate FOXL2 with SUMO1; SUMOylation of TFAP2A with SUMO1; SUMOylation of TFAP2B with SUMO1; SUMOylation of TFAP2C with SUMO1","Proteins classified as transcription factors constitute a disproportionate number of SUMOylation targets. In most cases SUMOylation inhibits transcriptional activation, however in some cases such as TP53 (p53) SUMOylation can enhance activation. Inhibition of transcription by SUMOylation may be due to interference with DNA binding, re-localization to inactive nuclear bodies, or recruitment of repressive cofactors such as histone deacetylases (reviewed in Girdwood et al. 2004, Gill 2005).",5,SUMOylation of transcription factors; Negative regulation of activity of TFAP2 (AP-2) family transcription factors; Activation of the TFAP2 (AP-2) family of transcription factors; TFAP2 (AP-2) family regulates transcription of growth factors and their receptors; Specification of the neural plate border,https://reactome.org/content/detail/R-HSA-3232118,Human pathway mapping returned,Reactome pathway membership of the mapped human protein.
TFAP2B,Q92481,R-HSA-8866904,Negative regulation of activity of TFAP2 (AP-2) family transcription factors,Pathway,WWOX binds TFAP2C; KCTD1 binds TFAP2 homo- and heterodimers; KCTD15 binds TFAP2 homo- and heterodimers; SUMOylation of TFAP2A with SUMO1; SUMOylation of TFAP2B with SUMO1; SUMOylation of TFAP2C with SUMO1,"Transcriptional activity of TFAP2 (AP-2) transcription factor family homo- and heterodimers in inhibited by binding of KCTD1 or KCTD15 to the AP-2 transactivation domain (Ding et al. 2009, Zarelli and Dawid 2013). Transcriptional activity of TFAP2A, TFAP2B and TFAP2C is also negatively regulated by SUMOylation mediated by UBE2I (UBC9) (Eloranta and Hurst 2002, Berlato et al. 2011, Impens et al. 2014, Bogachek et al. 2014). Binding of the tumor suppressor WWOX to TFAP2C inhibits TFAP2C translocation to the nucleus (Aqeilan et al. 2004). Transcription of the TFAP2A gene may be inhibited by CREB and E2F1 (Melnikova et al. 2010).",5,SUMOylation of transcription factors; Negative regulation of activity of TFAP2 (AP-2) family transcription factors; Activation of the TFAP2 (AP-2) family of transcription factors; TFAP2 (AP-2) family regulates transcription of growth factors and their receptors; Specification of the neural plate border,https://reactome.org/content/detail/R-HSA-8866904,Human pathway mapping returned,Reactome pathway membership of the mapped human protein.
TFAP2B,Q92481,R-HSA-8866907,Activation of the TFAP2 (AP-2) family of transcription factors,Pathway,TFAP2C translocates to the nucleus; AP-2 (TFAP2) transcription factors form homo- and heterodimers; TFAP2 homo- and heterodimers bind CITED and EP300/CREBBP; TFAP2B homodimer binds YEATS4,"The helix-span-helix motif and the basic region of TFAP2 (AP-2) transcription factor family members TFAP2A, TFAP2B, TFAP2C, TFAP2D and TFAP2E enable dimerization and DNA binding. AP-2 dimers bind palindromic GC-rich DNA response elements that match the consensus sequence 5'-GCCNNNGGC-3' (Williams and Tjian 1991a, Williams and Tjian 1991b). Most of the AP-2 binding sites slightly differ from the consensus, and individual AP-2 family members may differ in their binding site preferences (McPherson and Weigel 1999, Orso et al. 2010). Transcriptional co-factors from the CITED family interact with the helix-span-helix (HSH) domain of TFAP2 (AP-2) family of transcription factors and recruit transcription co-activators EP300 (p300) and CREBBP (CBP) to TFAP2-bound DNA elements. CITED2 shows the highest affinity for TFAP2 proteins, followed by CITED4, while CITED1 interacts with TFAP2s with a very low affinity. Mouse embryos defective for CITED2 exhibit neural crest defects, cardiac malformations and adrenal agenesis, which can at least in part be attributed to a defective Tfap2 transactivation (Bamforth et al. 2001, Braganca et al. 2002, Braganca et al. 2003). DNA binding and transcriptional activity of TFAP2B homodimers is increased by binding to YEATS4 (GAS41) (Ding et al. 2006).",5,SUMOylation of transcription factors; Negative regulation of activity of TFAP2 (AP-2) family transcription factors; Activation of the TFAP2 (AP-2) family of transcription factors; TFAP2 (AP-2) family regulates transcription of growth factors and their receptors; Specification of the neural plate border,https://reactome.org/content/detail/R-HSA-8866907,Human pathway mapping returned,Reactome pathway membership of the mapped human protein.
TFAP2B,Q92481,R-HSA-8866910,TFAP2 (AP-2) family regulates transcription of growth factors and their receptors,Pathway,"TFAP2A,TFAP2C homodimers bind ESR1 promoter; TFAP2A,TFAP2C homodimers stimulate ESR1 gene expression; ATAD2 binds ESR1; TFAP2A,TFAP2C homodimers bind the CGA gene; TFAP2A,TFAP2C homodimers stimulate CGA gene expression; TFAP2A,TFAP2C homodimers bind the CGB gene promoter; TFAP2A,TFAP2C homodimers stimulate CGB3 gene expression; CGA and CGB3 bind to form Human chorionic gonadotropin (hCG); TFAP2A,(TFAP2B,TFAP2C) homo- and heterodimers bind the ERBB2 gene promoter and recruit YY1; TFAP2A,(TFAP2B,TFAP2C) homo- and heterodimers and YY1 stimulate ERBB2 gene expression; TFAP2A,(TFAP2B) homodimers bind the KIT gene promoter; KIT gene expression is stimulated by TFAP2A,(TFAP2B) homodimers; TFAP2A homodimer binds the VEGFA gene promoter; VEGFA gene expression is inhibited by the TFAP2A homodimer; TFAP2A homodimer binds the TGFA gene promoter; TGFA gene expression is stimulated by the TFAP2A homodimer; TFAP2C homodimer binds the EGFR gene promoter; EGFR gene expression is stimulated by TFAP2C","TFAP2A and TFAP2C directly stimulate transcription of the estrogen receptor ESR1 gene (McPherson and Weigel 1999). TFAP2A expression correlates with ESR1 expression in breast cancer, and TFAP2C is frequently overexpressed in estrogen-positive breast cancer and endometrial cancer (deConinck et al. 1995, Turner et al. 1998). TFAP2A, TFAP2C, as well as TFAP2B can directly stimulate the expression of ERBB2, another important breast cancer gene (Bosher et al. 1996). Association of TFAP2A with the YY1 transcription factor significantly increases the ERBB2 transcription rate (Begon et al. 2005). In addition to ERBB2, the expression of another receptor tyrosine kinase, KIT, is also stimulated by TFAP2A and TFAP2B (Huang et al. 1998), while the expression of the VEGF receptor tyrosine kinase ligand VEGFA is repressed by TFAP2A (Ruiz et al. 2004, Li et al. 2012). TFAP2A stimulates transcription of the transforming growth factor alpha (TGFA) gene (Wang et al. 1997). TFAP2C regulates EGFR expression in luminal breast cancer (De Andrade et al. 2016). In placenta, TFAP2A and TFAP2C directly stimulate transcription of both subunits of the human chorionic gonadotropin, CGA and CGB (Johnson et al. 1997, LiCalsi et al. 2000).",5,SUMOylation of transcription factors; Negative regulation of activity of TFAP2 (AP-2) family transcription factors; Activation of the TFAP2 (AP-2) family of transcription factors; TFAP2 (AP-2) family regulates transcription of growth factors and their receptors; Specification of the neural plate border,https://reactome.org/content/detail/R-HSA-8866910,Human pathway mapping returned,Reactome pathway membership of the mapped human protein.
TFAP2B,Q92481,R-HSA-9834899,Specification of the neural plate border,Pathway,"TCF7L1 and CTNNB1 bind the GBX2 gene; Expression of GBX2 in the neural plate border; Expression of TFAP2A in the neural plate border; TFAP2A binds TFAP2C; TFAP2A binds TFAP2B; TFAP2A:TFAP2B binds the GBX2 gene; TFAP2A:TFAP2C binds the MSX1 gene; Expression of MSX1 in the neural plate border; POU5F1 and SOX2 bind the ZIC1 gene; Expression of ZIC1 in the neural plate border; TFAP2A binds the PAX3 gene; Expression of PAX3 in the neural plate border; TFAP2A:TFAP2C, POU5F1, SOX2 and MYB bind the PAX7 gene; Expression of PAX7 in the neural plate border; Expression of DLX5 in the neural plate border","The neural plate border forms on the dorsal side of the embryo between the medial neural plate and the lateral epidermis. This region has intermediate BMP and FGF signaling, with WNT also playing a role in specification (reviewed in Patthey and Gunhaga 2011, Simoes-Costa and Bronner 2015, Thawani and Groves 2020). Within the neural plate border, FGF signaling appears to repress formation of epidermis while BMP appears to repress formation of neural cells (reviewed in Patthey and Gunhaga 2014). During neural plate border specification, the most anterior part is a WNT-free domain and the posterior part is exposed to WNT activity (reviewed in Patthey and Gunhaga 2011, Patthey and Gunhaga 2014).<br>As the neural plate folds to form the neural tube, the neural plate border contributes to the olfactory, lens, and hypophyseal placodes in the anterior region and the neural crest in the posterior region (reviewed in Singh and Groves 2016, Koontz et al. 2023). In addition, the otic placodes and cranial sensory placodes arise immediately lateral to the neural crest. The neural crest is a population of migratory cells located dorsal to the neural tube that is unique to vertebrates (reviewed in Cheung et al. 2019) and gives rise to several cell types, including neurons and glia of the peripheral nervous system, osteoblasts and chondrocytes of the craniofacial skeleton, adrenal medulla cells, and melanocytes (reviewed in Kalcheim and Kumar 2017). Placodes generate the olfactory epithelium, the lens of the eye, the inner ear, the endocrine adenohypophysis of the pituitary gland, and some neurons of the cranial sensory ganglia (reviewed in Alsina 2020).<br>The neural plate border is specified by a combination of transcription factors including GBX2, TFAP2A, MSX1, MSX2, ZIC1, ZIC3, DLX5/6, PAX3, and PAX7. These factors may also be expressed in additional, overlapping regions. For example ZIC1 is expressed in the neural plate border and more medially in the neural plate, where it is involved in neural induction. TFAP2A is expressed in the neural plate border and more laterally in the epidermis. Thus the neural plate border is defined by a combination of factors rather than by a single factor (reviewed in Prasad et al. 2019).<br>The order of expression of neural plate border specifiers is not completely characterized in humans. In human embryonic stem cells differentiated in vitro, GBX2 is expressed broadly in the posterior ectoderm, then TFAP2A, PAX3, PAX7, and MSX1 are expressed in a neural plate border state (Leung et al. 2016). The primacy of Gbx2 is also observed in Xenopus embryos (Li et al. 2009). These genes then cross-regulate each other's expression to create a self-reinforcing module.",5,SUMOylation of transcription factors; Negative regulation of activity of TFAP2 (AP-2) family transcription factors; Activation of the TFAP2 (AP-2) family of transcription factors; TFAP2 (AP-2) family regulates transcription of growth factors and their receptors; Specification of the neural plate border,https://reactome.org/content/detail/R-HSA-9834899,Human pathway mapping returned,Reactome pathway membership of the mapped human protein.
SEC16B,Q96JE7,R-HSA-204005,COPII-mediated vesicle transport,Pathway,"SAR1 Activation And Membrane Binding; Inner coat assembly and cargo binding; Loss of SAR1B GTPase; SEC16 complex binds SAR1B:GTP:SEC23:SEC24; SEC31:SEC13 and v-SNARE recruitment; Vesicle budding; COPII coat binds TRAPPCII and RAB1:GDP; Nucleotide exchange on RAB1; RAB1:GTP binds USO1 and GORASP1:GOLGA2; CSNK1D phosphorylates SEC23; BET1:GOSR2:STX5 bind v-SNARES on tethered vesicle; PP6 dephosphorylates SEC24; NSF and SNAPs bind cis-SNARE complex; NSF ATPase activity dissociates cis-SNARE; TBC1D20 binds RAB1:GTP; TBC1D20 stimulates GTPase activity of RAB1, resulting in hydrolysis of GTP","COPII components (known as Sec13p, Sec23p, Sec24p, Sec31p, and Sar1p in yeast) traffic cargo from the endoplasmic reticulum to the ER-Golgi intermediate compartment (ERGIC). COPII-coated vesicles were originally discovered in the yeast Saccharomyces cerevisiae using genetic approaches coupled with a cell-free assay. The mammalian counterpart of this pathway is represented here. Newly synthesized proteins destined for secretion are sorted into COPII-coated vesicles at specialized regions of the ER. These vesicles leave the ER, become uncoated and subsequently fuse with the ERGIC membrane.",1,COPII-mediated vesicle transport,https://reactome.org/content/detail/R-HSA-204005,Human pathway mapping returned,Reactome pathway membership of the mapped human protein.
FAIM2,Q9BWQ8,,,,,,0,,https://reactome.org/ContentService/data/mapping/UniProt/Q9BWQ8/pathways,No human pathway mapping returned,Reactome pathway membership of the mapped human protein.
ZFHX3,Q15911,R-HSA-8941855,RUNX3 regulates CDKN1A transcription,Pathway,"RUNX3 binds SMAD3 and SMAD4; The complex of RUNX3, SMAD3 and SMAD4 binds the CDKN1A gene promoter; CDKN1A gene expression is synergistically activated by RUNX3, SMAD3 and SMAD4; RUNX3 binds ZFHX3; CDKN1A (p21) gene expression is positively regulated by RUNX3 and ZFHX3; RUNX3 binds TP53","RUNX3 contributes to the upregulation of the CDKN1A (p21) gene transcription in response to TGF-beta (TGFB1) signaling. RUNX3 binds to SMAD3 and SMAD4, and cooperates with the activated SMAD3:SMAD4 complex in transactivation of CDKN1A. Runx3 knockout mice exhibit decreased sensitivity to TGF-beta and develop gastric epithelial hyperplasia (Chi et al. 2005). In response to TGF-beta signaling, the CBFB:RUNX3 complex binds to the tumor suppressor ZFHX3 (ATBF1) and, through an unknown mechanism, this complex positively regulates the CDKN1A transcription (Mabuchi et al. 2010).<br>In addition, RUNX3 may act as a TP53 co-factor, stimulating TP53-mediated transcription of target genes, including CDKN1A (p21) (Yamada et al. 2010).",1,RUNX3 regulates CDKN1A transcription,https://reactome.org/content/detail/R-HSA-8941855,Human pathway mapping returned,Reactome pathway membership of the mapped human protein.
NRXN3,Q9Y4C0,R-HSA-6794361,Neurexins and neuroligins,Pathway,"NRXNs bind NLGNs; NRXNs bind  SYTs; NRXNs binds CASK tripartite complex; NRXNs binds MUNC18; LRRTMs bind NRXNs; NLGNs binds PSD-95 subfamily members; NMDAR binds PSD-95 subfamily members; GKAPs bind PSD-95 members; SHANK proteins bind GKAPs; SHARPIN binds SHANK proteins; Homer1,2,3 binds mGluR1a,5; Homer1,2,3 dimerizes; HOMER binds SHANK proteins; ABP1 binds SHANK proteins; BEGAIN binds DLG2,DLG3,DLG4; NMDA receptor complex:DLG2,DLG3,DLG4 binds SPAR; NMDA receptor complex:DLG2,DLG3,DLG4:SPAR binds PDLIM5; Protein 4.1 binds CASK; NRXNs bind CASK:Protein 4.1","Neurexins (NRXNs) and neuroligins (NLGNs) are best characterized synaptic cell-adhesion molecules. They are part of excitatory glutamatergic and inhibitory GABAergic synapses in mammalian brain, mediate trans-synaptic signaling, and shape neural network properties by specifying synaptic functions. As cell-adhesion molecules, NRXNs and NLGNs probably function by binding to each other and by interacting with intracellular PDZ-domain proteins, but the precise mechanisms involved and their relation to synaptic transmission remain unclear. The binding of NRXNs and NLGNs to their partners, helps to align the pre-synaptic release machinery and post-synaptic receptors. The importance of neurexins and neuroligins for synaptic function is evident from the dramatic deficits in synaptic transmission in mice lacking Nrxns or Nlgns. In humans, alterations in NRXNs or NLGNs genes are implicated in autism and other cognitive diseases, connecting synaptic cell adhesion to cognition and its disorders (Sudhof 2008, Craig et al. 2006, Craig & Kang 2007).",1,Neurexins and neuroligins,https://reactome.org/content/detail/R-HSA-6794361,Human pathway mapping returned,Reactome pathway membership of the mapped human protein.
ETV5,P41161,,,,,,0,,https://reactome.org/ContentService/data/mapping/UniProt/P41161/pathways,No human pathway mapping returned,Reactome pathway membership of the mapped human protein.
NEGR1,Q7Z3B1,R-HSA-163125,Post-translational modification: synthesis of GPI-anchored proteins,Pathway,Synthesis of dolichyl-phosphate mannose; Synthesis of glycosylphosphatidylinositol (GPI); Attachment of GPI anchor to uPAR; GPLD1 hydrolyses GPI-anchors from proteins,"Glycosylphosphatidyl inositol (GPI) acts as a membrane anchor for many cell surface proteins. GPI is synthesized in the endoplasmic reticulum. In humans, a single pathway consisting of eleven reactions appears to be responsible for the synthesis of the major GPI species involved in membrane protein anchoring.<p>As a nascent protein fated to become GPI-anchored moves into the lumen of the endoplasmic reticulum, it is attacked by a transamidase complex that cleaves it near its carboxy terminus and attaches an acylated GPI moiety. The GPI moiety is deacylated, yielding a protein-GPI conjugate that can be efficiently transported to the Golgi apparatus.",1,Post-translational modification: synthesis of GPI-anchored proteins,https://reactome.org/content/detail/R-HSA-163125,Human pathway mapping returned,Reactome pathway membership of the mapped human protein.
NPC1,O15118,R-HSA-8964038,LDL clearance,Pathway,"LSR trimer binds LDL; LDL + LDLR => LDL:LDLR complex; LDL:LDLR complex [plasma membrane] => LDL:LDLR complex [clathrin-coated vesicle] (LDLRAP1-independent); LDLR:LDL complex [coated vesicle membrane] => LDLR:LDL complex [endosome membrane]; LDLR:LDL complex => LDLR + LDL; LDL translocates from endosome lumen to lysosome lumen; LIPA hydrolyses sterol esters to sterols and fatty acids; NPC2 binds CHOL; NPC2 transfers CHOL to NPC1; CHOL translocates from lysosome membrane to ER membrane; SOAT1,2 transfer acyl group to CHOL forming CHEST; CHEST translocates from ER membrane to lipid particle; NCEH1 hydrolyzes cholesterol esters; CES3 hydrolyses CHEST to CHOL and LCFA(-); LDLR [endosome membrane] => LDLR [plasma membrane]; PCSK9 binds LDLR; PCSK9 binds PCSK9 inhibitors; PCSK9:LDLR bind to Clathrin; PCSK9:LDLR:Clathrin-coated vesicle transport from plasma membrane to endolysosome; Degradation of PCSK9:LDLR:Clathrin-coated vesicle","LDL (low-density lipoproteins) are complexes of a single molecule of apoprotein B-100 (apoB-100) non-covalently associated with triacylglycerol, free cholesterol, cholesterol esters, and phospholipids.Clearance of LDL from the blood involves binding to LDL receptors associated with coated pits at the cell surface, forming complexes that are internalized and passed via clathrin-coated vesicles to endosomes, where they dissociate. The LDL particles move into lysosomes and are degraded while the LDL receptors are returned to the cell surface. This process occurs in most cell types but is especially prominent in hepatocytes. It plays a major role in returning cholesterol from peripheral tissues to the liver (Hobbs et al. 1990).",1,LDL clearance,https://reactome.org/content/detail/R-HSA-8964038,Human pathway mapping returned,Reactome pathway membership of the mapped human protein.
ADCY5,O95622,R-HSA-163359,Glucagon signaling in metabolic regulation,Pathway,Glucagon binds to Glucagon receptor; Glucagon:GCGR mediates GTP-GDP exchange; G(s):GTP activates Adenylyl cyclase; G alpha (s) activates adenylate cyclase; PKA activation in glucagon signalling,"Glucagon and insulin are peptide hormones released from the pancreas into the blood, that normally act in complementary fashion to stabilize blood glucose concentration. When blood glucose levels rise, insulin release stimulates glucose uptake from the blood, glucose breakdown (glycolysis), and glucose storage as glycogen. When blood glucose levels fall, glucagon release stimulates glycogen breakdown and de novo glucose synthesis (gluconeogenesis), while inhibiting glycolysis and glycogen synthesis.<br>At a molecular level, the binding of glucagon to the extracellular face of its receptor causes conformational changes in the receptor that allow the dissociation and activation of subunits Gs and Gq. The activation of Gq leads to the activation of phospholipase C, production of inositol 1,4,5-triphosphate, and subsequent release of intracellular calcium. The activation of Gs leads to activation of adenylate cyclase, an increase in intracellular cAMP levels, and activation of protein kinase A (PKA). Active PKA phosphorylates key enzymes of glycogenolysis, glycogenesis, gluconeogenesis, and glycolysis, modifying their activities. These signal transduction events, and some of their downstream consequences, are illustrated below (adapted from Jiang and Zhang, 2003).",16,"Glucagon signaling in metabolic regulation; PKA activation; PKA activation in glucagon signalling; Adenylate cyclase activating pathway; Adenylate cyclase inhibitory pathway; Glucagon-like Peptide-1 (GLP1) regulates insulin secretion; Adrenaline,noradrenaline inhibits insulin secretion; G alpha (s) signalling events; G alpha (i) signalling events; G alpha (z) signalling events; Vasopressin regulates renal water homeostasis via Aquaporins; Hedgehog 'off' state; GPER1 signaling; ADORA2B mediated anti-inflammatory cytokines production; FCGR3A-mediated IL10 synthesis; High laminar flow shear stress activates signaling by PIEZO1 and PECAM1:CDH5:KDR in endothelial cells",https://reactome.org/content/detail/R-HSA-163359,Human pathway mapping returned,Reactome pathway membership of the mapped human protein.
ADCY5,O95622,R-HSA-163615,PKA activation,Pathway,Adenylate cyclase produces cAMP; cAMP binds PKA tetramer; cAMP induces dissociation of inactive PKA tetramers; NBEA binds PRKAR2A,"A number of inactive tetrameric PKA holoenzymes are produced by the combination of homo- or heterodimers of the different regulatory subunits associated with two catalytic subunits. When cAMP binds to two specific binding sites on the regulatory subunits, these undergo a conformational change that causes the dissociation of a dimer of regulatory subunits bound to four cAMP from two monomeric, catalytically active PKA subunits.",16,"Glucagon signaling in metabolic regulation; PKA activation; PKA activation in glucagon signalling; Adenylate cyclase activating pathway; Adenylate cyclase inhibitory pathway; Glucagon-like Peptide-1 (GLP1) regulates insulin secretion; Adrenaline,noradrenaline inhibits insulin secretion; G alpha (s) signalling events; G alpha (i) signalling events; G alpha (z) signalling events; Vasopressin regulates renal water homeostasis via Aquaporins; Hedgehog 'off' state; GPER1 signaling; ADORA2B mediated anti-inflammatory cytokines production; FCGR3A-mediated IL10 synthesis; High laminar flow shear stress activates signaling by PIEZO1 and PECAM1:CDH5:KDR in endothelial cells",https://reactome.org/content/detail/R-HSA-163615,Human pathway mapping returned,Reactome pathway membership of the mapped human protein.
ADCY5,O95622,R-HSA-164378,PKA activation in glucagon signalling,Pathway,Activated Adenylate cyclase catalyses cAMP synthesis; cAMP induces dissociation of inactive PKA tetramers,"Adenylate cyclase catalyses the synthesis of cyclic AMP (cAMP) from ATP. In the absence of cAMP, protein kinase A (PKA) exists as inactive tetramers of two catalytic subunits and two regulatory subunits. cAMP binding to PKA tetramers causes them to dissociate and release their catalytic subunits as active monomers. Four isoforms of the regulatory subunit are known, that differ in their tissue specificity and functional characteristics, but the specific isoform activated in response to glucagon signaling has not yet been identified.",16,"Glucagon signaling in metabolic regulation; PKA activation; PKA activation in glucagon signalling; Adenylate cyclase activating pathway; Adenylate cyclase inhibitory pathway; Glucagon-like Peptide-1 (GLP1) regulates insulin secretion; Adrenaline,noradrenaline inhibits insulin secretion; G alpha (s) signalling events; G alpha (i) signalling events; G alpha (z) signalling events; Vasopressin regulates renal water homeostasis via Aquaporins; Hedgehog 'off' state; GPER1 signaling; ADORA2B mediated anti-inflammatory cytokines production; FCGR3A-mediated IL10 synthesis; High laminar flow shear stress activates signaling by PIEZO1 and PECAM1:CDH5:KDR in endothelial cells",https://reactome.org/content/detail/R-HSA-164378,Human pathway mapping returned,Reactome pathway membership of the mapped human protein.
ADCY5,O95622,R-HSA-170660,Adenylate cyclase activating pathway,Pathway,Galpha-olf:GTP binds to adenylate cyclase and activates it; Adenylate cyclase converts ATP into cyclic AMP; Adenylaye cyclase increases the GTPase activity of G alpha-olf; The G alpha-olf:GDP:Adenylate cyclase complex dissociates,"Stimulatory G proteins activate adenylate cyclase, which drives the conversion of cAMP from ATP and in turn activates cAMP-dependent protein kinase and subsequent kinase pathways.",16,"Glucagon signaling in metabolic regulation; PKA activation; PKA activation in glucagon signalling; Adenylate cyclase activating pathway; Adenylate cyclase inhibitory pathway; Glucagon-like Peptide-1 (GLP1) regulates insulin secretion; Adrenaline,noradrenaline inhibits insulin secretion; G alpha (s) signalling events; G alpha (i) signalling events; G alpha (z) signalling events; Vasopressin regulates renal water homeostasis via Aquaporins; Hedgehog 'off' state; GPER1 signaling; ADORA2B mediated anti-inflammatory cytokines production; FCGR3A-mediated IL10 synthesis; High laminar flow shear stress activates signaling by PIEZO1 and PECAM1:CDH5:KDR in endothelial cells",https://reactome.org/content/detail/R-HSA-170660,Human pathway mapping returned,Reactome pathway membership of the mapped human protein.
ADCY5,O95622,R-HSA-170670,Adenylate cyclase inhibitory pathway,Pathway,G alpha (i) inhibits adenylate cyclase; G alpha-olf:GTP binds to Gi alpha1:GTP:adenylate cyclase complex; Adenylate cyclase increases the GTPase activity of G alpha-olf; Adenylate cyclase increases the GTPase activity of Gi alpha; Dissociation of the Gi alpha:G olf complex,"Guanine nucleotide-binding protein G(i) alpha (Gi-alpha) inhibits adenylate cyclase, thus inhibiting the production of cAMP from ATP and ultimately decreasing the activity of cAMP-dependent protein kinase.",16,"Glucagon signaling in metabolic regulation; PKA activation; PKA activation in glucagon signalling; Adenylate cyclase activating pathway; Adenylate cyclase inhibitory pathway; Glucagon-like Peptide-1 (GLP1) regulates insulin secretion; Adrenaline,noradrenaline inhibits insulin secretion; G alpha (s) signalling events; G alpha (i) signalling events; G alpha (z) signalling events; Vasopressin regulates renal water homeostasis via Aquaporins; Hedgehog 'off' state; GPER1 signaling; ADORA2B mediated anti-inflammatory cytokines production; FCGR3A-mediated IL10 synthesis; High laminar flow shear stress activates signaling by PIEZO1 and PECAM1:CDH5:KDR in endothelial cells",https://reactome.org/content/detail/R-HSA-170670,Human pathway mapping returned,Reactome pathway membership of the mapped human protein.
ADCY5,O95622,R-HSA-381676,Glucagon-like Peptide-1 (GLP1) regulates insulin secretion,Pathway,GLP1R binds GLP1; GLP1R binds GLP1R agonists; GLP1R:GLP1 activates G(s); Heterotrimeric G(s) complex dissociates; G(s):GTP activates Adenylyl cyclase; Activated Adenylyl cyclase synthesizes cyclic AMP; PKA:AKAP79:IQGAP1 complex dissociates to active PKA subunits in response to cAMP; Potassium voltage-gated channels close in reponse to PKA; ER calcium channels open in response to activated PKA; cAMP activates EPAC1; cAMP activates EPAC2; RAP1A exchanges GDP for GTP,"Glucagon-like Peptide-1 (GLP-1) is secreted by L-cells in the intestine in response to glucose and fatty acids. GLP-1 circulates to the beta cells of the pancreas where it binds a G-protein coupled receptor, GLP-1R, on the plasma membrane. The binding activates the heterotrimeric G-protein G(s), causing the alpha subunit of G(s) to exchange GDP for GTP and dissociate from the beta and gamma subunits.<br>The activated G(s) alpha subunit interacts with Adenylyl Cyclase VIII (Adenylate Cyclase VIII, AC VIII) and activates AC VIII to produce cyclic AMP (cAMP). cAMP then has two effects: 1) cAMP activates Protein Kinase A (PKA), and 2) cAMP activates Epac1 and Epac2, two guanyl nucleotide exchange factors.<br>Binding of cAMP to PKA causes the catalytic subunits of PKA to dissociate from the regulatory subunits and become an active kinase. PKA is known to enhance insulin secretion by closing ATP-sensitive potassium channels, closing voltage-gated potassium channels, releasing calcium from the endoplasmic reticulum, and affecting insulin secretory granules. The exact mechanisms for PKA's action are not fully known. After prolonged increases in cAMP, PKA  translocates to the nucleus where it regulates the PDX-1 and CREB transcription factors, activating transcription of the insulin gene.<br>cAMP produced by AC VIII also activates Epac1 and Epac2, which catalyze the exchange of GTP for GDP on G-proteins, notably Rap1A. Rap1A regulates insulin secretory granules and is believed to activate the Raf/MEK/ERK mitogenic pathway leading to proliferation of beta cells. The Epac proteins also interact with RYR calcium channels on the endoplasmic reticulum, the SUR1 subunits of ATP-sensitive potassium channels, and the Piccolo:Rim2 calcium sensor at the plasma membrane.",16,"Glucagon signaling in metabolic regulation; PKA activation; PKA activation in glucagon signalling; Adenylate cyclase activating pathway; Adenylate cyclase inhibitory pathway; Glucagon-like Peptide-1 (GLP1) regulates insulin secretion; Adrenaline,noradrenaline inhibits insulin secretion; G alpha (s) signalling events; G alpha (i) signalling events; G alpha (z) signalling events; Vasopressin regulates renal water homeostasis via Aquaporins; Hedgehog 'off' state; GPER1 signaling; ADORA2B mediated anti-inflammatory cytokines production; FCGR3A-mediated IL10 synthesis; High laminar flow shear stress activates signaling by PIEZO1 and PECAM1:CDH5:KDR in endothelial cells",https://reactome.org/content/detail/R-HSA-381676,Human pathway mapping returned,Reactome pathway membership of the mapped human protein.
ADCY5,O95622,R-HSA-400042,"Adrenaline,noradrenaline inhibits insulin secretion",Pathway,"Alpha-2A,alpha-2C Adrenergic Receptors bind adrenaline or noradrenaline; Alpha-2A,alpha-2C Adrenergic Receptors activate Gi.Go heterotrimeric G proteins; Gi,Go Heterotrimeric G-protein complex dissociates; L-type Calcium Channels close in pancreatic beta cells; Low conductance potassium channels in pancreatic beta cells open in response to epinephrine; G-beta:G-gamma inhibits Adenylate cyclase","The catecholamines adrenaline (epinephrine) and noradrenaline (norepinephrine) inhibit insulin secretion from pancreatic beta cells. Four effects are seen in the cells:<br>1. Inhibition of exocytosis of secretory granules, the major effect.<br>2. Opening of ATP-sensitive potassium channels (KATP channels) and repolarization of the cell.<br>3. Closing of L-type voltage-dependent calcium channels and inhibition of calcium influx.<br>4. Inhibition of adenylyl cyclase activity.<br>The first event in adrenaline/noradrenaline signaling in beta cells is the binding of adrenaline or noradrenaline to alpha-2 adrenergic receptors, which are G-protein coupled receptors. Binding activates the alpha subunits in heterotrimeric Gi and Go complexes to exchange GDP for GTP, forming the active G alpha:GTP complex. Experiments using specific antibodies against the alpha subunits in mice show that Gi alpha-1, Gi alpha-2, and Go alpha-2 are responsible for adrenergic effects. The exact beta and gamma subunits of the heterotrimeric G-proteins are unknown.<br>After activation by GTP, the heterotrimeric complex dissociates into the G alpha:GTP complex and the beta:gamma complex. The G alpha:GTP complex causes the inhibition of exocytosis by an unknown mechanism that involves protein acylation. This is responsible for most of the observed inhibition of insulin secretion. Additionally, the G alpha:GTP complex activates (opens) KATP channels, allowing the cell to repolarize. The beta:gamma complex inhibits (closes) voltage-dependent calcium channels, reducing the intracellular calcium concentration, and inhibits adenylyl cyclase, reducing the intracellular cAMP concentration.",16,"Glucagon signaling in metabolic regulation; PKA activation; PKA activation in glucagon signalling; Adenylate cyclase activating pathway; Adenylate cyclase inhibitory pathway; Glucagon-like Peptide-1 (GLP1) regulates insulin secretion; Adrenaline,noradrenaline inhibits insulin secretion; G alpha (s) signalling events; G alpha (i) signalling events; G alpha (z) signalling events; Vasopressin regulates renal water homeostasis via Aquaporins; Hedgehog 'off' state; GPER1 signaling; ADORA2B mediated anti-inflammatory cytokines production; FCGR3A-mediated IL10 synthesis; High laminar flow shear stress activates signaling by PIEZO1 and PECAM1:CDH5:KDR in endothelial cells",https://reactome.org/content/detail/R-HSA-400042,Human pathway mapping returned,Reactome pathway membership of the mapped human protein.
ADCY5,O95622,R-HSA-418555,G alpha (s) signalling events,Pathway,"Liganded Gs-activating GPCRs bind inactive heterotrimeric Gs; Liganded Gs-activating GPCR acts as a GEF for Gs; The Ligand:GPCR:Gs complex dissociates; G alpha (s) activates adenylate cyclase; Adenylate cyclase converts ATP to 3',5'-cyclic AMP (cAMP) and pyrophosphate; cAMP degradation by Phosphodiesterases; PDE4A hydrolyses cAMP to AMP; PDE4A binds PDE4A inhibitors; PDE3A hydrolyses cAMP to AMP; PDE3B hydrolyses cAMP to AMP; PDE3A inhibitors bind PDE3A; G alpha (s) auto-inactivates by hydrolysing GTP to GDP; Inactive G alpha (s) reassociates with G beta:gamma; ADRB2 in ADRB2:GRK complex is phosphorylated; ADRB2:Catecholamine binds ARRB1, ARRB2; G protein alpha (s):GTP binds SRC; G alpha (s):GTP:SRC catalyzes SRC to p-Y419-SRC; G alpha (s):GTP:SRC dissociates; GRKs bind ADRB2:Catecholamine; ADRB2:GRK complex dissociates to Phosphorylated ADRB2; GPER1 signaling","The general function of the G alpha (s) subunit (Gs) is to activate adenylate cyclase (Tesmer et al. 1997), which in turn produces cAMP, leading to the activation of cAMP-dependent protein kinases (often referred to collectively as Protein Kinase A). The signal from the ligand-stimulated GPCR is amplified because the receptor can activate several Gs heterotrimers before it is inactivated. Another downstream effector of G alpha (s) is the protein tyrosine kinase c-Src (Ma et al. 2000).",16,"Glucagon signaling in metabolic regulation; PKA activation; PKA activation in glucagon signalling; Adenylate cyclase activating pathway; Adenylate cyclase inhibitory pathway; Glucagon-like Peptide-1 (GLP1) regulates insulin secretion; Adrenaline,noradrenaline inhibits insulin secretion; G alpha (s) signalling events; G alpha (i) signalling events; G alpha (z) signalling events; Vasopressin regulates renal water homeostasis via Aquaporins; Hedgehog 'off' state; GPER1 signaling; ADORA2B mediated anti-inflammatory cytokines production; FCGR3A-mediated IL10 synthesis; High laminar flow shear stress activates signaling by PIEZO1 and PECAM1:CDH5:KDR in endothelial cells",https://reactome.org/content/detail/R-HSA-418555,Human pathway mapping returned,Reactome pathway membership of the mapped human protein.
ADCY5,O95622,R-HSA-418594,G alpha (i) signalling events,Pathway,"Liganded Gi-activating GPCRs bind inactive heterotrimeric G-protein Gi; Liganded Gi-activating GPCR acts as a GEF for Gi; The Ligand:GPCR:Gi complex dissociates; G alpha (i) inhibits adenylate cyclase; Adenylate cyclase converts ATP to 3',5'-cyclic AMP (cAMP) and pyrophosphate; Opsins act as GEFs for G alpha-t; G alpha (i) auto-inactivates by hydrolysing GTP to GDP; Inactive G alpha (i) reassociates with G beta:gamma; G alpha (i):GTP binds SRC; G protein alpha (i)-SRC complex catalyzes SRC to p-Y419-SRC; G protein alpha (i)-SRC complex dissociates to G protein alpha (i) and Active SRC; Active G alpha (i)–i1/i2/i3 binds RGS proteins; G alpha (i)–i1/i2/i3 in G (i):RGS complex is inactivated; G alpha (i):RGS dissociates to inactive G alpha (i)–i1/i2/i3; Opsins binds G alpha-t; G-alpha(t):G-beta-gamma:Opsins complex dissociates to active G-alpha(t); Opioid Signalling",The classical signalling mechanism for G alpha (i) is inhibition of the cAMP dependent pathway through inhibition of adenylate cyclase (Dessauer C W et al. 2002). Decreased production of cAMP from ATP results in decreased activity of cAMP-dependent protein kinases. Other functions of G alpha (i) includes activation of the protein tyrosine kinase c-Src (Ma Y C et al. 2000). Regulator of G-protein Signalling (RGS) proteins can regulate the activity of G alpha (i) (Soundararajan et al. 2008).,16,"Glucagon signaling in metabolic regulation; PKA activation; PKA activation in glucagon signalling; Adenylate cyclase activating pathway; Adenylate cyclase inhibitory pathway; Glucagon-like Peptide-1 (GLP1) regulates insulin secretion; Adrenaline,noradrenaline inhibits insulin secretion; G alpha (s) signalling events; G alpha (i) signalling events; G alpha (z) signalling events; Vasopressin regulates renal water homeostasis via Aquaporins; Hedgehog 'off' state; GPER1 signaling; ADORA2B mediated anti-inflammatory cytokines production; FCGR3A-mediated IL10 synthesis; High laminar flow shear stress activates signaling by PIEZO1 and PECAM1:CDH5:KDR in endothelial cells",https://reactome.org/content/detail/R-HSA-418594,Human pathway mapping returned,Reactome pathway membership of the mapped human protein.
ADCY5,O95622,R-HSA-418597,G alpha (z) signalling events,Pathway,"Liganded Gz-activating GPCRs bind inactive heterotrimeric G-protein Gz; Liganded Gz-activating GPCR acts as a GEF for Gz; The Ligand:GPCR:Gz complex dissociates; G alpha (z) inhibits adenylate cyclase; Adenylate cyclase converts ATP to 3',5'-cyclic AMP (cAMP) and pyrophosphate; PKC phosphorylates G alpha (z); G alpha (z) auto-inactivates by hydrolysing GTP to GDP; Inactive G alpha (z) reassociates with G beta:gamma; Active G alpha (z) binds RGS proteins; G alpha (z) in G alpha (z):RGS complex is inactivated; G alpha (z):RGS complex dissociates to give inactive G alpha (z); PKC binds active G alpha (z); G-alpha(z):PKC dissociates to give phosphorylated G alpha (z)","The heterotrimeric G protein G alpha (z), is a member of the G (i) family. Unlike other G alpha (i) family members it lacks an ADP ribosylation site cysteine four residues from the carboxyl terminus and is thus pertussis toxin-insensitive. It inhibits adenylyl cyclase types I, V and VI (Wong Y H et al. 1992). G alpha (z) interacts with the Rap1 GTPase activating protein (Rap1GAP) to attenuate Rap1 signaling. Like all G-proteins G alpha (z) has an intrinsic GTPase activity, but this activity tends to be lower for the pertussis toxin insensitive G-proteins, most strikingly so for G alpha (z), whose kcat value for GTP hydrolysis is 200-fold lower than those of G alpha (s) or G alpha (i) (Grazziano et al. 1989). G alpha (z) knockout mice have disrupted platelet aggregation at physiological concentrations of epinephrine and responses to several neuroactive drugs are altered (Yang et al. 2000). Regulator of G-protein Signalling (RGS) proteins can regulate the activity of G alpha (z) (Soundararajan M et al. 2008).",16,"Glucagon signaling in metabolic regulation; PKA activation; PKA activation in glucagon signalling; Adenylate cyclase activating pathway; Adenylate cyclase inhibitory pathway; Glucagon-like Peptide-1 (GLP1) regulates insulin secretion; Adrenaline,noradrenaline inhibits insulin secretion; G alpha (s) signalling events; G alpha (i) signalling events; G alpha (z) signalling events; Vasopressin regulates renal water homeostasis via Aquaporins; Hedgehog 'off' state; GPER1 signaling; ADORA2B mediated anti-inflammatory cytokines production; FCGR3A-mediated IL10 synthesis; High laminar flow shear stress activates signaling by PIEZO1 and PECAM1:CDH5:KDR in endothelial cells",https://reactome.org/content/detail/R-HSA-418597,Human pathway mapping returned,Reactome pathway membership of the mapped human protein.
ADCY5,O95622,R-HSA-432040,Vasopressin regulates renal water homeostasis via Aquaporins,Pathway,,,16,"Glucagon signaling in metabolic regulation; PKA activation; PKA activation in glucagon signalling; Adenylate cyclase activating pathway; Adenylate cyclase inhibitory pathway; Glucagon-like Peptide-1 (GLP1) regulates insulin secretion; Adrenaline,noradrenaline inhibits insulin secretion; G alpha (s) signalling events; G alpha (i) signalling events; G alpha (z) signalling events; Vasopressin regulates renal water homeostasis via Aquaporins; Hedgehog 'off' state; GPER1 signaling; ADORA2B mediated anti-inflammatory cytokines production; FCGR3A-mediated IL10 synthesis; High laminar flow shear stress activates signaling by PIEZO1 and PECAM1:CDH5:KDR in endothelial cells",https://reactome.org/content/detail/R-HSA-432040,Human pathway mapping returned; pathway detail cap reached,Reactome pathway membership of the mapped human protein.
ADCY5,O95622,R-HSA-5610787,Hedgehog 'off' state,Pathway,,,16,"Glucagon signaling in metabolic regulation; PKA activation; PKA activation in glucagon signalling; Adenylate cyclase activating pathway; Adenylate cyclase inhibitory pathway; Glucagon-like Peptide-1 (GLP1) regulates insulin secretion; Adrenaline,noradrenaline inhibits insulin secretion; G alpha (s) signalling events; G alpha (i) signalling events; G alpha (z) signalling events; Vasopressin regulates renal water homeostasis via Aquaporins; Hedgehog 'off' state; GPER1 signaling; ADORA2B mediated anti-inflammatory cytokines production; FCGR3A-mediated IL10 synthesis; High laminar flow shear stress activates signaling by PIEZO1 and PECAM1:CDH5:KDR in endothelial cells",https://reactome.org/content/detail/R-HSA-5610787,Human pathway mapping returned; pathway detail cap reached,Reactome pathway membership of the mapped human protein.
ADCY5,O95622,R-HSA-9634597,GPER1 signaling,Pathway,,,16,"Glucagon signaling in metabolic regulation; PKA activation; PKA activation in glucagon signalling; Adenylate cyclase activating pathway; Adenylate cyclase inhibitory pathway; Glucagon-like Peptide-1 (GLP1) regulates insulin secretion; Adrenaline,noradrenaline inhibits insulin secretion; G alpha (s) signalling events; G alpha (i) signalling events; G alpha (z) signalling events; Vasopressin regulates renal water homeostasis via Aquaporins; Hedgehog 'off' state; GPER1 signaling; ADORA2B mediated anti-inflammatory cytokines production; FCGR3A-mediated IL10 synthesis; High laminar flow shear stress activates signaling by PIEZO1 and PECAM1:CDH5:KDR in endothelial cells",https://reactome.org/content/detail/R-HSA-9634597,Human pathway mapping returned; pathway detail cap reached,Reactome pathway membership of the mapped human protein.
ADCY5,O95622,R-HSA-9660821,ADORA2B mediated anti-inflammatory cytokines production,Pathway,,,16,"Glucagon signaling in metabolic regulation; PKA activation; PKA activation in glucagon signalling; Adenylate cyclase activating pathway; Adenylate cyclase inhibitory pathway; Glucagon-like Peptide-1 (GLP1) regulates insulin secretion; Adrenaline,noradrenaline inhibits insulin secretion; G alpha (s) signalling events; G alpha (i) signalling events; G alpha (z) signalling events; Vasopressin regulates renal water homeostasis via Aquaporins; Hedgehog 'off' state; GPER1 signaling; ADORA2B mediated anti-inflammatory cytokines production; FCGR3A-mediated IL10 synthesis; High laminar flow shear stress activates signaling by PIEZO1 and PECAM1:CDH5:KDR in endothelial cells",https://reactome.org/content/detail/R-HSA-9660821,Human pathway mapping returned; pathway detail cap reached,Reactome pathway membership of the mapped human protein.
ADCY5,O95622,R-HSA-9664323,FCGR3A-mediated IL10 synthesis,Pathway,,,16,"Glucagon signaling in metabolic regulation; PKA activation; PKA activation in glucagon signalling; Adenylate cyclase activating pathway; Adenylate cyclase inhibitory pathway; Glucagon-like Peptide-1 (GLP1) regulates insulin secretion; Adrenaline,noradrenaline inhibits insulin secretion; G alpha (s) signalling events; G alpha (i) signalling events; G alpha (z) signalling events; Vasopressin regulates renal water homeostasis via Aquaporins; Hedgehog 'off' state; GPER1 signaling; ADORA2B mediated anti-inflammatory cytokines production; FCGR3A-mediated IL10 synthesis; High laminar flow shear stress activates signaling by PIEZO1 and PECAM1:CDH5:KDR in endothelial cells",https://reactome.org/content/detail/R-HSA-9664323,Human pathway mapping returned; pathway detail cap reached,Reactome pathway membership of the mapped human protein.
ADCY5,O95622,R-HSA-9856530,High laminar flow shear stress activates signaling by PIEZO1 and PECAM1:CDH5:KDR in endothelial cells,Pathway,,,16,"Glucagon signaling in metabolic regulation; PKA activation; PKA activation in glucagon signalling; Adenylate cyclase activating pathway; Adenylate cyclase inhibitory pathway; Glucagon-like Peptide-1 (GLP1) regulates insulin secretion; Adrenaline,noradrenaline inhibits insulin secretion; G alpha (s) signalling events; G alpha (i) signalling events; G alpha (z) signalling events; Vasopressin regulates renal water homeostasis via Aquaporins; Hedgehog 'off' state; GPER1 signaling; ADORA2B mediated anti-inflammatory cytokines production; FCGR3A-mediated IL10 synthesis; High laminar flow shear stress activates signaling by PIEZO1 and PECAM1:CDH5:KDR in endothelial cells",https://reactome.org/content/detail/R-HSA-9856530,Human pathway mapping returned; pathway detail cap reached,Reactome pathway membership of the mapped human protein.
SPARC,P09486,R-HSA-114608,Platelet degranulation ,Pathway,ABCC4 accumulation of dense granule contents; Exocytosis of platelet dense granule content; Surface deployment of platelet dense granule membrane components; Exocytosis of platelet alpha granule contents; Surface deployment of platelet alpha granule membrane components; Release of platelet cytosolic components; Release of (inferred) platelet cytosolic components; Release of platelet secretory granule components; Release of Calumenin; Release of 78 kDa glucose-regulated protein; Exocytosis of Proactivator polypeptide,"Platelets function as exocytotic cells, secreting a plethora of effector molecules at sites of vascular injury. Platelets contain a number of distinguishable storage granules including alpha granules, dense granules and lysosomes. On activation platelets release a variety of proteins, largely from storage granules but also as the result of apparent cell lysis. These act in an autocrine or paracrine fashion to modulate cell signaling. <br><br><br> Alpha granules contain mainly polypeptides such as  fibrinogen, von Willebrand factor, growth factors and protease inhibitors that that supplement thrombin generation at the site of injury. Dense granules contain small molecules, particularly adenosine diphosphate (ADP), adenosine triphosphate (ATP), serotonin and calcium, all recruit  platelets to the site of injury. 

The molecular mechanism which facilitates granule release involves soluble NSF attachment protein receptors (SNAREs), which assemble into complexes to form a universal membrane fusion apparatus. Although all cells use SNAREs for membrane fusion, different cells possess different SNARE isoforms. Platelets and chromaffin cells use many of the same chaperone proteins to regulate SNARE-mediated secretion (Fitch-Tewfik & Flaumenhaft 2013).",4,Platelet degranulation; Nuclear signaling by ERBB4; ECM proteoglycans; Scavenging by Class H Receptors,https://reactome.org/content/detail/R-HSA-114608,Human pathway mapping returned,Reactome pathway membership of the mapped human protein.
SPARC,P09486,R-HSA-1251985,Nuclear signaling by ERBB4,Pathway,Cleavage of P-ERBB4jmA isoforms by ADAM17; Cleavage of ERBB4m80 by gamma-scretase complex; Translocation of ERBB4s80 to the nucleus; ERBB4s80 binds TAB2:NCOR1 complex; ERBB4s80:TAB2:NCOR1 complex translocates to the nucleus; ERBB4s80:TAB2:NCOR1 complex binds GFAP gene promoter; ERBB4s80:TAB2:NCOR1 complex binds S100B gene promoter; GFAP gene expression is inhibited by ERBB4:TAB2:NCOR1; S100B gene expression is inhibited by ERBB4:TAB2:NCOR1; WWOX binds ERBB4s80; ERBB4s80 binds YAP1; Translocation of ERBB4s80:YAP1 complex to the nucleus; ERBB4s80 binds STAT5A; ERBB4s80:STAT5A complex translocates to the nucleus; ERBB4s80:STAT5A binds CSN2 gene promoter; CSN2 gene expression is stimulated by ERBB4s80:STAT5A; ERBB4s80 forms a complex with estrogen receptor ESR1; ERBB4s80:ESR1 binds PGR gene promoter; ERBB4s80:ESR1 binds CXCL12 gene promoter; PGR gene expression is stimulated by ERBB4s80:ESR1:estrogen; CXCL12 gene expression is stimulated by ERBB4s80:ESR1:estrogen; ERBB4s80:ESR1 binds ERBB4 gene promoter; ERBB4 gene expression is stimulated by ERBB4s80:ESR1; Translocation of cytosolic ERBB4s80 to mitochondrial matrix; ERBB4s80 binds the APOE gene; APOE gene transcription is stimulated by ERBB4s80; ERBB4s80 binds ADAP1 gene; ADAP1 gene expression is inhibited by ERBB4s80; ERBB4s80 binds SPARC gene; SPARC gene transcription is stimulated by ERBB4s80; ERBB4s80 binds STMN1 gene; STMN1 gene expression is stimulated by ERBB4s80; ERBB4s80 binds the MXD4 gene; MXD4 gene expression is stimulated by ERBB4s80,"Besides signaling as a transmembrane receptor, ligand activated homodimers of ERBB4 JM-A isoforms (ERBB4 JM-A CYT1 and ERBB4 JM-A CYT2) undergo proteolytic cleavage by ADAM17 (TACE) in the juxtamembrane region, resulting in shedding of the extracellular domain and formation of an 80 kDa membrane bound ERBB4 fragment known as ERBB4 m80 (Rio et al. 2000, Cheng et al. 2003). ERBB4 m80 undergoes further proteolytic cleavage, mediated by the gamma-secretase complex, which releases the soluble 80 kDa ERBB4 intracellular domain, known as ERBB4 s80 or E4ICD, into the cytosol (Ni et al. 2001). ERBB4 s80 is able to translocate to the nucleus, promote nuclear translocation of various transcription factors, and act as a transcription co-factor. In neuronal precursors, ERBB4 s80 binds the complex of TAB and NCOR1, helps to move the complex into the nucleus, and is a co-factor of TAB:NCOR1-mediated inhibition of expression of astrocyte differentiation genes GFAP and S100B (Sardi et al. 2006). In mammary cells, ERBB4 s80 recruits STAT5A transcription factor in the cytosol, shuttles it to the nucleus, and acts as the STAT5A co-factor in binding to and promoting transcription from the beta-casein (CSN2) promoter, and may be involved in the regulation of other lactation-related genes (Williams et al. 2004, Muraoka-Cook et al. 2008). ERBB4 s80 was also shown to bind activated estrogen receptor in the nucleus and act as its transcriptional co-factor in promoting transcription of some estrogen-regulated genes, such as progesterone receptor gene NR3C3 and CXCL12 i.e. SDF1 (Zhu et al. 2006). ERBB4s80 may inhibit transcription of telomerase reverse transcriptase (TERT) by increasing methylation of the TERT gene promoter through an unknown mechanism (Ishibashi et al. 2012).<br><br>The C-tail of ERBB4 possesses several WW-domain binding motifs (three in CYT1 isoform and two in CYT2 isoform), which enable interaction of ERBB4 with WW-domain containing proteins. ERBB4 s80, through WW-domain binding motifs, interacts with YAP1 transcription factor, a known proto-oncogene, and may be a co-regulator of YAP1-mediated transcription (Komuro et al. 2003, Omerovic et al. 2004). The tumor suppressor WWOX, another WW-domain containing protein, competes with YAP1 in binding to ERBB4 s80 and prevents translocation of ERBB4 s80 to the nucleus (Aqeilan et al. 2005). ERBB4 s80 is also able to translocate to the mitochondrial matrix, presumably when its nuclear translocation is inhibited. Once in the mitochondrion, the BH3 domain of ERBB4, characteristic of BCL2 family members, may enable it to act as a pro-apoptotic factor (Naresh et al. 2006).",4,Platelet degranulation; Nuclear signaling by ERBB4; ECM proteoglycans; Scavenging by Class H Receptors,https://reactome.org/content/detail/R-HSA-1251985,Human pathway mapping returned,Reactome pathway membership of the mapped human protein.
SPARC,P09486,R-HSA-3000178,ECM proteoglycans,Pathway,"SLRPs bind TGF Beta; DCN binds collagen I, II, III, VI fibrils; BGN binds Collagen types I, VI, (IX); BGN binds Collagen types II, III; VTN binds collagens I, IV and VI; VTN binds collagens II, III and V; VTN binds integrins alphaVbeta1, alphaVbeta3, alpha3beta5, alphaIIBbeta3; VTN binds Plasminogen activator inhibitor- 1; AGRN binds Alpha-dystroglycan; AGRN binds LRP4:MUSK; AGRN binds Laminins with gamma-1 subunit; AGRN binds NCAM1, PTPRS; AGRN binds Beta amyloid fibril via GAG chains; SPARC binds Collagen type I fibril, hydroxylapatite and Ca2+; TNC binds Integrin alphaVbeta3, alphaVbeta6, alpha2beta1, alpha7beta1, alpha8beta1, alpha9beta1, alphaXbeta1; Tenascins C, R, (X, N) bind lecticans; Tenascins C, R, (X, N) bind fibronectin matrix; COMP binds collagen, fibronectin, aggrecan and matrilins; Aggrecan binds Hyaluronan and HAPLN1; IBSP binds collagen type I; Dentin matrix protein 1 binds integrin alphaVbeta3; Dentin phosphoprotein binds integrin alphaVbeta1; HSPG2 (perlecan) binds alpha-dystroglycan","Proteoglycans are major components of the extracellular matrix. In cartilage the matrix constitutes more than 90% of tissue dry weight. Proteoglycans are proteins substituted with glycosaminoglycans (GAGs), linear polysaccharides consisting of a repeating disaccharide, generally of an acetylated amino sugar alternating<br>with a uronic acid. Most proteoglycans are located in the extracellular<br>space. Proteoglycans are highly diverse, both in terms of the core proteins and the subtypes of GAG chains, namely chondroitin sulfate (CS), keratan sulfate (KS), dermatan sulfate (DS) and heparan sulfate (HS). Hyaluronan is a non-sulfated GAG whose molecular weight runs into millions of Dalton; in articular cartilage, a single hyaluronan molecule can hold upto 100 aggrecan molecules and these aggregates are stabilized by a link protein.",4,Platelet degranulation; Nuclear signaling by ERBB4; ECM proteoglycans; Scavenging by Class H Receptors,https://reactome.org/content/detail/R-HSA-3000178,Human pathway mapping returned,Reactome pathway membership of the mapped human protein.
SPARC,P09486,R-HSA-3000497,Scavenging by Class H Receptors,Pathway,STAB1 (FEEL-1) binds ligands; STAB1:ligand is endocytosed; STAB2 (FEEL-2) binds ligands; STAB2:ligand is endocytosed,"STAB1 (FEEL-1) and STAB2 (FEEL-2) are very large transmambrane proteins containing fasciclin domains, EGF-like domains, and hyaluronan-like domains (Politz et al. 2002, reviewed in Areschoug and Gordon 2009).",4,Platelet degranulation; Nuclear signaling by ERBB4; ECM proteoglycans; Scavenging by Class H Receptors,https://reactome.org/content/detail/R-HSA-3000497,Human pathway mapping returned,Reactome pathway membership of the mapped human protein.
RPTOR,Q8N122,R-HSA-1632852,Macroautophagy,Pathway,"Active MTORC1 binds the ULK1 complex; Active MTORC1 phosphorylates ULK1; p-AMPK:AMP phosphorylates Raptor in the MTORC1 complex; Rheb in the MTORC1 complex hydrolyses GTP; MTORC1 dissociates from ULK complex; ULK1 is dephosphorylated; p-AMPK:AMP binds the ULK complex; AMPK (complex) phosphorylates ULK1 (complex); Thr-180 of ULK1 is phosphorylated; ULK1 phosphorylates ATG13 and RB1CC1; AMBRA1 binds DYNLL1,DYNLL2; AMBRA1:DYNLL1,DYNLL2 binds BECN1 complex; ULK1 phosphorylates AMBRA1:BECN1 complex; BECN1 complex, p-AMBRA1 dissociate from DYNLL1,DYNLL2; ULK complex translocates to the ER; Beclin-1 complex translocates to the ER; ULK1 phosphorylates Beclin-1; Beclin-1 complex phosphorylates PtdIns; The phagophore extends from the PIP3-enriched structure; MTMR14, MTMR3 dephosphorylate PI3P; WIPIs bind PI3P; ATG12 binds ATG7 dimer; ATG12 forms a thioester bond with ATG7 dimer; ATG12:ATG7:CysO572-ATG7 binds ATG10; ATG10 transfers ATG12 from ATG7 to ATG10; ATG10:ATG12:ATG7 dimer dissociates; ATG10:ATG12 binds ATG5; ATG10 transfers ATG12 from ATG10 to ATG5; ATG10 dissociates from ATG12:ATG5; ATG5:ATG12 binds ATG16L1; ATG5:ATG12 binds ATG16L2; WIPI2 binds ATG12:ATG5:ATG16L; LC3 is cleaved by ATG4; LC3 binds ATG7 dimer; LC3:ATG7 dimer binds ATG3; ATG3 transfers LC3 from ATG7 to ATG3; ATG7:ATG3:LC3 dissociates; ATG16L1 complex transfers LC3 from ATG3 to PE; LC3 de-lipidation by ATG4; Autophagosome maturation; Selective autophagy","Macroautophagy (hereafter referred to as autophagy) acts as a buffer against starvation by liberating building materials and energy sources from cellular components. It has additional roles in embryonic development, removal of apoptotic cells or organelles, antigen presentation, protection against toxins and as a degradation route for aggregate-prone proteins and infectious agents. The dysregulation of autophagy is involved in several human diseases, for example, Crohn's disease, cancer and neurodegeneration (Ravikumar et al. 2010).<br>Autophagy is highly conserved from yeast to humans; much of the machinery was first identified in yeast (see Klionsky et al. 2011). Initially, double-membraned cup-shaped structures called the isolation membrane or phagophore engulf portions of cytoplasm. The membranes fuse to form the autophagosome. In yeast cells, autophagosomes are formed at the phagophore assembly site (PAS) next to the vacuole. In mammals, autophagosomes appear throughout the cytoplasm then move along microtubules towards the microtubule-organising centre. This transport requires microtubules and the function of dynein motor proteins; depolymerization of microtubules or inhibition of dynein-dependent transport results in inhibition of autophagy (Kochl et al. 2006, Kimura et al. 2008). Autophagosomes fuse with lysosomes forming autolysosomes whose contents are degraded by lysosomal hydrolases (Mizushima et al. 2011).<br><br>The origins of the autophagosomal membrane and the  incorporation of existing membrane material have been extensively debated. The endoplasmic reticulum (ER), mitochondria, mitochondria-associated ER membranes (MAMs), the Golgi, the plasma membrane and recycling endosomes have all been implicated in the nucleation of the isolation membrane and subsequent growth of the membrane (Lamb et al. 2013). Recently 3D tomographic imaging of isolation membranes has shown the cup-shaped isolation membrane tightly sandwiched between two sheets of ER and physically connected to the ER through a narrow membrane tube (Hayashi-Nishino et al. 2009, Yla-Anttila et al. 2009). This suggests that isolation membrane formation and elongation are guided by adjacent ER sheets, supporting the now prevalent 'ER cradle' model, which suggests that the isolation membrane arises from the ER (Hayashi-Nishino et al. 2009, Shibutani & Yoshimori 2014).<br><br>Autophagy is tightly regulated. The induction of autophagy in response to starvation is partly mediated by inactivation of the mammalian target of rapamycin (mTOR) (Noda & Ohsumi 1998) and activation of Jun N-terminal kinase (JNK), while energy loss induces autophagy by activation of AMP kinase (AMPK). Other pathways regulating autophagy are regulated by calcium, cyclic AMP, calpains and the inositol trisphosphate (IP3) receptor (Rubinsztein et al. 2012). <br><br>In mammals, two complexes cooperatively produce the isolation membrane. The ULK complex consists of ULK1/2, ATG13, (FIP200) and ATG101 (Alers et al. 2012). The PIK3C3-containing Beclin-1 complex consists of PIK3C3 (Vps34), BECN1 (Beclin-1, Atg6), PIK3R4 (p150, Vps15) and ATG14 (Barkor) (Matsunaga et al. 2009, Zhong et al. 2009). A similar complex where ATG14 is replaced by UVRAG functions later in autophagosome maturation and endocytic traffic (Itakura et al. 2008, Liang et al. 2008). Binding of KIAA0226 to this complex negatively regulates the maturation process (Matsunaga et al. 2009). The ULK and Beclin-1 complexes are recruited to specific autophagosome nucleation regions where they stimulate phosphatidylinositol-3-phosphate (PI3P) production and facilitate the elongation and initial membrane curvature of the phagophore membrane (Carlsson & Simonsen 2015).<br><br>The ULK complex is considered the most upstream component of the mammalian autophagy pathway (Itakura & Mizushima 2010), acting as an integrator of the autophagy signals downstream of mTORC1. It is not fully understood how ULK1 is modulated in response to environmental cues. Phosphorylation plays an essential role (Dunlop & Tee 2013) but it is not clear how phosphorylation regulates ULK1 activities (Ravikumar et al. 2010). ULK1 kinase activity is required for autophagy, but the substrate(s) of ULK1 that mediate its autophagic function are not certain. ULK1 may also have kinase-independent functions in autophagy (Wong et al. 2013). <br><br> PIK3C3 (Vps34) is a class III phosphatidylinositol 3-kinase that produces PI3P. It is essential for the early stages of autophagy and colocalizes strongly with early autophagosome markers (Axe et al. 2008). BECN1 binds several further proteins that affect autophagosome formation. Partners that induce autophagy include AMBRA1 (Fimia et al. 2007), UVRAG (Liang et al. 2006) and SH3GLB1 (Takahashi et al. 2007). Binding of BCL2 or BCL2L1 (Bcl-xL) inhibit autophagy (Pattingre et al. 2005, Ciechomska et al. 2009). The inositol 1,4,5-trisphosphate receptor complex that binds BCL2 also interacts with BECN1, inhibiting autophagy (Vincencio et al. 2009). CISD2 (Nutrient-deprivation autophagy factor-1, NAF1), a component in the IP3R complex, interacts with BCL2 at the ER and stabilizes the BCL2-BECN1 interaction (Chang et al. 2010). Starvation leads to activation of c-Jun NH2-terminal kinase-1 (JNK1), which results in the phosphorylation of BCL2 and BCL2L1, which release their binding to BECN1 and thus induces autophagosome formation (Wei et al. 2008). <br><br>AMBRA1 can simultaneously bind dynein and the Beclin-1 complex.  During nutrient starvation, AMBRA1 is phosphorylated in a ULK1-dependent manner (Di Bartolomeo et al. 2010). This phosphorylation releases AMBRA1-associated Beclin-1 complexes from dynein and the microtubule network, freeing the complex to translocate to autophagy initiation sites (Di Bartolomeo et al. 2010). <br><br>A characteristic of this early phase of autophagosome formation is the formation of PI3P-enriched ER-associated structures called omegasomes (Axe et al. 2008) or cradles (Hayashi-Nishino et al. 2009). Omegasomes appear to concentrate at or near the connected mitochondria-associated ER membrane (Hamasaki et al. 2013). However, the phagophore also can incorporate existing material from other membrane sources such as ER exit sites (ERES), the ER-Golgi intermediate compartment (ERGIC), the Golgi, the plasma membrane and recycling endosomes (Carlsson & Simonsen 2015). Omegasomes lead to the formation of the isolation membrane or phagophore, which is thought to form de novo by an unknown mechanism (Simonsen & Stenmark 2008, Roberts & Ktistakis 2013). Phagophore expansion is probably mediated by membrane uptake from endomembranes and semi-autonomous organelles (Lamb et al. 2013, Shibutani & Yoshimori 2014).<br><br>ATG9 is a direct target of ULK1. In nutrient-rich conditions mammalian ATG9 is localized to the trans-Golgi network and endosomes (including early, late and recycling endosomes), whereas under starvation conditions it is localized to autophagosomes, in a process that is dependent on ULK1 (Young et al. 2006). ATG9 is believed to play a role in the delivery of vesicles derived from existing membranes to the expanding phagophore (Lamb et al. 2013). Yeast Atg9 forms a complex with Atg2 and Atg18 (Reggiori et al. 2004). <br><br>PI3P produced at the initiation site is sensed by WIPI2b, the mammalian homologue of Atg18 (Polson et al. 2010). WIPI2b then recruits Atg16L1 (Dooley et al. 2014). There are four WIPI proteins in mammalian cells (Proikas-Cezanne et al. 2015). They are all likely bind PI3P and be recruited to membranes but the function of WIPI1, 3 and 4 in autophagy is not yet clear. WIPI4 (WDR45) has been shown to bind Atg2 and to be involved in lipid droplet formation (Velikkakath et al. 2012); mutations in WIPI4 have been shown to cause a neurodegenerative disease (Saitsu et al. 2013).<br><br>The elongation of the membrane that will become the autophagosome is regulated by two ubiquitination-like reactions. First, the ubiquitin-like molecule ATG12 is conjugated to ATG5 by ATG7, which acts as an E1-like activating enzyme, and ATG10, which has a role similar to an E2 ubiquitin-conjugating enzyme. The ATG5:ATG12 complex then interacts non-covalently with ATG16L1. This complex associates with the forming autophagosome but dissociates from completed autophagosomes (Geng & Klionski 2008). The second ubiquitin-like reaction involves the conjugation of ubiquitin-like molecules of the LC3 family (Weidberg et al. 2010). LC3 proteins are conjugated through their C-terminal glycine residues with PE by the E1-like ATG7 and E2-like ATG3. This allows LC3 proteins to associate with the autophagosome membrane. <br><br>The ATG12:ATG5:ATG16L1 complex (Mizushima et al., 2011) acts as an E3 like enzyme for the conjugation of LC3 family proteins (mammalian homologues of yeast Atg8) to phosphatidylethanolamine (PE) (Hanada et al. 2007, Fujita et al. 2008). LC3 PE can be deconjugated by the protease ATG4 (Li et al. 2011, 2012). ATG4 is also responsible for priming LC3 proteins by cleaving the C terminus to expose a glycine residue (Kirisako et al, 2000, Scherz Shouval et al. 2007). LC3 proteins remain associated with autophagosomes until they fuse with lysosomes. The LC3-like proteins inside the resulting autolysosomes are degraded, while those on the cytoplasmic surface are delipidated and recycled. ATG5:ATG12:ATG16L1-positive LC3-negative vesicles represent pre-autophagosomal structures (pre-phagophores and possibly early phagophores), ATG5:ATG12:ATG16L1-positive LC3-positive structures can be considered to be phagophores, and ATG5:ATG12:ATG16L1-negative LC3-positive vesicles can be regarded as mature autophagosomes (Tandia et al. 2011).<br><br>Phagophore expansion is probably mediated by membrane uptake from endomembranes as well as from semiautonomous organelles (Lamb et al. 2013, Shibutani & Yoshimori 2014).<br><br>The mechanisms involved in the closure of the phagophore membrane are poorly understood. As the phagophore is a double-membraned structure, its closure involves the fusion of a narrow opening, a process that is distinct from other membrane fusion events (Carlsson & Simonsen 2015). The topology of the phagophore is similar to that of cytokinesis, viral budding or multivesicular body (MVB) formation. These processes rely on the Endosomal Sorting Complex Required for Transport (ESCRT) (Rusten et al. 2012). ESCRT and associated proteins facilitate membrane budding away from the cytosol and subsequent cleavage of the bud neck (Hurley & Hanson 2010). Several studies have shown that depletion of ESCRT subunits or the regulatory ATPase Vps4 causes an accumulation of autophagosomes (Filimonenko et al. 2007, Rusten et al. 2007) but it is not clear whether ESCRTs are required for autophagosome closure or for autophagosome to endosome fusion. UVRAG is also involved in the maturation step, recruiting proteins that bring about membrane fusion such as the class C Vps proteins, which activate Rab7 thereby promoting fusion with late endosomes and lysosomes (Liang et al. 2008).",9,Macroautophagy; MTOR signalling; mTORC1-mediated signalling; HSF1-dependent transactivation; Energy dependent regulation of mTOR by LKB1-AMPK; TP53 Regulates Metabolic Genes; Regulation of PTEN gene transcription; Amino acids regulate mTORC1; Dengue virus modulates apoptosis,https://reactome.org/content/detail/R-HSA-1632852,Human pathway mapping returned,Reactome pathway membership of the mapped human protein.
RPTOR,Q8N122,R-HSA-165159,MTOR signalling,Pathway,Inhibition of TSC complex formation by AKT (PKB); GTP loading by Rheb; Rag dimer formation; Formation of Ragulator complex; Ragulator binds Rag dimers; SLC38A9 binds Ragulator:Rag dimers; SLC38A9 transports L-Arg from lysosomal lumen to cytosol; Ragulator:Rag dimers:SLC38A9 bind mTORC1; Formation of active mTORC1 complex; miR-142-3p RISC binds AKT1S1 mRNA; AKT1S1 mRNA translation is inhibited by miR-142-3p; miR-142-3p expression is inhibited by mTORC1; AKT1S1 (PRAS40) binds mTORC1; Activated AKT phosphorylates AKT1S1 (PRAS40); Phosphorylated AKT1S1 binds YWHAB; mTORC1 phosphorylates AKT1S1; PGK1 phosphorylates AKT1S1; mTORC1-mediated signalling; Energy dependent regulation of mTOR by LKB1-AMPK,"Mammalian target of rapamycin (mTOR) is a highly conserved serine/threonine kinase that regulates cell growth and division in response to energy levels, growth signals, and nutrients (Zoncu et al. 2011). Control of mTOR activity is critical for the cell since its dysregulation leads to cancer, metabolic disease, and diabetes (Laplante & Sabatini 2012). In cells, mTOR exists as two structurally distinct complexes termed mTOR complex 1 (mTORC1) and mTOR complex 2 (mTORC2), each one with specificity for different sets of effectors (reviewed in Jhanwar-Uniyal et al. 2019). mTORC1 couples energy and nutrient abundance to cell growth and proliferation by balancing anabolic (protein synthesis and nutrient storage) and catabolic (autophagy and utilization of energy stores) processes. mTORC2 is responsive to growth factor signaling (reviewed in Jhanwar-Uniyal et al. 2019). mTORC1 and mTORC2 cross-talk through AKT and S6K (reviewed in Jhanwar-Uniyal et al. 2019). Rapamycin, the inhibitor of mTOR, inhibits only mTORC1, as the RICTOR subunit of mTORC2 masks the rapamycin-interacting domain of MTOR in mTORC2 (reviewed in Simcox and Lamming 2023).",9,Macroautophagy; MTOR signalling; mTORC1-mediated signalling; HSF1-dependent transactivation; Energy dependent regulation of mTOR by LKB1-AMPK; TP53 Regulates Metabolic Genes; Regulation of PTEN gene transcription; Amino acids regulate mTORC1; Dengue virus modulates apoptosis,https://reactome.org/content/detail/R-HSA-165159,Human pathway mapping returned,Reactome pathway membership of the mapped human protein.
RPTOR,Q8N122,R-HSA-166208,mTORC1-mediated signalling,Pathway,mTORC1 phosphorylation of RPS6KB1 (S6K); Phosphorylation of Ribosomal protein S6 by activated S6K1; Phosphorylation and inactivation of eEF2K by activated S6K1; Phosphorylation and activation of eIF4G by activated S6K1; Phosphorylation and activation of eIF4B by activated S6K1; FKBP1A binds sirolimus; Phosphorylation of 4E-BP1 by activated mTORC1; Dissociation of phosphorylated 4EBP1 from eIF4E,"mTORC1 integrates four major signals – growth factors, energy status, oxygen and amino acids – to regulate many processes that are involved in the promotion of cell growth. Growth factors stimulate mTORC1 through the activation of the canonical insulin and Ras signaling pathways. The energy status of the cell is signaled to mTORC1 through AMP-activated protein kinase (AMPK), a key sensor of intracellular energy status (Hardie 2007). Energy depletion (low ATP:ADP ratio) activates AMPK which phosphorylates TSC2, increasing its GAP activity towards Rheb which reduces mTORC1 activation (Inoki et al. 2003). AMPK can reduce mTORC1 activity by directly phosphorylating Raptor (Gwinn et al. 2008). Amino acids positively regulate mTORC1 (reviewed by Guertin & Sabatini 2007). In the presence of amino acids, Rag proteins bind Raptor to promote the relocalization of mTORC1 from the cytoplasm to lysosomal membranes (Puertollano 2014) where it is activated by Rheb (Saucedo et al. 2003, Stocker et al. 2003). Translocation of mTOR to the lysosome requires active Rag GTPases and a complex known as Ragulator, a pentameric protein complex that anchors the Rag GTPases to lysosomes (Sancak et al. 2008, 2010, Bar-Peled et al. 2012). Rag proteins function as heterodimers, consisting of GTP-bound RagA or RagB complexed with GDP-bound RagC or RagD. Amino acids may trigger the GTP loading of RagA/B, thereby promoting binding to raptor and assembly of an activated mTORC1 complex, though a recent study suggested that the activation of mTORC1 is not dependent on Rag GTP charging (Oshiro et al. 2014). 

The activity of Rheb is regulated by a complex consisting of tuberous sclerosis complex 1 (TSC1), TSC2, and TBC1 domain family member 7 (TBC1D7) (Huang et al. 2008, Dibble et al. 2012). This complex localizes to lysosomes and functions as a GTPase-activating protein (GAP) that inhibits the activity of Rheb (Menon et al. 2014, Demetriades et al. 2014). In the presence of growth factors or insulin, TSC releases its inhibitory activity on Rheb, thus allowing the activation of mTORC1.",9,Macroautophagy; MTOR signalling; mTORC1-mediated signalling; HSF1-dependent transactivation; Energy dependent regulation of mTOR by LKB1-AMPK; TP53 Regulates Metabolic Genes; Regulation of PTEN gene transcription; Amino acids regulate mTORC1; Dengue virus modulates apoptosis,https://reactome.org/content/detail/R-HSA-166208,Human pathway mapping returned,Reactome pathway membership of the mapped human protein.
RPTOR,Q8N122,R-HSA-3371571,HSF1-dependent transactivation,Pathway,Phosphorylation of HSF1 at Ser326 induces transactivation; Phosphorylation of HSF1 at Ser230 induces transactivation; HSF1-mediated gene expression; Attenuation phase,"Acquisition of DNA binding activity by HSF1 is necessary but insufficient for transcriptional activation (Cotto JJ et al. 1996; Trinklein ND et al. 2004). In addition to having a sequence-specific DNA binding domain, HSF1 contains a C-terminal region which is involved in activating the transcription of the target genes (Green M et al. 1995). However, the transactivating ability of the transactivation domain itself is not stress sensitive. Rather, it's controled by a regulatory domain of HSF1 (amino acids 221-310), which represses the transactivating ability under normal physiological  conditions (Green M et al. 1995; Zuo J et al. 1995; Newton EM et al. 1996). The HSF1 transactivation domain can be divided into two distinct regions, activation domain 1 (AD1) and activation domain 2 (AD2) (Brown SA et al. 1998). AD1 and AD2 each contain residues that are important for both transcriptional initiation and elongation. Mutations in acidic residues in both AD1 and AD2 preferentially affect the ability of HSF1 to stimulate transcriptional initiation, while mutations in phenylalanine residues preferentially affect stimulation of elongation (Brown SA et al. 1998). <p>Activation of the DNA-bound but transcriptionally incompetent HSF1 is thought to occur upon stress induced HSF1 phosphorylation at several serine residues (Ding XZ et al. 1997; Holmberg CI et al. 2001; Guettouche T et al. 2005). In cells exposed to heat, acquisition of HSE DNA-binding activity was observed to precede phosphorylation of HSF1 (Cotto JJ et al. 1996; Kline MP & Morimoto RI 1997). While there is a sufficient evidence to suggest that phosphorylation of HSF1 is essential to modulate HSF1 transactiviting capacity, mechanisms behind stress stimuli and kinases/phosphatases involved have not been clearly established.",9,Macroautophagy; MTOR signalling; mTORC1-mediated signalling; HSF1-dependent transactivation; Energy dependent regulation of mTOR by LKB1-AMPK; TP53 Regulates Metabolic Genes; Regulation of PTEN gene transcription; Amino acids regulate mTORC1; Dengue virus modulates apoptosis,https://reactome.org/content/detail/R-HSA-3371571,Human pathway mapping returned,Reactome pathway membership of the mapped human protein.
RPTOR,Q8N122,R-HSA-380972,Energy dependent regulation of mTOR by LKB1-AMPK,Pathway,LKB1 forms a trimeric complex with STRAD and MO25; Activation of cytosolic AMPK by phosphorylation; AMPK is dephosphorylated; Phosphorylated AMPK binds AMP; AMPK phosphorylates Raptor in the mTORC1 complex; p-AMPK phosphorylates TSC1:TSC2; RHEB in mTORC1:RHEB:GTP hydrolyses GTP,"Upon formation of a trimeric LKB1:STRAD:MO25 complex, LKB1 phosphorylates and activates AMPK. This phosphorylation is immediately removed in basal conditions by PP2C, but if the cellular AMP:ATP ratio rises, this activation is maintained, as AMP binding by AMPK inhibits the dephosphorylation. AMPK then activates the TSC complex by phosphorylating TSC2. Active TSC activates the intrinsic GTPase activity of Rheb, resulting in GDP-loaded Rheb and inhibition of mTOR pathway.",9,Macroautophagy; MTOR signalling; mTORC1-mediated signalling; HSF1-dependent transactivation; Energy dependent regulation of mTOR by LKB1-AMPK; TP53 Regulates Metabolic Genes; Regulation of PTEN gene transcription; Amino acids regulate mTORC1; Dengue virus modulates apoptosis,https://reactome.org/content/detail/R-HSA-380972,Human pathway mapping returned,Reactome pathway membership of the mapped human protein.
RPTOR,Q8N122,R-HSA-5628897,TP53 Regulates Metabolic Genes,Pathway,"TP53 binds the TIGAR gene; TP53 stimulates TIGAR expression; TIGAR converts D-fructose-2,6-bisphosphate to D-fructose 6-phosphate; GPI dimer isomerizes Fru(6)P to G6P; G6PD multimers dehydrogenate G6P; glutathione (oxidized) + NADPH + H+ => 2 glutathione (reduced) + NADP+; GPX2 catalyzes 2 glutathione, reduced + H2O2 => glutathione, oxidized + 2 H2O; TP53 binds the PTEN promoter; PTEN gene transcription is stimulated by TP53; miR-26A microRNAs bind PTEN mRNA; PTEN mRNA translation negatively regulated by microRNAs; TP53 binds regulatory elements of SESN1,2,3 genes; TP53 stimulates expression of SESN1,2,3 genes; PRDX1,2,5 catalyze TXN reduced + H2O2 => TXN oxidized + 2H2O; Regeneration of active (reduced) Thioredoxin; PRDX1 overoxidizes; SESN1,2,3 bind overoxidized PRDX1; p-AMPK phosphorylates TSC1:TSC2; RHEB in mTORC1:RHEB:GTP hydrolyses GTP; SESN1,2,3 bind AMPK; TP63/TP53 bind the DDIT4 gene promoter; TP63/TP53 stimulates transcription of DDIT4 gene; Formation of TSC1:TSC2 complex; AKT phosphorylates TSC2, inhibiting it; p-S939,T1462-TSC2 binding to 14-3-3 dimer is negatively regulated by DDIT4; DDIT4 binds 14-3-3 dimer; TP53 binds the SCO2 gene; TP53 stimulates SCO2 gene transcription; Electron transfer from reduced cytochrome c to molecular oxygen; TP53 binds the RRM2B gene; TP53 stimulates transcription of RRM2B gene; TP53 binds the GLS2 promoter; TP53 stimulates GLS2 transcription; glutamine + H2O => glutamate + NH4+ (GLS)","While the p53 tumor suppressor protein (TP53) is known to inhibit cell growth by inducing apoptosis, senescence and cell cycle arrest, recent studies have found that p53 is also able to influence cell metabolism to prevent tumor development. TP53 regulates transcription of many genes involved in the metabolism of carbohydrates, nucleotides and amino acids, protein synthesis and aerobic respiration.<p>TP53 stimulates transcription of TIGAR, a D-fructose 2,6-bisphosphatase. TIGAR activity decreases glycolytic rate and lowers ROS (reactive oxygen species) levels in cells (Bensaad et al. 2006). TP53 may also negatively regulate the rate of glycolysis by inhibiting the expression of glucose transporters GLUT1, GLUT3 and GLUT4 (Kondoh et al. 2005, Schwartzenberg-Bar-Yoseph et al. 2004, Kawauchi et al. 2008).<p>TP53 negatively regulates several key points in PI3K/AKT signaling and downstream mTOR signaling, decreasing the rate of protein synthesis and, hence, cellular growth. TP53 directly stimulates transcription of the tumor suppressor PTEN, which acts to inhibit PI3K-mediated activation of AKT (Stambolic et al. 2001). TP53 stimulates transcription of sestrin genes, SESN1, SESN2, and SESN3 (Velasco-Miguel et al. 1999, Budanov et al. 2002, Brynczka et al. 2007). One of sestrin functions may be to reduce and reactivate overoxidized peroxiredoxin PRDX1, thereby reducing ROS levels (Budanov et al. 2004, Papadia et al. 2008, Essler et al. 2009). Another function of sestrins is to bind the activated AMPK complex and protect it from AKT-mediated inactivation. By enhancing AMPK activity, sestrins negatively regulate mTOR signaling (Budanov and Karin 2008, Cam et al. 2014). The expression of DDIT4 (REDD1), another negative regulator of mTOR signaling, is directly stimulated by TP63 and TP53. DDIT4 prevents AKT-mediated inactivation of TSC1:TSC2 complex, thus inhibiting mTOR cascade (Cam et al. 2014, Ellisen et al. 2002, DeYoung et al. 2008). TP53 may also be involved, directly or indirectly, in regulation of expression of other participants of PI3K/AKT/mTOR signaling, such as PIK3CA (Singh et al. 2002), TSC2 and AMPKB (Feng et al. 2007). <p>TP53 regulates mitochondrial metabolism through several routes. TP53 stimulates transcription of SCO2 gene, which encodes a mitochondrial cytochrome c oxidase assembly protein (Matoba et al. 2006). TP53 stimulates transcription of RRM2B gene, which encodes a subunit of the ribonucleotide reductase complex, responsible for the conversion of ribonucleotides to deoxyribonucleotides and essential for the maintenance of mitochondrial DNA content in the cell (Tanaka et al. 2000, Bourdon et al. 2007, Kulawiec et al. 2009). TP53 also transactivates mitochondrial transcription factor A (TFAM), a nuclear-encoded gene important for mitochondrial DNA (mtDNA) transcription and maintenance (Park et al. 2009). Finally, TP53 stimulates transcription of the mitochondrial glutaminase GLS2, leading to increased mitochondrial respiration rate and reduced ROS levels (Hu et al. 2010). <p>The great majority of tumor cells generate energy through aerobic glycolysis, rather than the much more efficient aerobic mitochondrial respiration, and this metabolic change is known as the Warburg effect (Warburg 1956). Since the majority of tumor cells have impaired TP53 function, and TP53 regulates a number of genes involved in glycolysis and mitochondrial respiration, it is likely that TP53 inactivation plays an important role in the metabolic derangement of cancer cells such as the Warburg effect and the concomitant increased tumorigenicity (reviewed by Feng and Levine 2010). On the other hand, some mutations of TP53 in Li-Fraumeni syndrome may result in the retention of its wild-type metabolic activities while losing cell cycle and apoptosis functions (Wang et al. 2013). Consistent with such human data, some mutations of p53, unlike p53 null state, retain the ability to regulate energy metabolism while being inactive in regulating its classic gene targets involved in cell cycle, apoptosis and senescence. Retention of metabolic and antioxidant functions of p53 protects p53 mutant mice from early onset tumorigenesis (Li et al. 2012).",9,Macroautophagy; MTOR signalling; mTORC1-mediated signalling; HSF1-dependent transactivation; Energy dependent regulation of mTOR by LKB1-AMPK; TP53 Regulates Metabolic Genes; Regulation of PTEN gene transcription; Amino acids regulate mTORC1; Dengue virus modulates apoptosis,https://reactome.org/content/detail/R-HSA-5628897,Human pathway mapping returned,Reactome pathway membership of the mapped human protein.
RPTOR,Q8N122,R-HSA-8943724,Regulation of PTEN gene transcription,Pathway,"TP53 binds the PTEN promoter; EGR1 binds the PTEN gene promoter; Activated PPARG binds PTEN gene promoter; NR2E1 associated with transcription repressors binds PTEN promoter; SALL4 binds the PTEN gene promoter; SALL4 recruits NuRD to PTEN gene; MECOM (EVI1) binds the PTEN gene promoter; MECOM (EVI1) recruits polycomb repressor complexes (PRCs) to the PTEN gene promoter; SNAI1,SNAI2 bind the PTEN gene promoter; JUN binds the PTEN gene promoter; p-T69,T71-ATF2 binds PTEN gene promoter; mTORC1 phosphorylates MAF1; MAF1 translocates to the nucleus; MAF1 binds the PTEN gene promoter; PTEN gene transcription is stimulated by TP53, EGR1, PPARG, ATF2, MAF1, and inhibited by NR2E1, SALL4, MECOM, SNAI1, SNAI2, JUN","Transcription of the PTEN gene is regulated at multiple levels. Epigenetic repression involves the recruitment of Mi-2/NuRD upon SALL4 binding to the PTEN promoter (Yang et al. 2008, Lu et al. 2009) or EVI1-mediated recruitment of the polycomb repressor complex (PRC) to the PTEN promoter (Song et al. 2009, Yoshimi et al. 2011). Transcriptional regulation is also elicited by negative regulators, including NR2E1:ATN1 (atrophin-1) complex, JUN (c-Jun), SNAIL and SLUG (Zhang et al. 2006, Vasudevan et al. 2007, Escriva et al. 2008, Uygur et al. 2015) and positive regulators such as TP53 (p53), MAF1, ATF2, EGR1 or PPARG (Stambolic et al. 2001, Virolle et al. 2001, Patel et al. 2001, Shen et al. 2006, Li et al. 2016).",9,Macroautophagy; MTOR signalling; mTORC1-mediated signalling; HSF1-dependent transactivation; Energy dependent regulation of mTOR by LKB1-AMPK; TP53 Regulates Metabolic Genes; Regulation of PTEN gene transcription; Amino acids regulate mTORC1; Dengue virus modulates apoptosis,https://reactome.org/content/detail/R-HSA-8943724,Human pathway mapping returned,Reactome pathway membership of the mapped human protein.
RPTOR,Q8N122,R-HSA-9639288,Amino acids regulate mTORC1,Pathway,"SESN1,2 binds L-leucine and dissociates from GATOR2; CASTOR1 in CASTOR1:CASTOR2 binds L-arginine and dissociates from GATOR2; CASTOR1 homodimer binds L-arginine and dissociates from GATOR2; BMT2 (SAMTOR) binds S-adenosylmethionine and dissociates from KICSTOR:GATOR1; RRAGC,D exchanges GTP for GDP; RRAGC,D hydrolyzes GTP; v-ATPase:Ragulator:RagA,B:GDP:RagC,D:GDP binds SLC38A9:Arginine; RRAGA,B exchanges GDP for GTP; v-ATPase:Ragulator:RRAGA,B:GTP:RRAGC,D:GDP:SLC38A9:Arginine dissociates yielding v-ATPase:Ragulator:RRAGA,B:GTP:RRAGC,D:GDP and SLC38A9:Arginine; v-ATPase:Ragulator:RRAGA,B:GTP:RRAGC,D:GDP binds mTORC1; mTORC1 binds RHEB:GTP; RRAGA,B hydrolyzes GTP","The mTORC1 complex acts as an integrator that regulates translation, lipid synthesis, autophagy, and cell growth in response to multiple inputs, notably glucose, oxygen, amino acids, and growth factors such as insulin (reviewed in Sabatini 2017, Meng et al. 2018, Kim and Guan 2019).<br>MTOR, the kinase subunit of mTORC1, is activated by interaction with RHEB:GTP at the cytosolic face of lysosomal membrane (Long et al. 2005, Tee et al. 2005, Long et al. 2007, Yang et al. 2017). Recruitment of mTORC1 to the lysosomal membrane is intricate and incompletely understood. At the center of the system is a complex of two small GTPases, the Rag heterodimer (RRAGA or RRAGB bound to RRAGC or RRAGD). The Rag heterodimer is tethered to the membrane by the Ragulator complex, which also binds the v-ATPase complex. The Rag heterodimer acts as a cross-regulating switch, with the binding of GTP by one subunit inhibiting the exchange of GDP for GTP by the other subunit (Shen et al. 2017). The active conformation of the Rag heterodimer that recruits mTORC1 to the lysosomal membrane is RRAGA,B:GTP:RRAGC,D:GDP while the inactive conformation, RRAGA,B:GDP:RRAGC,D:GTP, releases mTORC1 (Sancak et al. 2008, Kim et al. 2008, Sancak et al. 2010, Lawrence et al. 2018). GTPase activating proteins (GAPs) and guanyl nucleotide exchange factors (GEFs) acting upon the Rag heterodimer thereby regulate recruitment of mTORC1. RHEB:GTP at the lysosomal membrane also binds mTORC1 and directly activates mTORC1. During inactivation of mTORC1 in response to removal of amino acids, the TSC complex, a GAP for RHEB, is required in addition to the inactive Rag complex to release mTORC1 from RHEB and hence fully release mTORC1 from the lysosomal membrane (Demetriades et al. 2014).<br>Amino acids regulate recruitment of mTORC1 to the lysosomal membrane by at least 4 mechanisms (reviewed in Zhuang et al. 2019, Wolfson and Sabatini 2017, Yao et al. 2017). 1) Sestrin1 (SESN1) or Sestrin2 (SESN2) binds leucine and the Sestrin1,2:leucine complex is then released from the GATOR2 complex, allowing GATOR2 to positively regulate mTORC1 activation (Chantranupong et al. 2014, Parmigiani et al. 2014, Kim et al. 2015, Wolfson et al. 2016, Saxton et al. 2016). 2) CASTOR1 in a homodimer or a heterodimer with CASTOR2 binds arginine and the CASTOR1:arginine complex is likewise released from GATOR2, allowing GATOR2 to activate mTORC1 (Chantranupong et al. 2016, Saxton et al. 2016, Gai et al. 2016, Xia et al. 2016). 3) BMT2 (SAMTOR), a negative regulator of mTORC1 activation, binds S-adenosylmethionine (SAM), a derivative of methionine (Gu et al. 2017). The binding of SAM causes BMT2 to dissociate from GATOR1, allowing the activation of mTORC1. 4) The amino acid transporter SLC38A9 binds arginine and SLC38A9 then acts as a GEF to convert RRAGA,B:GDP to the active form, RRAGA,B:GTP (Rebsamen et al. 2015, Wang et al. 2015, Wyant et al. 2017, Shen and Sabatini 2018). Amino acid starvation also regulates the assembly of the V0 and V1 subunits of v-ATPase by an uncharacterized mechanism (Stransky and Forgac 2015) and v-ATPase is required for activation of mTORC1 by amino acids (Zoncu et al. 2011). Glutamine activates mTORC1 by a mechanism that is independent of the Rag GTPases, requires ARF1, but is not yet fully elucidated (Jewell et al. 2015).",9,Macroautophagy; MTOR signalling; mTORC1-mediated signalling; HSF1-dependent transactivation; Energy dependent regulation of mTOR by LKB1-AMPK; TP53 Regulates Metabolic Genes; Regulation of PTEN gene transcription; Amino acids regulate mTORC1; Dengue virus modulates apoptosis,https://reactome.org/content/detail/R-HSA-9639288,Human pathway mapping returned,Reactome pathway membership of the mapped human protein.
RPTOR,Q8N122,R-HSA-9920951,Dengue virus modulates apoptosis,Pathway,"C binds DAXX; NS5 binds DAXX; NS2B3 binds NFKBIA; NS2B3 binds NFKBIB; NS1 binds Beclin-1; NS1 binds TAO1; NS2B3 cleaves FAM134B; NS3 binds RIPK1; NS5 binds mTORC1,2","Apoptosis of cells during Dengue virus infection facilitates virus proliferation and enhances hemorrhagic fever (DHF) and shock syndrome. Apoptosis was demonstrated in liver, brain, intestinal and lung tissues (Limonta et al., 2007). It is known that the C protein and the NS2B:NS3 complex enhance apoptosis by binding to host factors. On the other hand, early apoptosis of an infected cell is inhibited by NS1, through maintaining autophagy, to allow replication and assembly (Lu et al., 2020; reviewed in Amara & Mercer, 2015).",9,Macroautophagy; MTOR signalling; mTORC1-mediated signalling; HSF1-dependent transactivation; Energy dependent regulation of mTOR by LKB1-AMPK; TP53 Regulates Metabolic Genes; Regulation of PTEN gene transcription; Amino acids regulate mTORC1; Dengue virus modulates apoptosis,https://reactome.org/content/detail/R-HSA-9920951,Human pathway mapping returned,Reactome pathway membership of the mapped human protein.
KCTD15,Q96SI1,R-HSA-8866904,Negative regulation of activity of TFAP2 (AP-2) family transcription factors,Pathway,WWOX binds TFAP2C; KCTD1 binds TFAP2 homo- and heterodimers; KCTD15 binds TFAP2 homo- and heterodimers; SUMOylation of TFAP2A with SUMO1; SUMOylation of TFAP2B with SUMO1; SUMOylation of TFAP2C with SUMO1,"Transcriptional activity of TFAP2 (AP-2) transcription factor family homo- and heterodimers in inhibited by binding of KCTD1 or KCTD15 to the AP-2 transactivation domain (Ding et al. 2009, Zarelli and Dawid 2013). Transcriptional activity of TFAP2A, TFAP2B and TFAP2C is also negatively regulated by SUMOylation mediated by UBE2I (UBC9) (Eloranta and Hurst 2002, Berlato et al. 2011, Impens et al. 2014, Bogachek et al. 2014). Binding of the tumor suppressor WWOX to TFAP2C inhibits TFAP2C translocation to the nucleus (Aqeilan et al. 2004). Transcription of the TFAP2A gene may be inhibited by CREB and E2F1 (Melnikova et al. 2010).",1,Negative regulation of activity of TFAP2 (AP-2) family transcription factors,https://reactome.org/content/detail/R-HSA-8866904,Human pathway mapping returned,Reactome pathway membership of the mapped human protein.
DPP9,Q86TI2,,,,,,0,,https://reactome.org/ContentService/data/mapping/UniProt/Q86TI2/pathways,No human pathway mapping returned,Reactome pathway membership of the mapped human protein.
GNPDA2,Q8TDQ7,R-HSA-70171,Glycolysis,Pathway,"Regulation of Glucokinase by Glucokinase Regulatory Protein; HK1,2,3,GCK,HKDC1 phosphorylate Glc to form G6P; ADPGK:Mg2+ phosphorylates Glc to G6P; GPI dimer isomerizes G6P; GNPDA1,2 hexamers deaminate GlcN6P to Fru(6)P; Regulation of glycolysis by fructose 2,6-bisphosphate metabolism; PFK tetramer phosphorylates Fru(6)P; Aldolase tetramer cleaves F1,6PP; TPI1 dimer isomerizes DHAP to GA3P; GADPH tetramer dehydrogenates GA3P; BPGM dimer isomerises 1,3BPG to 2,3BPG; PGM2L1:Mg2+ phosphorylates G6P to G1,6BP; PGK complexes dephosphorylate 1,3BPG; PGAM dimers isomerise 3PG to 2PG; Enolase dimers dehydrates 2PG; Pyruvate kinase dephosphorylates PEP to PYR","The reactions of glycolysis (e.g., van Wijk and van Solinge 2005) convert glucose 6-phosphate to pyruvate. The entire process is cytosolic. Glucose 6-phosphate is reversibly isomerized to form fructose 6-phosphate. Phosphofructokinase 1 catalyzes the physiologically irreversible phosphorylation of fructose 6-phosphate to form fructose 1,6-bisphosphate. In six reversible reactions, fructose 1,6-bisphosphate is converted to two molecules of phosphoenolpyruvate and two molecules of NAD+ are reduced to NADH + H+. Each molecule of phosphoenolpyruvate reacts with ADP to form ATP and pyruvate in a physiologically irreversible reaction. Under aerobic conditions the NADH +H+ can be reoxidized to NAD+ via electron transport to yield additional ATP, while under anaerobic conditions or in cells lacking mitochondria NAD+ can be regenerated via the reduction of pyruvate to lactate.",1,Glycolysis,https://reactome.org/content/detail/R-HSA-70171,Human pathway mapping returned,Reactome pathway membership of the mapped human protein.
ADCY9,O60503,R-HSA-163359,Glucagon signaling in metabolic regulation,Pathway,Glucagon binds to Glucagon receptor; Glucagon:GCGR mediates GTP-GDP exchange; G(s):GTP activates Adenylyl cyclase; G alpha (s) activates adenylate cyclase; PKA activation in glucagon signalling,"Glucagon and insulin are peptide hormones released from the pancreas into the blood, that normally act in complementary fashion to stabilize blood glucose concentration. When blood glucose levels rise, insulin release stimulates glucose uptake from the blood, glucose breakdown (glycolysis), and glucose storage as glycogen. When blood glucose levels fall, glucagon release stimulates glycogen breakdown and de novo glucose synthesis (gluconeogenesis), while inhibiting glycolysis and glycogen synthesis.<br>At a molecular level, the binding of glucagon to the extracellular face of its receptor causes conformational changes in the receptor that allow the dissociation and activation of subunits Gs and Gq. The activation of Gq leads to the activation of phospholipase C, production of inositol 1,4,5-triphosphate, and subsequent release of intracellular calcium. The activation of Gs leads to activation of adenylate cyclase, an increase in intracellular cAMP levels, and activation of protein kinase A (PKA). Active PKA phosphorylates key enzymes of glycogenolysis, glycogenesis, gluconeogenesis, and glycolysis, modifying their activities. These signal transduction events, and some of their downstream consequences, are illustrated below (adapted from Jiang and Zhang, 2003).",14,Glucagon signaling in metabolic regulation; PKA activation; PKA activation in glucagon signalling; Adenylate cyclase activating pathway; Adenylate cyclase inhibitory pathway; G alpha (s) signalling events; G alpha (i) signalling events; G alpha (z) signalling events; Vasopressin regulates renal water homeostasis via Aquaporins; Hedgehog 'off' state; GPER1 signaling; ADORA2B mediated anti-inflammatory cytokines production; FCGR3A-mediated IL10 synthesis; High laminar flow shear stress activates signaling by PIEZO1 and PECAM1:CDH5:KDR in endothelial cells,https://reactome.org/content/detail/R-HSA-163359,Human pathway mapping returned,Reactome pathway membership of the mapped human protein.
ADCY9,O60503,R-HSA-163615,PKA activation,Pathway,Adenylate cyclase produces cAMP; cAMP binds PKA tetramer; cAMP induces dissociation of inactive PKA tetramers; NBEA binds PRKAR2A,"A number of inactive tetrameric PKA holoenzymes are produced by the combination of homo- or heterodimers of the different regulatory subunits associated with two catalytic subunits. When cAMP binds to two specific binding sites on the regulatory subunits, these undergo a conformational change that causes the dissociation of a dimer of regulatory subunits bound to four cAMP from two monomeric, catalytically active PKA subunits.",14,Glucagon signaling in metabolic regulation; PKA activation; PKA activation in glucagon signalling; Adenylate cyclase activating pathway; Adenylate cyclase inhibitory pathway; G alpha (s) signalling events; G alpha (i) signalling events; G alpha (z) signalling events; Vasopressin regulates renal water homeostasis via Aquaporins; Hedgehog 'off' state; GPER1 signaling; ADORA2B mediated anti-inflammatory cytokines production; FCGR3A-mediated IL10 synthesis; High laminar flow shear stress activates signaling by PIEZO1 and PECAM1:CDH5:KDR in endothelial cells,https://reactome.org/content/detail/R-HSA-163615,Human pathway mapping returned,Reactome pathway membership of the mapped human protein.
ADCY9,O60503,R-HSA-164378,PKA activation in glucagon signalling,Pathway,Activated Adenylate cyclase catalyses cAMP synthesis; cAMP induces dissociation of inactive PKA tetramers,"Adenylate cyclase catalyses the synthesis of cyclic AMP (cAMP) from ATP. In the absence of cAMP, protein kinase A (PKA) exists as inactive tetramers of two catalytic subunits and two regulatory subunits. cAMP binding to PKA tetramers causes them to dissociate and release their catalytic subunits as active monomers. Four isoforms of the regulatory subunit are known, that differ in their tissue specificity and functional characteristics, but the specific isoform activated in response to glucagon signaling has not yet been identified.",14,Glucagon signaling in metabolic regulation; PKA activation; PKA activation in glucagon signalling; Adenylate cyclase activating pathway; Adenylate cyclase inhibitory pathway; G alpha (s) signalling events; G alpha (i) signalling events; G alpha (z) signalling events; Vasopressin regulates renal water homeostasis via Aquaporins; Hedgehog 'off' state; GPER1 signaling; ADORA2B mediated anti-inflammatory cytokines production; FCGR3A-mediated IL10 synthesis; High laminar flow shear stress activates signaling by PIEZO1 and PECAM1:CDH5:KDR in endothelial cells,https://reactome.org/content/detail/R-HSA-164378,Human pathway mapping returned,Reactome pathway membership of the mapped human protein.
ADCY9,O60503,R-HSA-170660,Adenylate cyclase activating pathway,Pathway,Galpha-olf:GTP binds to adenylate cyclase and activates it; Adenylate cyclase converts ATP into cyclic AMP; Adenylaye cyclase increases the GTPase activity of G alpha-olf; The G alpha-olf:GDP:Adenylate cyclase complex dissociates,"Stimulatory G proteins activate adenylate cyclase, which drives the conversion of cAMP from ATP and in turn activates cAMP-dependent protein kinase and subsequent kinase pathways.",14,Glucagon signaling in metabolic regulation; PKA activation; PKA activation in glucagon signalling; Adenylate cyclase activating pathway; Adenylate cyclase inhibitory pathway; G alpha (s) signalling events; G alpha (i) signalling events; G alpha (z) signalling events; Vasopressin regulates renal water homeostasis via Aquaporins; Hedgehog 'off' state; GPER1 signaling; ADORA2B mediated anti-inflammatory cytokines production; FCGR3A-mediated IL10 synthesis; High laminar flow shear stress activates signaling by PIEZO1 and PECAM1:CDH5:KDR in endothelial cells,https://reactome.org/content/detail/R-HSA-170660,Human pathway mapping returned,Reactome pathway membership of the mapped human protein.
ADCY9,O60503,R-HSA-170670,Adenylate cyclase inhibitory pathway,Pathway,G alpha (i) inhibits adenylate cyclase; G alpha-olf:GTP binds to Gi alpha1:GTP:adenylate cyclase complex; Adenylate cyclase increases the GTPase activity of G alpha-olf; Adenylate cyclase increases the GTPase activity of Gi alpha; Dissociation of the Gi alpha:G olf complex,"Guanine nucleotide-binding protein G(i) alpha (Gi-alpha) inhibits adenylate cyclase, thus inhibiting the production of cAMP from ATP and ultimately decreasing the activity of cAMP-dependent protein kinase.",14,Glucagon signaling in metabolic regulation; PKA activation; PKA activation in glucagon signalling; Adenylate cyclase activating pathway; Adenylate cyclase inhibitory pathway; G alpha (s) signalling events; G alpha (i) signalling events; G alpha (z) signalling events; Vasopressin regulates renal water homeostasis via Aquaporins; Hedgehog 'off' state; GPER1 signaling; ADORA2B mediated anti-inflammatory cytokines production; FCGR3A-mediated IL10 synthesis; High laminar flow shear stress activates signaling by PIEZO1 and PECAM1:CDH5:KDR in endothelial cells,https://reactome.org/content/detail/R-HSA-170670,Human pathway mapping returned,Reactome pathway membership of the mapped human protein.
ADCY9,O60503,R-HSA-418555,G alpha (s) signalling events,Pathway,"Liganded Gs-activating GPCRs bind inactive heterotrimeric Gs; Liganded Gs-activating GPCR acts as a GEF for Gs; The Ligand:GPCR:Gs complex dissociates; G alpha (s) activates adenylate cyclase; Adenylate cyclase converts ATP to 3',5'-cyclic AMP (cAMP) and pyrophosphate; cAMP degradation by Phosphodiesterases; PDE4A hydrolyses cAMP to AMP; PDE4A binds PDE4A inhibitors; PDE3A hydrolyses cAMP to AMP; PDE3B hydrolyses cAMP to AMP; PDE3A inhibitors bind PDE3A; G alpha (s) auto-inactivates by hydrolysing GTP to GDP; Inactive G alpha (s) reassociates with G beta:gamma; ADRB2 in ADRB2:GRK complex is phosphorylated; ADRB2:Catecholamine binds ARRB1, ARRB2; G protein alpha (s):GTP binds SRC; G alpha (s):GTP:SRC catalyzes SRC to p-Y419-SRC; G alpha (s):GTP:SRC dissociates; GRKs bind ADRB2:Catecholamine; ADRB2:GRK complex dissociates to Phosphorylated ADRB2; GPER1 signaling","The general function of the G alpha (s) subunit (Gs) is to activate adenylate cyclase (Tesmer et al. 1997), which in turn produces cAMP, leading to the activation of cAMP-dependent protein kinases (often referred to collectively as Protein Kinase A). The signal from the ligand-stimulated GPCR is amplified because the receptor can activate several Gs heterotrimers before it is inactivated. Another downstream effector of G alpha (s) is the protein tyrosine kinase c-Src (Ma et al. 2000).",14,Glucagon signaling in metabolic regulation; PKA activation; PKA activation in glucagon signalling; Adenylate cyclase activating pathway; Adenylate cyclase inhibitory pathway; G alpha (s) signalling events; G alpha (i) signalling events; G alpha (z) signalling events; Vasopressin regulates renal water homeostasis via Aquaporins; Hedgehog 'off' state; GPER1 signaling; ADORA2B mediated anti-inflammatory cytokines production; FCGR3A-mediated IL10 synthesis; High laminar flow shear stress activates signaling by PIEZO1 and PECAM1:CDH5:KDR in endothelial cells,https://reactome.org/content/detail/R-HSA-418555,Human pathway mapping returned,Reactome pathway membership of the mapped human protein.
ADCY9,O60503,R-HSA-418594,G alpha (i) signalling events,Pathway,"Liganded Gi-activating GPCRs bind inactive heterotrimeric G-protein Gi; Liganded Gi-activating GPCR acts as a GEF for Gi; The Ligand:GPCR:Gi complex dissociates; G alpha (i) inhibits adenylate cyclase; Adenylate cyclase converts ATP to 3',5'-cyclic AMP (cAMP) and pyrophosphate; Opsins act as GEFs for G alpha-t; G alpha (i) auto-inactivates by hydrolysing GTP to GDP; Inactive G alpha (i) reassociates with G beta:gamma; G alpha (i):GTP binds SRC; G protein alpha (i)-SRC complex catalyzes SRC to p-Y419-SRC; G protein alpha (i)-SRC complex dissociates to G protein alpha (i) and Active SRC; Active G alpha (i)–i1/i2/i3 binds RGS proteins; G alpha (i)–i1/i2/i3 in G (i):RGS complex is inactivated; G alpha (i):RGS dissociates to inactive G alpha (i)–i1/i2/i3; Opsins binds G alpha-t; G-alpha(t):G-beta-gamma:Opsins complex dissociates to active G-alpha(t); Opioid Signalling",The classical signalling mechanism for G alpha (i) is inhibition of the cAMP dependent pathway through inhibition of adenylate cyclase (Dessauer C W et al. 2002). Decreased production of cAMP from ATP results in decreased activity of cAMP-dependent protein kinases. Other functions of G alpha (i) includes activation of the protein tyrosine kinase c-Src (Ma Y C et al. 2000). Regulator of G-protein Signalling (RGS) proteins can regulate the activity of G alpha (i) (Soundararajan et al. 2008).,14,Glucagon signaling in metabolic regulation; PKA activation; PKA activation in glucagon signalling; Adenylate cyclase activating pathway; Adenylate cyclase inhibitory pathway; G alpha (s) signalling events; G alpha (i) signalling events; G alpha (z) signalling events; Vasopressin regulates renal water homeostasis via Aquaporins; Hedgehog 'off' state; GPER1 signaling; ADORA2B mediated anti-inflammatory cytokines production; FCGR3A-mediated IL10 synthesis; High laminar flow shear stress activates signaling by PIEZO1 and PECAM1:CDH5:KDR in endothelial cells,https://reactome.org/content/detail/R-HSA-418594,Human pathway mapping returned,Reactome pathway membership of the mapped human protein.
ADCY9,O60503,R-HSA-418597,G alpha (z) signalling events,Pathway,"Liganded Gz-activating GPCRs bind inactive heterotrimeric G-protein Gz; Liganded Gz-activating GPCR acts as a GEF for Gz; The Ligand:GPCR:Gz complex dissociates; G alpha (z) inhibits adenylate cyclase; Adenylate cyclase converts ATP to 3',5'-cyclic AMP (cAMP) and pyrophosphate; PKC phosphorylates G alpha (z); G alpha (z) auto-inactivates by hydrolysing GTP to GDP; Inactive G alpha (z) reassociates with G beta:gamma; Active G alpha (z) binds RGS proteins; G alpha (z) in G alpha (z):RGS complex is inactivated; G alpha (z):RGS complex dissociates to give inactive G alpha (z); PKC binds active G alpha (z); G-alpha(z):PKC dissociates to give phosphorylated G alpha (z)","The heterotrimeric G protein G alpha (z), is a member of the G (i) family. Unlike other G alpha (i) family members it lacks an ADP ribosylation site cysteine four residues from the carboxyl terminus and is thus pertussis toxin-insensitive. It inhibits adenylyl cyclase types I, V and VI (Wong Y H et al. 1992). G alpha (z) interacts with the Rap1 GTPase activating protein (Rap1GAP) to attenuate Rap1 signaling. Like all G-proteins G alpha (z) has an intrinsic GTPase activity, but this activity tends to be lower for the pertussis toxin insensitive G-proteins, most strikingly so for G alpha (z), whose kcat value for GTP hydrolysis is 200-fold lower than those of G alpha (s) or G alpha (i) (Grazziano et al. 1989). G alpha (z) knockout mice have disrupted platelet aggregation at physiological concentrations of epinephrine and responses to several neuroactive drugs are altered (Yang et al. 2000). Regulator of G-protein Signalling (RGS) proteins can regulate the activity of G alpha (z) (Soundararajan M et al. 2008).",14,Glucagon signaling in metabolic regulation; PKA activation; PKA activation in glucagon signalling; Adenylate cyclase activating pathway; Adenylate cyclase inhibitory pathway; G alpha (s) signalling events; G alpha (i) signalling events; G alpha (z) signalling events; Vasopressin regulates renal water homeostasis via Aquaporins; Hedgehog 'off' state; GPER1 signaling; ADORA2B mediated anti-inflammatory cytokines production; FCGR3A-mediated IL10 synthesis; High laminar flow shear stress activates signaling by PIEZO1 and PECAM1:CDH5:KDR in endothelial cells,https://reactome.org/content/detail/R-HSA-418597,Human pathway mapping returned,Reactome pathway membership of the mapped human protein.
ADCY9,O60503,R-HSA-432040,Vasopressin regulates renal water homeostasis via Aquaporins,Pathway,AVP(20-28) binds AVPR2; AVP:AVPR2 Complex binds inactive heterotrimeric G(s) complex; AVP:AVPR2:heterotrimeric G(s) complex exchanges GDP for GTP; Heterotrimeric G(s) complex dissociates; G alpha (s) activates adenylate cyclase; Activated Adenylate cyclase catalyses cAMP synthesis; cAMP binds PKA tetramer; cAMP induces dissociation of inactive PKA tetramers; Phosphorylation of Aquaporin-2 by Protein Kinase A (PKA); Translocation of Aquaporin-2 from intracellular vesicles to the apical plasma membrane; Aquaporin-1 passively transports water into cell; p-S256-Aquaporin-2 passively transports water into cell; Aquaporin-1 passively transports water out of cell; Aquaporin-3 passively transports water out of cell; Aquaporin-4 passively transports water out of cell,"In the kidney water and solutes are passed out of the bloodstream and into the proximal tubule via the slit-like structure formed by nephrin in the glomerulus. Water is reabsorbed from the filtrate during its transit through the proximal tubule, the descending loop of Henle, the distal convoluted tubule, and the collecting duct.<br>Aquaporin-1 (AQP1) in the proximal tubule and the descending thin limb of Henle is responsible for about 90% of reabsorption (as estimated from mouse knockouts of AQP1). AQP1 is located on both the apical and basolateral surface of epithelial cells and thus transports water through the epithelium and back into the bloodstream.<br>In the collecting duct epithelial cells have AQP2 on their apical surface and AQP3 and AQP4 on their basolateral surface to transport water across the epithelium. The permeability of the epithelium is regulated by vasopressin, which activates the phosphorylation and subsequent translocation of AQP2 from intracellular vesicles to the plasma membrane.",14,Glucagon signaling in metabolic regulation; PKA activation; PKA activation in glucagon signalling; Adenylate cyclase activating pathway; Adenylate cyclase inhibitory pathway; G alpha (s) signalling events; G alpha (i) signalling events; G alpha (z) signalling events; Vasopressin regulates renal water homeostasis via Aquaporins; Hedgehog 'off' state; GPER1 signaling; ADORA2B mediated anti-inflammatory cytokines production; FCGR3A-mediated IL10 synthesis; High laminar flow shear stress activates signaling by PIEZO1 and PECAM1:CDH5:KDR in endothelial cells,https://reactome.org/content/detail/R-HSA-432040,Human pathway mapping returned,Reactome pathway membership of the mapped human protein.
ADCY9,O60503,R-HSA-5610787,Hedgehog 'off' state,Pathway,"PTCH1 inhibits accumulation of SMO in the primary cilium in the absence of Hh signal; GLI proteins bind SUFU; KIF7 is recruited to the ciliary tip through interaction with axonemal microtubules; The intraflagellar transport B (IFT-B) complex is required for the transit of GLI:SUFU complexes to the ciliary tip; The intraflagellar transport A (IFT-A) complex is required for the transit of GLI:SUFU complexes to the ciliary base; The IFT-A complex recruits TULP3; TULP3 is required for GPR161 localization in the cilium; GPR161 promotes cAMP production in a G alpha(s)-dependent manner; cAMP dissociates PKA, promoting GLI processing; GLI3 is processed to GLI3R by the proteasome; GLI3R translocates to the nucleus; GLI3R binds the PTCH1 promoter; Expression of PTCH1 is repressed by GLI3R in the absence of Hh signaling; GLI3R binds the GLI1 promoter; Expression of GLI1 is repressed by GLI3R in the absence of Hh signaling; GLI3R binds the GLI2 promoter; Expression of GLI2 is repressed by GLI3R in the absence of Hh signaling; Degradation of GLI2 by the proteasome; Degradation of GLI1 by the proteasome","Hedgehog is a secreted morphogen that has evolutionarily conserved roles in body organization by regulating the activity of the Ci/Gli transcription factor family. In Drosophila in the absence of Hh signaling, full-length Ci is partially degraded by the proteasome to generate a truncated repressor form that translocates to the nucleus to represses Hh-responsive genes. Binding of Hh ligand to the Patched (PTC) receptor allows the 7-pass transmembrane protein Smoothened (SMO) to be activated in an unknown manner, disrupting the partial proteolysis of Ci and allowing the full length activator form to accumulate (reviewed in Ingham et al, 2011; Briscoe and Therond, 2013).  <br>While many of the core components of Hh signaling are conserved from flies to humans, the pathways do show points of significant divergence. Notably, the human genome encodes three Ci homologues, GLI1, 2 and 3 that each play slightly different roles in regulating Hh responsive genes. GLI3 is the primary repressor of Hh signaling in vertebrates, and is converted to the truncated GLI3R repressor form in the absence of Hh. GLI2 is a potent activator of transcription in the presence of Hh but contributes only minimally to the repression function. While a minor fraction of GLI2 protein is processed into the repressor form in the absence of Hh, the majority is either fully degraded by the proteasome or sequestered in the full-length form in the cytosol by protein-protein interactions. GLI1 lacks the repression domain and appears to be an obligate transcriptional activator (reviewed in Briscoe and Therond, 2013).<br> Vertebrate but not fly Hh signaling also depends on the movement of pathway components through the primary cilium. The primary cilium is a non-motile microtubule based structure whose construction and maintenance depends on intraflagellar transport (IFT). Anterograde IFT moves molecules from the ciliary base along the axoneme to the ciliary tip in a manner that requires the microtubule-plus-end directed kinesin KIF3 motor complex and the IFT-B protein complex, while retrograde IFT back to the ciliary base depends on the minus-end directed dynein motor and the IFT-A complex. Genetic screens have identified a number of cilia-related proteins that are required both to maintain Hh in the 'off' state and to transduce the signal when the pathway is activated (reviewed in Hui and Angers, 2011; Goetz and Anderson, 2010).",14,Glucagon signaling in metabolic regulation; PKA activation; PKA activation in glucagon signalling; Adenylate cyclase activating pathway; Adenylate cyclase inhibitory pathway; G alpha (s) signalling events; G alpha (i) signalling events; G alpha (z) signalling events; Vasopressin regulates renal water homeostasis via Aquaporins; Hedgehog 'off' state; GPER1 signaling; ADORA2B mediated anti-inflammatory cytokines production; FCGR3A-mediated IL10 synthesis; High laminar flow shear stress activates signaling by PIEZO1 and PECAM1:CDH5:KDR in endothelial cells,https://reactome.org/content/detail/R-HSA-5610787,Human pathway mapping returned,Reactome pathway membership of the mapped human protein.
ADCY9,O60503,R-HSA-9634597,GPER1 signaling,Pathway,,,14,Glucagon signaling in metabolic regulation; PKA activation; PKA activation in glucagon signalling; Adenylate cyclase activating pathway; Adenylate cyclase inhibitory pathway; G alpha (s) signalling events; G alpha (i) signalling events; G alpha (z) signalling events; Vasopressin regulates renal water homeostasis via Aquaporins; Hedgehog 'off' state; GPER1 signaling; ADORA2B mediated anti-inflammatory cytokines production; FCGR3A-mediated IL10 synthesis; High laminar flow shear stress activates signaling by PIEZO1 and PECAM1:CDH5:KDR in endothelial cells,https://reactome.org/content/detail/R-HSA-9634597,Human pathway mapping returned; pathway detail cap reached,Reactome pathway membership of the mapped human protein.
ADCY9,O60503,R-HSA-9660821,ADORA2B mediated anti-inflammatory cytokines production,Pathway,,,14,Glucagon signaling in metabolic regulation; PKA activation; PKA activation in glucagon signalling; Adenylate cyclase activating pathway; Adenylate cyclase inhibitory pathway; G alpha (s) signalling events; G alpha (i) signalling events; G alpha (z) signalling events; Vasopressin regulates renal water homeostasis via Aquaporins; Hedgehog 'off' state; GPER1 signaling; ADORA2B mediated anti-inflammatory cytokines production; FCGR3A-mediated IL10 synthesis; High laminar flow shear stress activates signaling by PIEZO1 and PECAM1:CDH5:KDR in endothelial cells,https://reactome.org/content/detail/R-HSA-9660821,Human pathway mapping returned; pathway detail cap reached,Reactome pathway membership of the mapped human protein.
ADCY9,O60503,R-HSA-9664323,FCGR3A-mediated IL10 synthesis,Pathway,,,14,Glucagon signaling in metabolic regulation; PKA activation; PKA activation in glucagon signalling; Adenylate cyclase activating pathway; Adenylate cyclase inhibitory pathway; G alpha (s) signalling events; G alpha (i) signalling events; G alpha (z) signalling events; Vasopressin regulates renal water homeostasis via Aquaporins; Hedgehog 'off' state; GPER1 signaling; ADORA2B mediated anti-inflammatory cytokines production; FCGR3A-mediated IL10 synthesis; High laminar flow shear stress activates signaling by PIEZO1 and PECAM1:CDH5:KDR in endothelial cells,https://reactome.org/content/detail/R-HSA-9664323,Human pathway mapping returned; pathway detail cap reached,Reactome pathway membership of the mapped human protein.
ADCY9,O60503,R-HSA-9856530,High laminar flow shear stress activates signaling by PIEZO1 and PECAM1:CDH5:KDR in endothelial cells,Pathway,,,14,Glucagon signaling in metabolic regulation; PKA activation; PKA activation in glucagon signalling; Adenylate cyclase activating pathway; Adenylate cyclase inhibitory pathway; G alpha (s) signalling events; G alpha (i) signalling events; G alpha (z) signalling events; Vasopressin regulates renal water homeostasis via Aquaporins; Hedgehog 'off' state; GPER1 signaling; ADORA2B mediated anti-inflammatory cytokines production; FCGR3A-mediated IL10 synthesis; High laminar flow shear stress activates signaling by PIEZO1 and PECAM1:CDH5:KDR in endothelial cells,https://reactome.org/content/detail/R-HSA-9856530,Human pathway mapping returned; pathway detail cap reached,Reactome pathway membership of the mapped human protein.
MAP2K5,Q13163,R-HSA-198765,Signalling to ERK5,Pathway,ERK5 is activated; ERK5 translocates to the nucleus,"The location of neurotrophin stimulation appears to determine the nature of the transcriptional response through differential uses of individual MAP kinases. The ERK5 pathway has a unique function in retrograde signalling; in contrast, ERK1/2, which mediate nuclear responses following direct cell body stimulation, does not transmit a retrograde signal.  Following neurotrophin stimulation of distal axons, phosphorylated TRK receptors are endocytosed and transported to the cell bodies, where MEK5 phosphorylates ERK5, leading to ERK5 nuclear translocation,   phosphorylation of transcription factors, and neuronal survival. In contrast, neurotrophin stimulation of the cell bodies causes concurrent activation and nuclear transport of ERK1/2 as well as ERK5. Several distinctive features of the ERK5 pathway might be important for retrograde signalling. The ERK5 cascade does not depend on activation of the G-protein RAS. Instead, this pathway may use other G-proteins such as RAP that are associated with vesicles, or may not require any G-protein intermediate. Another distinctive feature is that the MEK5 isoform, which is expressed in the nervous system, exhibits a punctate staining pattern, suggesting a vesicular localization. ERK5 itself significantly differs from ERK1/2, and its substrate specificity also differs from ERK1/2. For instance, ERK5 directly activates transcription factors, including MEF2, that are not phosphorylated by ERK1/2. Conversely, ERK1/2, but not ERK5, activate transcription factors such as ELK1 and MITF.",1,Signalling to ERK5,https://reactome.org/content/detail/R-HSA-198765,Human pathway mapping returned,Reactome pathway membership of the mapped human protein.
FGF19,O95750,R-HSA-109704,PI3K Cascade,Pathway,PI3K-containing complexes phosphorylate PIP2 to PIP3; Activation of AKT2; PKB-mediated events,The PI3K (Phosphatidlyinositol-3-kinase) - AKT signaling pathway stimulates cell growth and survival.,12,"PI3K Cascade; PIP3 activates AKT signaling; betaKlotho-mediated ligand binding; FGFR4 ligand binding and activation; Constitutive Signaling by Aberrant PI3K in Cancer; Phospholipase C-mediated cascade; FGFR4; FRS-mediated FGFR4 signaling; SHC-mediated cascade:FGFR4; PI-3K cascade:FGFR4; Negative regulation of FGFR4 signaling; RAF/MAP kinase cascade; PI5P, PP2A and IER3 Regulate PI3K/AKT Signaling",https://reactome.org/content/detail/R-HSA-109704,Human pathway mapping returned,Reactome pathway membership of the mapped human protein.
FGF19,O95750,R-HSA-1257604,PIP3 activates AKT signaling,Pathway,"RAC1,RAC2,RHOG activate PI3K; PI3K phosphorylates PIP2 to PIP3; PIP3 recruits AKT to the membrane; PIP3 recruits PDPK1 to the membrane; PIP3 activates mTORC2; mTORC2 phosphorylates AKT at S473; mTORC2 phosphorylates SGK1; AKT binds PDPK1; PDPK1 phosphorylates AKT at T308; PDPK1 phosphorylates SGK1; AKT phosphorylates targets in the cytosol; AKT translocates to the nucleus; AKT phosphorylates targets in the nucleus; Negative regulation of the PI3K/AKT network; PDPK1 binds PIP2; PTEN Regulation","Signaling by AKT is one of the key outcomes of receptor tyrosine kinase (RTK) activation. AKT is activated by the cellular second messenger PIP3, a phospholipid that is generated by PI3K. In ustimulated cells, PI3K class IA enzymes reside in the cytosol as inactive heterodimers composed of p85 regulatory subunit and p110 catalytic subunit. In this complex, p85 stabilizes p110 while inhibiting its catalytic activity. Upon binding of extracellular ligands to RTKs, receptors dimerize and undergo autophosphorylation. The regulatory subunit of PI3K, p85, is recruited to phosphorylated cytosolic RTK domains either directly or indirectly, through adaptor proteins, leading to a conformational change in the PI3K IA heterodimer that relieves inhibition of the p110 catalytic subunit. Activated PI3K IA phosphorylates PIP2, converting it to PIP3; this reaction is negatively regulated by PTEN phosphatase. PIP3 recruits AKT to the plasma membrane, allowing TORC2 to phosphorylate a conserved serine residue of AKT. Phosphorylation of this serine induces a conformation change in AKT, exposing a conserved threonine residue that is then phosphorylated by PDPK1 (PDK1). Phosphorylation of both the threonine and the serine residue is required to fully activate AKT. The active AKT then dissociates from PIP3 and phosphorylates a number of cytosolic and nuclear proteins that play important roles in cell survival and metabolism. For a recent review of AKT signaling, please refer to Manning and Cantley, 2007.",12,"PI3K Cascade; PIP3 activates AKT signaling; betaKlotho-mediated ligand binding; FGFR4 ligand binding and activation; Constitutive Signaling by Aberrant PI3K in Cancer; Phospholipase C-mediated cascade; FGFR4; FRS-mediated FGFR4 signaling; SHC-mediated cascade:FGFR4; PI-3K cascade:FGFR4; Negative regulation of FGFR4 signaling; RAF/MAP kinase cascade; PI5P, PP2A and IER3 Regulate PI3K/AKT Signaling",https://reactome.org/content/detail/R-HSA-1257604,Human pathway mapping returned,Reactome pathway membership of the mapped human protein.
FGF19,O95750,R-HSA-1307965,betaKlotho-mediated ligand binding,Pathway,FGFR4 binds HS:KLB:FGF19; Autocatalytic phosphorylation of BetaKlotho-bound FGFR4,"FGF21 and FGF19 require betaKlotho for efficient signaling through FGFR1c and FGFR3c.  betaKlotho does not interact with 'b' receptor isoforms, and only weakly with FGFR2c.  In addition, FGF19, but not FGF21, signals through FGFR4 in a betaKlotho-dependent fashion",12,"PI3K Cascade; PIP3 activates AKT signaling; betaKlotho-mediated ligand binding; FGFR4 ligand binding and activation; Constitutive Signaling by Aberrant PI3K in Cancer; Phospholipase C-mediated cascade; FGFR4; FRS-mediated FGFR4 signaling; SHC-mediated cascade:FGFR4; PI-3K cascade:FGFR4; Negative regulation of FGFR4 signaling; RAF/MAP kinase cascade; PI5P, PP2A and IER3 Regulate PI3K/AKT Signaling",https://reactome.org/content/detail/R-HSA-1307965,Human pathway mapping returned,Reactome pathway membership of the mapped human protein.
FGF19,O95750,R-HSA-190322,FGFR4 ligand binding and activation,Pathway,FGFR4 binds to FGF; Autocatalytic phosphorylation of FGFR4; betaKlotho-mediated ligand binding,"FGFR4 is expressed mainly in mature skeletal muscle, and disruption of FGFR4 signaling interrupts limb muscle formation in vertebrates.",12,"PI3K Cascade; PIP3 activates AKT signaling; betaKlotho-mediated ligand binding; FGFR4 ligand binding and activation; Constitutive Signaling by Aberrant PI3K in Cancer; Phospholipase C-mediated cascade; FGFR4; FRS-mediated FGFR4 signaling; SHC-mediated cascade:FGFR4; PI-3K cascade:FGFR4; Negative regulation of FGFR4 signaling; RAF/MAP kinase cascade; PI5P, PP2A and IER3 Regulate PI3K/AKT Signaling",https://reactome.org/content/detail/R-HSA-190322,Human pathway mapping returned,Reactome pathway membership of the mapped human protein.
FGF19,O95750,R-HSA-2219530,Constitutive Signaling by Aberrant PI3K in Cancer,Pathway,PI3K gain of function mutants phosphorylate PIP2 to PIP3; PI3K inhibitors block PI3K catalytic activity,"Signaling by PI3K/AKT is frequently constitutively activated in cancer via gain-of-function mutations in one of the two PI3K subunits - PI3KCA (encoding the catalytic subunit p110alpha) or PIK3R1 (encoding the regulatory subunit p85alpha). Gain-of-function mutations activate PI3K signaling by diverse mechanisms. Mutations affecting the helical domain of PIK3CA and mutations affecting nSH2 and iSH2 domains of PIK3R1 impair inhibitory interactions between these two subunits while preserving their association. Mutations in the catalytic domain of PIK3CA enable the kinase to achieve an active conformation. PI3K complexes with gain-of-function mutations therefore produce PIP3 and activate downstream AKT in the absence of growth factors (Huang et al. 2007, Zhao et al. 2005, Miled et al. 2007, Horn et al. 2008, Sun et al. 2010, Jaiswal et al. 2009, Zhao and Vogt 2010, Urick et al. 2011).",12,"PI3K Cascade; PIP3 activates AKT signaling; betaKlotho-mediated ligand binding; FGFR4 ligand binding and activation; Constitutive Signaling by Aberrant PI3K in Cancer; Phospholipase C-mediated cascade; FGFR4; FRS-mediated FGFR4 signaling; SHC-mediated cascade:FGFR4; PI-3K cascade:FGFR4; Negative regulation of FGFR4 signaling; RAF/MAP kinase cascade; PI5P, PP2A and IER3 Regulate PI3K/AKT Signaling",https://reactome.org/content/detail/R-HSA-2219530,Human pathway mapping returned,Reactome pathway membership of the mapped human protein.
FGF19,O95750,R-HSA-5654228,Phospholipase C-mediated cascade; FGFR4,Pathway,Activated FGFR4 binds PLCG1; Activated FGFR4 phosphorylates PLCG1; p-4Y-PLCG1 dissociates from activated FGFR4,"Phospholipase C-gamma (PLC-gamma) is a substrate of the fibroblast growth factor receptor (FGFR) and other receptors with tyrosine kinase activity. It is known that the src homology region 2 (SH2 domain) of PLC-gamma and of other signaling molecules (such as GTPase-activating protein and phosphatidylinositol 3-kinase-associated p85) direct their binding toward autophosphorylated tyrosine residues of the FGFR. Recruitment of PLC-gamma results in its phosphorylation and activation by the receptor.  Activated PLC-gamma hydrolyzes phosphatidyl inositol[4,5] P2 to form the second messengers diacylglycerol (DAG) and Ins [1,4,5]P3, which stimulate calcium release and activation of calcium/calmodulin dependent kinases.<br>",12,"PI3K Cascade; PIP3 activates AKT signaling; betaKlotho-mediated ligand binding; FGFR4 ligand binding and activation; Constitutive Signaling by Aberrant PI3K in Cancer; Phospholipase C-mediated cascade; FGFR4; FRS-mediated FGFR4 signaling; SHC-mediated cascade:FGFR4; PI-3K cascade:FGFR4; Negative regulation of FGFR4 signaling; RAF/MAP kinase cascade; PI5P, PP2A and IER3 Regulate PI3K/AKT Signaling",https://reactome.org/content/detail/R-HSA-5654228,Human pathway mapping returned,Reactome pathway membership of the mapped human protein.
FGF19,O95750,R-HSA-5654712,FRS-mediated FGFR4 signaling,Pathway,Activated FGFR4 binds FRS2; Activated FGFR4 binds FRS3; Activated FGFR4 phosphorylates FRS2; Activated FGFR4 phosphorylates FRS3; Activated FGFR4:p-FRS binds GRB2:SOS1; Activated FGFR4:p-FRS2:GRB2:SOS1 activates RAS nucleotide exchange; Activated FGFR4:p-FRS bind to PPTN11; Activated FGFR4 phosphorylates PPTN11; Activated FGFR4:p-FRS:p-PTPN11 activates RAS nucleotide exchange,"The FRS family of scaffolding adaptor proteins has two members, FRS2 (also known as FRS2 alpha) and FRS3 (also known as FRS2beta or SNT-2).  Activation of FGFR tyrosine kinase allows FRS proteins to become phosphorylated on tyrosine residues and then bind to the adaptor GRB2 and the tyrosine phosphatase PPTN11/SHP2.  Subsequently, PPTN11 activates the RAS-MAP kinase pathway and GRB2 activates the RAS-MAP kinase , PI-3-kinase and ubiquitinations/degradation pathways by binding to SOS, GAB1 and CBL, respectively, via the SH3 domains of GRB2.  FRS2 acts as a central mediator in FGF signaling mainly because it induces sustained levels of activation of ERK with ubiquitous expression.<br><br><br>",12,"PI3K Cascade; PIP3 activates AKT signaling; betaKlotho-mediated ligand binding; FGFR4 ligand binding and activation; Constitutive Signaling by Aberrant PI3K in Cancer; Phospholipase C-mediated cascade; FGFR4; FRS-mediated FGFR4 signaling; SHC-mediated cascade:FGFR4; PI-3K cascade:FGFR4; Negative regulation of FGFR4 signaling; RAF/MAP kinase cascade; PI5P, PP2A and IER3 Regulate PI3K/AKT Signaling",https://reactome.org/content/detail/R-HSA-5654712,Human pathway mapping returned,Reactome pathway membership of the mapped human protein.
FGF19,O95750,R-HSA-5654719,SHC-mediated cascade:FGFR4,Pathway,Activated FGFR4 binds SHC1; Activated FGFR4 phosphorylates SHC1; Activated FGFR4:p-SHC1 binds GRB2:SOS1; Activated FGFR4:p-SHC1:GRB2:SOS1 activates RAS nucleotide exchange,"The exact role of SHC1 in FGFR signaling remains unclear.   Numerous studies have shown that the p46 and p52 isoforms of SHC1 are phosphorylated in response to FGF stimulation, but direct interaction with the receptor has not been demonstrated. Co-precipitation of p46 and p52 with the FGFR2 IIIc receptor has been reported, but this interaction is thought to be indirect, possibly mediated by SRC.  Consistent with this, co-precipitation of SHC1 and FGFR1 IIIc is seen in mammalian cells expressing v-SRC.  The p66 isoform of SHC1 has also been co-precipitated with FGFR3, but this occurs independently of receptor stimulation, and the p66 isoform not been shown to undergo FGF-dependent phosphorylation.  SHC1 has been shown to associate with GRB2 and SOS1 in response to FGF stimulation, suggesting that the recruitment of SHC1 may contribute to activation of the MAPK cascade downstream of FGFR.",12,"PI3K Cascade; PIP3 activates AKT signaling; betaKlotho-mediated ligand binding; FGFR4 ligand binding and activation; Constitutive Signaling by Aberrant PI3K in Cancer; Phospholipase C-mediated cascade; FGFR4; FRS-mediated FGFR4 signaling; SHC-mediated cascade:FGFR4; PI-3K cascade:FGFR4; Negative regulation of FGFR4 signaling; RAF/MAP kinase cascade; PI5P, PP2A and IER3 Regulate PI3K/AKT Signaling",https://reactome.org/content/detail/R-HSA-5654719,Human pathway mapping returned,Reactome pathway membership of the mapped human protein.
FGF19,O95750,R-HSA-5654720,PI-3K cascade:FGFR4,Pathway,Binding of PIK3 regulatory alpha subunit to GRB2:GAB1; Activated FGFR4:p-FRS2 binds GRB2:GAB1:PIK3R1; Activated FGFR4:p-FRS2:GRB2:GAB1:PI3KR1 binds PIK3CA; FGFR4-associated PI3K phosphorylates PIP2 to PIP3; Activated FGFR4:p-FRS2:p-PPTN11 binds GRB2:GAB1:PI3KR1; Activated FGFR4:p-FRS2:p-PPTN11:GRB2:GAB1:PIK3R1binds PIK3CA; FGFR4- and PTPN11-associated PI3K phosphorylates PIP2 to PIP3,"The ability of growth factors to protect from apoptosis is primarily due to the activation of the AKT survival pathway. P-I-3-kinase dependent activation of PDK leads to the activation of AKT which in turn affects the activity or expression of pro-apoptotic factors, which contribute to protection from apoptosis. AKT activation also blocks the activity of GSK-3b which could lead to additional antiapoptotic signals.",12,"PI3K Cascade; PIP3 activates AKT signaling; betaKlotho-mediated ligand binding; FGFR4 ligand binding and activation; Constitutive Signaling by Aberrant PI3K in Cancer; Phospholipase C-mediated cascade; FGFR4; FRS-mediated FGFR4 signaling; SHC-mediated cascade:FGFR4; PI-3K cascade:FGFR4; Negative regulation of FGFR4 signaling; RAF/MAP kinase cascade; PI5P, PP2A and IER3 Regulate PI3K/AKT Signaling",https://reactome.org/content/detail/R-HSA-5654720,Human pathway mapping returned,Reactome pathway membership of the mapped human protein.
FGF19,O95750,R-HSA-5654733,Negative regulation of FGFR4 signaling,Pathway,Activated ERK1/2 threonine-phosphorylates FGFR4-associated FRS2; p-CBL:GRB2 binds p-FRS2:activated FGFR4; CBL ubiquitinates FRS2 and FGFR4; Spry regulation of FGF signaling,"Once activated, the FGFR signaling pathway is regulated by numerous negative feedback mechanisms.  These include downregulation of receptors through CBL-mediated ubiquitination and endocytosis, ERK-mediated inhibition of FRS2-tyrosine phosphorylation and the attenuation of ERK signaling through the action of dual-specificity phosphatases, IL17RD/SEF, Sprouty and Spred proteins.  A number of these inhibitors are themselves transcriptional targets of the activated FGFR pathway.",12,"PI3K Cascade; PIP3 activates AKT signaling; betaKlotho-mediated ligand binding; FGFR4 ligand binding and activation; Constitutive Signaling by Aberrant PI3K in Cancer; Phospholipase C-mediated cascade; FGFR4; FRS-mediated FGFR4 signaling; SHC-mediated cascade:FGFR4; PI-3K cascade:FGFR4; Negative regulation of FGFR4 signaling; RAF/MAP kinase cascade; PI5P, PP2A and IER3 Regulate PI3K/AKT Signaling",https://reactome.org/content/detail/R-HSA-5654733,Human pathway mapping returned,Reactome pathway membership of the mapped human protein.
FGF19,O95750,R-HSA-5673001,RAF/MAP kinase cascade,Pathway,,,12,"PI3K Cascade; PIP3 activates AKT signaling; betaKlotho-mediated ligand binding; FGFR4 ligand binding and activation; Constitutive Signaling by Aberrant PI3K in Cancer; Phospholipase C-mediated cascade; FGFR4; FRS-mediated FGFR4 signaling; SHC-mediated cascade:FGFR4; PI-3K cascade:FGFR4; Negative regulation of FGFR4 signaling; RAF/MAP kinase cascade; PI5P, PP2A and IER3 Regulate PI3K/AKT Signaling",https://reactome.org/content/detail/R-HSA-5673001,Human pathway mapping returned; pathway detail cap reached,Reactome pathway membership of the mapped human protein.
FGF19,O95750,R-HSA-6811558,"PI5P, PP2A and IER3 Regulate PI3K/AKT Signaling",Pathway,,,12,"PI3K Cascade; PIP3 activates AKT signaling; betaKlotho-mediated ligand binding; FGFR4 ligand binding and activation; Constitutive Signaling by Aberrant PI3K in Cancer; Phospholipase C-mediated cascade; FGFR4; FRS-mediated FGFR4 signaling; SHC-mediated cascade:FGFR4; PI-3K cascade:FGFR4; Negative regulation of FGFR4 signaling; RAF/MAP kinase cascade; PI5P, PP2A and IER3 Regulate PI3K/AKT Signaling",https://reactome.org/content/detail/R-HSA-6811558,Human pathway mapping returned; pathway detail cap reached,Reactome pathway membership of the mapped human protein.
CCND2,P30279,R-HSA-69231,Cyclin D associated events in G1,Pathway,Association of INK4 family proteins with CDK4/6; Formation of CDK4/6:CCND complexes; Cip/Kip CDK inhibitors bind CDK4/6:CCND complexes; Tyrosine kinases phosphorylate Cip/Kip inhibitors bound to CDK4/6:CCND complexes; Translocation of CDK4/6:CCND complexes from the cytoplasm to the nucleus; CDK4/6:CCND complexes are activated by T-loop phosphorylation of CDK4/6; RB1 translocates to the nucleus; RB1 binds and inhibits E2F1/2/3:DP1/2 complexes; Cyclin D:CDK4/6 phosphorylates RB1 and prevents RB1 binding to E2F1/2/3:DP1/2 complexes; Cyclin D:CDK4/6 mediated phosphorylation of p107 (RBL1) and dissociation of phosphorylated p107 (p-RBL1) from DP1:E2F4 complex; Dephosphorylation of p107 (RBL1) by PP2A; Cyclin D:Cdk4/6 mediated phosphorylation of p130 (RBL2) and dissociation of phosphorylated p130 (RBL2) from DP1:E2F4/5 complex; Dephosphorylation of p130 (RBL2) by PP2A; Phosphorylated p130 (RBL2) binds SCF(Skp2):Cks1 complex; Ubiquitination of p130 (RBL2) by SCF (Skp2); Drug-mediated inhibition of CDK4/CDK6 activity,"Three D-type cyclins are essential for progression from G1 to S-phase. These D cyclins bind to and activate both CDK4 and CDK6. The formation of  all possible complexes between the D-type cyclins and CDK4/6 is promoted by the proteins, p21(CIP1/WAF1) and p27(KIP1). The cyclin-dependent kinases are then activated due to phosphorylation by CAK. The cyclin dependent kinases phosphorylate the RB1 protein and RB1-related proteins p107 (RBL1) and p130 (RBL2). Phosphorylation of RB1 leads to release of activating E2F transcription factors (E2F1, E2F2 and E2F3). After repressor E2Fs (E2F4 and E2F5) dissociate from phosphorylated RBL1 and RBL2, activating E2Fs bind to E2F promoter sites, stimulating transcription of cell cycle genes, which then results in proper G1/S transition. The binding and sequestration of p27Kip may also contribute to the activation of CDK2 cyclin E/CDK2 cyclin A complexes at the G1/S transition (Yew et al., 2001).",4,"Cyclin D associated events in G1; Regulation of RUNX1 Expression and Activity; Defective binding of RB1 mutants to E2F1,(E2F2, E2F3); Drug-mediated inhibition of CDK4/CDK6 activity",https://reactome.org/content/detail/R-HSA-69231,Human pathway mapping returned,Reactome pathway membership of the mapped human protein.
CCND2,P30279,R-HSA-8934593,Regulation of RUNX1 Expression and Activity,Pathway,"miR-17 binds RUNX1 mRNA; miR-18a binds RUNX1 mRNA; miR-20a binds RUNX1 mRNA; miR-27a binds RUNX1 mRNA; miR-106a binds RUNX1 mRNA; miR-215 binds RUNX1 mRNA; miR-302b binds RUNX1 mRNA; miR-378 binds RUNX1 mRNA; H19 is cleaved to produce miR-675; miR-675 binds RUNX1 mRNA; RUNX1 mRNA translation is inhibited by miR-17, miR-18a, miR-20a, miR-27a, miR-106a, miR-215, miR-302b, miR-378 and miR-675; RUNX1 binds SRC; SRC phosphorylates RUNX1; PTPN11 binds p-7Y-RUNX1; PTPN11 dephosphorylates RUNX1; CDK6 binds RUNX1; CCND3,(CCND1,CCND2) binds RUNX1; PML binds RUNX1; CBFB binds RUNX1","At the level of transcription, expression of the RUNX1 transcription factor is regulated by two alternative promoters: a distal promoter, P1, and a proximal promoter, P2. P1 is more than 7 kb upstream of P2 (Ghozi et al. 1996). In mice, the Runx1 gene is preferentially transcribed from the proximal P2 promoter during generation of hematopoietic cells from hemogenic endothelium. In fully committed hematopoietic progenitors, the Runx1 gene is preferentially transcribed from the distal P1 promoter (Sroczynska et al. 2009, Bee et al. 2010). In human T cells, RUNX1 is preferentially transcribed from P1 throughout development, while developing natural killer cells transcribe RUNX1 predominantly from P2. Developing B cells transcribe low levels of RUNX1 from both promoters (Telfer and Rothenberg 2001).<br>RUNX1 mRNAs transcribed from alternative promoters differ in their 5'UTRs and splicing isoforms of RUNX1 have also been described. The function of alternative splice isoforms and alternative 5'UTRs has not been fully elucidated (Challen and Goodell 2010, Komeno et al. 2014).<br>During zebrafish hematopoiesis, RUNX1 expression increases in response to NOTCH signaling, but direct transcriptional regulation of RUNX1 by NOTCH has not been demonstrated (Burns et al. 2005). RUNX1 transcription also increases in response to WNT signaling. BothTCF7 and TCF4 bind the RUNX1 promoter (Wu et al. 2012, Hoverter et al. 2012), and RUNX1 transcription driven by the TCF binding element (TBE) in response to WNT3A treatment is inhibited by the dominant-negative mutant of TCF4 (Medina et al. 2016). In developing mouse ovary, Runx1 expression is positively regulated by Wnt4 signaling (Naillat et al. 2015).<br>Studies in mouse hematopoietic stem and progenitor cells imply that RUNX1 may be a direct transcriptional target of HOXB4 (Oshima et al. 2011).<br>Conserved cis-regulatory elements were recently identified in intron 5 of RUNX1. The RUNX1 breakpoints observed in acute myeloid leukemia (AML) with translocation (8;21), which result in expression of a fusion RUNX1-ETO protein, cluster in intron 5, in proximity to these not yet fully characterized cis regulatory elements (Rebolledo-Jaramillo et al. 2014).<br>At the level of translation, RUNX1 expression is regulated by various microRNAs which bind to the 3'UTR of RUNX1 mRNA and inhibit its translation through endonucleolytic and/or nonendonucleolytic mechanisms. MicroRNAs that target RUNX1 include miR-378 (Browne et al. 2016), miR-302b (Ge et al. 2014), miR-18a (Miao et al. 2015), miR-675 (Zhuang et al. 2014), miR-27a (Ben-Ami et al. 2009), miR-17, miR-20a, miR106 (Fontana et al. 2007) and miR-215 (Li et al. 2016).<br>At the posttranslational level, RUNX1 activity is regulated by postranslational modifications and binding to co-factors. SRC family kinases phosphorylate RUNX1 on multiple tyrosine residues in the negative regulatory domain, involved in autoinhibition of RUNX1. RUNX1 tyrosine phosphorylation correlates with reduced binding of RUNX1 to GATA1 and increased binding of RUNX1 to the SWI/SNF complex, leading to inhibition of RUNX1-mediated differentiation of T-cells and megakaryocytes. SHP2 (PTPN11) tyrosine phosphatase binds to RUNX1 and dephosphorylates it (Huang et al. 2012).<br>Formation of the complex with CBFB is necessary for the transcriptional activity of RUNX1 (Wang et al. 1996). Binding of CCND3 and probably other two cyclin D family members, CCND1 and CCND2, to RUNX1 inhibits its association with CBFB (Peterson et al. 2005), while binding to CDK6 interferes with binding of RUNX1 to DNA without affecting formation of the RUNX1:CBFB complex. Binding of RUNX1 to PML plays a role in subnuclear targeting of RUNX1 (Nguyen et al. 2005).<br>RUNX1 activity and protein levels vary during the cell cycle. RUNX1 protein levels increase from G1 to S and from S to G2 phases, with no increase in RUNX1 mRNA levels. CDK1-mediated phosphorylation of RUNX1 at the G2/M transition is implicated in reduction of RUNX1 transactivation potency and may promote RUNX1 protein degradation by the anaphase promoting complex (reviewed by Friedman 2009).",4,"Cyclin D associated events in G1; Regulation of RUNX1 Expression and Activity; Defective binding of RB1 mutants to E2F1,(E2F2, E2F3); Drug-mediated inhibition of CDK4/CDK6 activity",https://reactome.org/content/detail/R-HSA-8934593,Human pathway mapping returned,Reactome pathway membership of the mapped human protein.
CCND2,P30279,R-HSA-9661069,"Defective binding of RB1 mutants to E2F1,(E2F2, E2F3)",Pathway,"Defective RB1 does not bind E2F1,(E2F2,E2F3)","This pathway describes impaired binding of RB1 pocket domain mutants to activating E2Fs, E2F1, E2F2 and E2F3 (Templeton et al. 1991, Helin et al. 1993, Otterson et al. 1997, Ji et al. 2004).",4,"Cyclin D associated events in G1; Regulation of RUNX1 Expression and Activity; Defective binding of RB1 mutants to E2F1,(E2F2, E2F3); Drug-mediated inhibition of CDK4/CDK6 activity",https://reactome.org/content/detail/R-HSA-9661069,Human pathway mapping returned,Reactome pathway membership of the mapped human protein.
CCND2,P30279,R-HSA-9754119,Drug-mediated inhibition of CDK4/CDK6 activity,Pathway,CDK4 inhibitors bind CDK4; CDK6 inhibitors bind CDK6,"Cyclin dependent kinases CDK4 and CDK6 regulate crucial steps in the G1 phase of the cell cycle that commit cells to transition to the S phase and ultimately divide. Many growth signaling pathways, frequently perturbed in cancer, converge on CDK4/CDK6 activation, thus driving cellular proliferation. This makes CDK4 and CDK6 promising targets for anti-cancer therapy. So far, three CDK4/6 inhibitors, palbociclib, ribociclib and abemaciclib, have been approved for clinical use and many others are at different stages of clinical testing. CDK4/6 inhibitors mainly have a cytostatic effect on tumor cells, but can also influence immune response to tumor by targeting immune system cells in the tumor microenvironment. While intact RB1, the main target of CDK4/6 during cell cycle progression, is in general considered to be a prerequisite for the success of CDK4/6-targeted anti-cancer therapy, the status of other, less explored CDK4/6 targets can also affect the treatment outcome. For review, please refer to Asghar et al. 2015, Klein et al. 2018, Álvarez-Fernández and Malumbres 2020, Petroni et al. 2020).",4,"Cyclin D associated events in G1; Regulation of RUNX1 Expression and Activity; Defective binding of RB1 mutants to E2F1,(E2F2, E2F3); Drug-mediated inhibition of CDK4/CDK6 activity",https://reactome.org/content/detail/R-HSA-9754119,Human pathway mapping returned,Reactome pathway membership of the mapped human protein.
LINGO2,Q7L985,,,,,,0,,https://reactome.org/ContentService/data/mapping/UniProt/Q7L985/pathways,No human pathway mapping returned,Reactome pathway membership of the mapped human protein.
ANO4,Q32M45,R-HSA-2672351,Stimuli-sensing channels,Pathway,"ASICs bind STOML3, (STOM); ASIC trimers bind H+; ASIC trimers:H+ transport extracellular Na+ to cytosol; ASIC3 channel blockers bind ASIC3 trimer; SCNN channels transport extracellular Na+ to cytosol; RAF1:SGK:TSC22D3:WPP ubiquitinates SCNN channels; ANOs transport cytosolic Cl- to extracellular region; ANO1 transports cytosolic Cl- to extracellular region; ANO1 inhibitors bind ANO1; TPCN1/2 transport lysosomal Ca2+ to cytosol; UNC79:UNC80:NALCN transports Na+ extracellular region to cytosol; CLCN1/2/KA/KB transport cytosolic Cl- to extracellular region; CLCN3 exchanges Cl- for H+; CLCN4/5/6 exchange Cl- for H+; CLCN7:OSTM1 exchanges Cl- for H+; CLCAs self cleave; TTYH1 transports cytosolic Cl- to extracellular region; TTYH2/3 transport cytosolic Cl- to extracellular region; BESTs transport cytosolic Cl- to extracellular region; BESTs transport cytosolic HCO3- to extracellular region; RYR tetramers transport Ca2+ from sarcoplasmic reticulum lumen to cytosol; SLC17A3-1 cotransports extracellular Na+ and Pi to cytosol; SLC17A3-2 transports cytosolic urate to extracellular region; SLC9B1/C2 exchange Na+ for H+; SLC9B2 exchanges Na+ for H+; SLC9C1 exchanges Na+ for H+; TRP channels","Ion channels that mediate sensations such as pain, warmth, cold, taste pressure and vision. Channels that mediate these sensations include acid-sensing ion channels (ASICs) (Wang & Xu 2011, Qadri et al. 2012, Deval et al. 2010) and the transient receptor potential channels (TRPCs) (Takahashi et al. 2012, Numata et al. 2011 in ""TRP Channels"" Zhu, MX editor, CRC Press, 2011, Ramsey et al. 2006, Montell 2005). Many channels are sensitive to changes in calcium (Ca2+) levels, both inside and outside the cell. Examples are protein tweety homologs 2 and 3 (TTYH2, 3) (Suzuki 2006), bestrophins 1-4 (BEST1-4) (Sun et al. 2002, Tsunenari et al. 2003, Kunzelmann et al. 2009, Hartzell et al. 2008) and  ryanodine receptor tetramers (RYRs) (Beard et al. 2009).",2,Stimuli-sensing channels; Induction of Cell-Cell Fusion,https://reactome.org/content/detail/R-HSA-2672351,Human pathway mapping returned,Reactome pathway membership of the mapped human protein.
ANO4,Q32M45,R-HSA-9733458,Induction of Cell-Cell Fusion,Pathway,"Spike Trimer Translocates to the Plasma Membrane; Viral Spike Binds to ACE2 on Uninfected Cell; FURIN Mediated SARS-CoV-2 Spike Protein Cleavage; S1,S2 Dissociate from S1:ACE2:S2; S2 Cleavage by TMPRSS2 Exposes S2' Initiating Cell-Cell Fusion","Many enveloped viruses induce multinucleated cells (syncytia) in later stages of viral infection. The membrane fusion that drives these cell-cell fusion events are caused by the same machinery that underlies viral entry. The presence of infected syncytial pneumocytes in severe COVID-19 patients is well established (Zhang et al., 2021). However, it is currently unclear if syncytia formation is also a feature of milder or asymptomatic SARS-CoV-2 infections. These syncytia are also thought to facilitate replication and evasion of the host immune response (for a recent review on Spike-mediated fusion and syncytia formation see Rajah et al, 2022). Experiments that utilize co-cultures of human cells expressing the receptor ACE2 with cells expressing SARS-CoV-2 spike protein, result in synapse-like intercellular contacts that initiate cell-cell fusion, producing syncytia resembling those we identify in lungs of COVID-19 patients (Sanders et al., 2021). Studies on SARS-CoV-2 identified similar syncytia (Buchrieser et al., 2020; Hoffmann et al., 2020a; Ou et al., 2020; Xia et al., 2020). Formation of the ACE2/spike protein complex drives fusion events that proceed from finger-like projections, forming synapses between cells to development of a fusion pore and subsequent membrane fusion (reviewed in Rajah et al, 2022; Rey, 2021). Notably cleaving the spike protein into S1 and S2 sub-fragments appears to increase the probability of S1/ACE2 fusion (Hoffmann et al., 2020a).<br>The Alpha, Beta, and Delta variants of SARS-CoV-2 display enhanced syncytia formation (Cheng et al, 2021; Rajah et al, 2021). An additional phenomenon with SARS-CoV-2 syncytia is their targeting of lymphocytes for internalization and cell-in-cell mediated elimination, potentially contributing to lymphopenia and pathogenesis in COVID-19 patients (Zhang et al, 2021).",2,Stimuli-sensing channels; Induction of Cell-Cell Fusion,https://reactome.org/content/detail/R-HSA-9733458,Human pathway mapping returned,Reactome pathway membership of the mapped human protein.
UBR2,Q8IWV8,R-HSA-983168,Antigen processing: Ubiquitination & Proteasome degradation,Pathway,E1 mediated ubiquitin activation; Transfer of ubiquitin from E1 to E2; Interaction of E3 with substrate and E2-Ub complex; Transfer of Ub from E2 to substrate and release of E2; Polyubiquitination of substrate; Release of E3 from polyubiquitinated substrate; Proteasomal cleavage of substrate; Trimming of N-ter extended precursor fragments by cytosolic aminopeptidases; THOP1 cleaves oligopeptide fragment (8-16aa),"Intracellular foreign or aberrant host proteins are cleaved into peptide fragments of a precise size, such that they can be loaded on to class I MHC molecules and presented externally to cytotoxic T cells. The ubiquitin-26S proteasome system plays a central role in the generation of these class I MHC antigens. <br>Ubiquitination is the mechanism of adding ubiquitin to lysine residues on substrate protein leading to the formation of a polyubiquitinated substrate. This process involves three classes of enzyme, an E1 ubiquitin-activating enzyme, an E2 ubiquitin-conjugating enzyme, and an E3 ubiquitin ligase. Polyubiquitination through lysine-48 (K48) generally targets the substrate protein for proteasomal destruction. The protease responsible for the degradation of K48-polyubiquitinated proteins is the 26S proteasome. This proteasome is a two subunit protein complex composed of the 20S (catalytic core particle) and 19S (regulatory particle) proteasome complexes. The proteasome eliminates most of the foreign and non-functional proteins from the cell by degrading them into short peptides; only a small fraction of the peptides generated are of the correct length to be presented by the MHC class I system. It has been calculated that between 994 and 3122 protein molecules have to be degraded for the formation of a single, stable MHC class I complex at the cell surface, with an average efficiency of 1 in 2000 (Kloetzel et al. 2004, Princiotta et al. 2003).",1,Antigen processing: Ubiquitination & Proteasome degradation,https://reactome.org/content/detail/R-HSA-983168,Human pathway mapping returned,Reactome pathway membership of the mapped human protein.
ROBO1,Q9Y6N7,R-HSA-373752,Netrin-1 signaling,Pathway,DCC mediated attractive signaling; Netrin mediated repulsion signals; DCC interaction with ROBO1; DCC interaction with SIAH1; DCC interaction with SIAH2; Translocation of Ezrin to plasma membrane; Phosphorylation and activation of Ezrin; DCC interaction with Ezrin; Netrin-4 binds DCC/UNC5A; Neogenin binds Netrin-1; Neogenin binds repulsive guidance molecules (RGDs); Myosin-X binds DCC/Neogenin; PIKE-L interaction with UNC5B; Role of second messengers in netrin-1 signaling; DSCAM interactions,"Netrins are secreted proteins that play a crucial role in neuronal migration and in axon guidance during the development of the nervous system. To date, several Netrins have been described in mouse and humans: Netrin-1, -3/NTL2, -4/h and G-Netrins. Netrin-1 is the most studied member of the family and has been shown to play a crucial role in neuronal navigation during nervous system development mainly through its interaction with its receptors DCC and UNC5. Members of the Deleted in colorectal cancer (DCC) family- which includes DCC and Neogenin in vertebrates- mediate netrin-induced axon attraction, whereas the C. elegans UNC5 receptor and its four vertebrate homologs Unc5a-Unc5d mediate repulsion.",9,Netrin-1 signaling; Signaling by ROBO receptors; Activation of RAC1; Regulation of commissural axon pathfinding by SLIT and ROBO; Inactivation of CDC42 and RAC1; Role of ABL in ROBO-SLIT signaling; SLIT2:ROBO1 increases RHOA activity; Regulation of cortical dendrite branching; Regulation of expression of SLITs and ROBOs,https://reactome.org/content/detail/R-HSA-373752,Human pathway mapping returned,Reactome pathway membership of the mapped human protein.
ROBO1,Q9Y6N7,R-HSA-376176,Signaling by ROBO receptors,Pathway,"Regulation of expression of SLITs and ROBOs; Proteolytic processing of SLIT; Glypican-1 (GPC1) binds SLIT2; SLITs bind keratan sulfate; ROBOs bind keratan sulfate; ROBO1 binds SLIT2; ROBO2 binds SLIT2; ROBO1,ROBO2 bind SLIT3; Regulation of commissural axon pathfinding by SLIT and ROBO; Regulation of cortical dendrite branching; Ena/VASP proteins bind ROBO1:SLIT2 complex; Recruitment of Profilin by Ena/VASP proteins; Inactivation of CDC42 and RAC1; Activation of RAC1; Role of ABL in ROBO-SLIT signaling; SLIT2:ROBO1 increases RHOA activity; SLIT2:ROBO1 binds CXCR4; ROBO1 binds FLRT3; ROBO receptors bind AKAP5; ROBO1 binds NRP1","The Roundabout (ROBO) family encodes transmembrane receptors that regulate axonal guidance and cell migration. The major function of the Robo receptors is to mediate repulsion of the navigating growth cones. There are four human Robo homologues, ROBO1, ROBO2, ROBO3 and ROBO4. Most of the ROBOs have the similar ectodomain architecture as the cell adhesion molecules, with five Ig domains followed by three FN3 repeats, except for ROBO4. ROBO4 has two Ig and two FN3 repeats. The cytoplasmic domains of ROBO receptors are in general poorly conserved. However, there are four short conserved cytoplasmic sequence motifs, named CC0-3, that serve as binding sites for adaptor proteins. The ligands for the human ROBO1 and ROBO2 receptors are the three SLIT proteins SLIT1, SLIT2, and SLIT3; all of the SLIT proteins contain a tandem of four LRR (leucine rich repeat) domains at the N-terminus, termed D1-D4, followed by six EGF (epidermal growth factor)-like domains, a laminin G like domain (ALPS), three EGF-like domains, and a C-terminal cysteine knot domain. Most SLIT proteins are cleaved within the EGF-like region by unknown proteases (reviewed by Hohenster 2008, Ypsilanti and Chedotal 2014, Blockus and Chedotal 2016). NELL2 is a ligand for ROBO3 (Jaworski et al. 2015).<br><br>SLIT protein binding modulates ROBO interactions with the cytosolic adaptors. The cytoplasmic domain of ROBO1 and ROBO2 determines the repulsive responses of these receptors. Based on the studies from both invertebrate and vertebrate organisms it has been inferred that ROBO induces growth cone repulsion by controlling cytoskeletal dynamics via either Abelson kinase (ABL) and Enabled (Ena), or RAC1 activity (reviewed by Hohenster 2008, Ypsilanti and Chedotal 2014, Blockus and Chedotal 2016). While there is some redundancy in the function of ROBO receptors, ROBO1 is implicated as the predominant receptor for axon guidance in ventral tracts, and ROBO2 is the predominant receptor for axon guidance in dorsal tracts. ROBO2 also repels neuron cell bodies from the floor plate (Kim et al. 2011).<p>In addition to regulating axon guidance, ROBO1 and ROBO2 receptors are also implicated in regulation of proliferation and transition of primary to intermediate neuronal progenitors through a poorly characterized cross-talk with NOTCH-mediated activation of HES1 transcription (Borrell et al. 2012).<p>Thalamocortical axon extension is regulated by neuronal activity-dependent transcriptional regulation of ROBO1 transcription. Lower neuronal activity correlates with increased ROBO1 transcription, possibly mediated by the NFKB complex (Mire et al. 2012).<p>It is suggested that the homeodomain transcription factor NKX2.9 stimulates transcription of ROBO2, which is involved in regulation of motor axon exit from the vertebrate spinal code (Bravo-Ambrosio et al. 2012).<p>Of the four ROBO proteins, ROBO4 is not involved in neuronal system development but is, instead, involved in angiogenesis. The interaction of ROBO4 with SLIT3 is involved in proliferation, motility and chemotaxis of endothelial cells, and accelerates formation of blood vessels (Zhang et al. 2009).",9,Netrin-1 signaling; Signaling by ROBO receptors; Activation of RAC1; Regulation of commissural axon pathfinding by SLIT and ROBO; Inactivation of CDC42 and RAC1; Role of ABL in ROBO-SLIT signaling; SLIT2:ROBO1 increases RHOA activity; Regulation of cortical dendrite branching; Regulation of expression of SLITs and ROBOs,https://reactome.org/content/detail/R-HSA-376176,Human pathway mapping returned,Reactome pathway membership of the mapped human protein.
ROBO1,Q9Y6N7,R-HSA-428540,Activation of RAC1,Pathway,NCK binds ROBO1:SLIT2; Recruitment of PAK to NCK; Recruitment of SOS to plasma membrane; Activation of RAC1 by SOS,"A low level of RAC1 activity is essential to maintain axon outgrowth. ROBO activation recruits SOS, a dual specificity GEF, to the plasma membrane via Dock homolog NCK (NCK1 or NCK2) to activate RAC1 during midline repulsion.",9,Netrin-1 signaling; Signaling by ROBO receptors; Activation of RAC1; Regulation of commissural axon pathfinding by SLIT and ROBO; Inactivation of CDC42 and RAC1; Role of ABL in ROBO-SLIT signaling; SLIT2:ROBO1 increases RHOA activity; Regulation of cortical dendrite branching; Regulation of expression of SLITs and ROBOs,https://reactome.org/content/detail/R-HSA-428540,Human pathway mapping returned,Reactome pathway membership of the mapped human protein.
ROBO1,Q9Y6N7,R-HSA-428542,Regulation of commissural axon pathfinding by SLIT and ROBO,Pathway,ROBO3.1 antagonizes ROBO1/ROBO2 to allow floor plate crossing; ROBO3 binds NELL2; DCC interaction with ROBO1; ROBO3.1 binds DCC; SRC phosphorylates ROBO3.1 in response to NTN1,"Commissural axons project to the floor plate, attracted by the interaction of their DCC receptors with Netrin-1 (NTN1) produced by floor plate cells (Dickson and Gilestro 2006) and radial glia (Dominici et al. 2017, Varadarajan et al. 2017). Once an axon enters the floor plate, it must be efficiently expelled on the contralateral side. A switch from attraction to repulsion allows commissural axons to enter and then leave the CNS midline. Based on studies in Xenopus neurons and by yeast two hybrid screens, it is observed that the attractive response of axons to netrins is silenced by activation of ROBO. SLIT bound ROBO binds to DCC, preventing it from transducing an attractive response to netrin. The sensitivity of axons to the repulsive action of SLIT does not only depend on repulsive SLIT receptors (ROBO1 and ROBO2), but is also influenced by expression of ROBO3, a SLIT receptor that suppresses the activity of ROBO1 and ROBO2. Upon crossing the midline, commissural axons downregulate expression of ROBO3 and increase expression of ROBO1/ROBO2 (reviewed by Dickson and Gilestro, 2006). Two transcript variants of ROBO3, ROBO3.1 and ROBO3.2 are considered to play different roles in midline crossing. ROBO3.1 is expressed in the pre-crossing and crossing commissural axons, while ROBO3.2, generated by alternative splicing, is expressed after midline crossing and thought to block midline re-crossing (Chen et al. 2008). In addition to SLITs, a secreted ligand NELL2 also acts as an axonal guidance cue that, by acting through ROBO3 receptors, helps to steer commissural axons to the midline. Both ROBO3.1 and ROBO3.2 can bind to a secreted ligand NELL2. Pre-crossing commissural axons, which express ROBO3.1, are repelled by NELL2. Post-crossing axons, which express ROBO3.2 are not repelled by NELL2 (Jaworski et al. 2015). .",9,Netrin-1 signaling; Signaling by ROBO receptors; Activation of RAC1; Regulation of commissural axon pathfinding by SLIT and ROBO; Inactivation of CDC42 and RAC1; Role of ABL in ROBO-SLIT signaling; SLIT2:ROBO1 increases RHOA activity; Regulation of cortical dendrite branching; Regulation of expression of SLITs and ROBOs,https://reactome.org/content/detail/R-HSA-428542,Human pathway mapping returned,Reactome pathway membership of the mapped human protein.
ROBO1,Q9Y6N7,R-HSA-428543,Inactivation of CDC42 and RAC1,Pathway,SRGAP binds ROBO1:SLIT2; Inactivation of CDC42; ARHGAP39 (Vilse) binds ROBO1:SLIT2; Inactivation of RAC1,"Rho family GTPases, including RAC1, RHOA, and CDC42, are ideal candidates to regulate aspects of cytoskeletal dynamics downstream of axon guidance receptors. Biochemical and genetic studies have revealed an important role for CDC42 and RAC1 in ROBO repulsion. ROBO controls the activity of Rho GTPases by interacting with a family of SLIT/ROBO-specific GAPs (SrGAPs) and Vilse/CrossGAP. SrGAPs inactivate CDC42 and Vilse/CrossGAP specifically inactivates RAC1.<br>It was recently implicated that SRGAP3 may inactivate RAC1 downstream of SLIT1-activated ROBO2, which promotes neurite outgrowth in mammalian dorsal root ganglion (DRG) neurons (Zhang et al. 2014).",9,Netrin-1 signaling; Signaling by ROBO receptors; Activation of RAC1; Regulation of commissural axon pathfinding by SLIT and ROBO; Inactivation of CDC42 and RAC1; Role of ABL in ROBO-SLIT signaling; SLIT2:ROBO1 increases RHOA activity; Regulation of cortical dendrite branching; Regulation of expression of SLITs and ROBOs,https://reactome.org/content/detail/R-HSA-428543,Human pathway mapping returned,Reactome pathway membership of the mapped human protein.
ROBO1,Q9Y6N7,R-HSA-428890,Role of ABL in ROBO-SLIT signaling,Pathway,Interaction of ABL with ROBO1:SLIT2; Phosphorylation of ROBO1 by ABL kinase; Activation of CLASP; Recruitment of CAP to ABL,"ABL (ABL1 or ABL2) plays a dual role in the ROBO pathway. As a key enzymatic component in the signaling pathway, ABL supports repellent signaling (by recruiting the necessary actin binding proteins) and also feeds back on the receptor (by down regulating through phosphorylation) to adjust the sensitivity of the pathway.<br>ABL cooperates with multiple effectors, including the actin binding protein Capulet (Capt) and Orbit/MAST/CLASP, suggesting that ABL simultaneously coordinates the dynamics of two major cytoskeletal systems to achieve growth cone repellent guidance.",9,Netrin-1 signaling; Signaling by ROBO receptors; Activation of RAC1; Regulation of commissural axon pathfinding by SLIT and ROBO; Inactivation of CDC42 and RAC1; Role of ABL in ROBO-SLIT signaling; SLIT2:ROBO1 increases RHOA activity; Regulation of cortical dendrite branching; Regulation of expression of SLITs and ROBOs,https://reactome.org/content/detail/R-HSA-428890,Human pathway mapping returned,Reactome pathway membership of the mapped human protein.
ROBO1,Q9Y6N7,R-HSA-8985586,SLIT2:ROBO1 increases RHOA activity,Pathway,SLIT2-bound ROBO1 binds MYO9B; MYO9B inactivates RHOA,"ROBO1 receptor, activated by SLIT2, binds to MYO9B and inhibits its RHOA GAP activity. SLIT2-ROBO1 signaling thus results in increased RHOA activity, which is thought to negatively regulate invasiveness of lung cancer cells (Kong et al. 2015). ROCK-mediated signaling and phosphorylation of the myosin regulatory light chain (MLRC) downstream of activated RHOA is needed for SLIT-mediated axon pathfinding in cranial motor neurons (Murray et al. 2010).",9,Netrin-1 signaling; Signaling by ROBO receptors; Activation of RAC1; Regulation of commissural axon pathfinding by SLIT and ROBO; Inactivation of CDC42 and RAC1; Role of ABL in ROBO-SLIT signaling; SLIT2:ROBO1 increases RHOA activity; Regulation of cortical dendrite branching; Regulation of expression of SLITs and ROBOs,https://reactome.org/content/detail/R-HSA-8985586,Human pathway mapping returned,Reactome pathway membership of the mapped human protein.
ROBO1,Q9Y6N7,R-HSA-8985801,Regulation of cortical dendrite branching,Pathway,"SLIT1 binds ROBO1,(ROBO2); NCK2 binds to ROBO1,(ROBO2)","Besides being involved in axon repulsion during neuronal system development, SLIT-ROBO signaling is also involved in dendrite branching. Based on studies in mice, SLIT1 triggers cortical dendrite branching by activating receptors ROBO1 and/or ROBO2. ROBO effector NCK2 is needed for SLIT1-mediated dendrite branching (Round and Sun 2011).",9,Netrin-1 signaling; Signaling by ROBO receptors; Activation of RAC1; Regulation of commissural axon pathfinding by SLIT and ROBO; Inactivation of CDC42 and RAC1; Role of ABL in ROBO-SLIT signaling; SLIT2:ROBO1 increases RHOA activity; Regulation of cortical dendrite branching; Regulation of expression of SLITs and ROBOs,https://reactome.org/content/detail/R-HSA-8985801,Human pathway mapping returned,Reactome pathway membership of the mapped human protein.
ROBO1,Q9Y6N7,R-HSA-9010553,Regulation of expression of SLITs and ROBOs,Pathway,"ISL1 binds the SLIT2 gene enhancer; SLIT2 gene expression is stimulated by ISL1; SLIT2 binds Dystroglycan; SLIT1 binds COL4A5; LHX2 binds to ROBO1 gene locus; ROBO1 gene expression is inhibited by LHX2; USP33 deubiquitinates ROBO1; HOXA2 binds ROBO2 gene promoter; LHX2 binds to ROBO2 gene locus; ROBO2 gene transcription is stimulated by HOXA2 and inhibited by LHX2; LHX2,(LHX9) binds the ROBO3 gene promoter; ROBO3.1 expression is stimulated by LHX2,(LHX9); MSI1 binds ROBO3.1 mRNA; ROBO3.1 mRNA translation is positively regulated by MSI1; ZSWIM8 binds ROBO3.1; ZSWIM8 ubiquitinates ROBO3.1; Proteasome degrades ubiquitinated ROBO3.1; Transcription of ROBO3.2 mRNA; Translation of ROBO3.2 mRNA initiates NMD; Translation of ROBO3.2 mRNA is negatively regulated by NMD","Expression of SLIT and ROBO proteins is regulated at the level of transcription, translation and protein localization and stability. LIM-homeodomain transcription factors LHX2, LHX3, LHX4, LHX9 and ISL1 have so far been implicated in a cell type-dependent transcriptional regulation of ROBO1, ROBO2, ROBO3 and SLIT2 (Wilson et al. 2008, Marcos-Mondejar et al. 2012, Kim et al. 2016). Homeobox transcription factor HOXA2 is involved in transcriptional regulation of ROBO2 (Geisen et al. 2008). Transcription of SLIT1 during optic tract development in Xenopus is stimulated by FGF signaling and may also involve the transcription factor HOXA2, but the mechanism has not been established (Atkinson-Leadbeater et al. 2010). PAX6 and the homeodomain transcription factor NKX2.2 are also implicated in regulation of SLIT1 transcription (Genethliou et al. 2009). An RNA binding protein, MSI1, binds ROBO3 mRNA and promotes its translation, thus increasing ROBO3 protein levels (Kuwako et al. 2010). A poorly studied E3 ubiquitin ligase ZSWIM8 promotes degradation of ROBO3 (Wang et al. 2013). ROBO1 is protein half-life is increased via deubiquitination of ROBO1 by a ubiquitin protease USP33 (Yuasa-Kawada et al. 2009, Huang et al. 2015). Interaction of SLIT2 with DAG1 (dystroglycan) is important for proper localization of SLIT2 at the floor plate (Wright et al. 2012). Interaction of SLIT1 with a type IV collagen COL4A5 is important for localization of SLIT1 to the basement membrane of the optical tectum (Xiao et al. 2011).",9,Netrin-1 signaling; Signaling by ROBO receptors; Activation of RAC1; Regulation of commissural axon pathfinding by SLIT and ROBO; Inactivation of CDC42 and RAC1; Role of ABL in ROBO-SLIT signaling; SLIT2:ROBO1 increases RHOA activity; Regulation of cortical dendrite branching; Regulation of expression of SLITs and ROBOs,https://reactome.org/content/detail/R-HSA-9010553,Human pathway mapping returned,Reactome pathway membership of the mapped human protein.
ANKRD27,Q96NW4,R-HSA-8876198,RAB GEFs exchange GTP for GDP on RABs,Pathway,"TRAPPC complexes exchange GTP for GDP on RAB1; RAB3 GEFs exchange GTP for GDP on RAB3A; RAB5 GEFs exchange GTP for GDP on RAB5; RIC1-RGP1 exchanges GTP for GDP on RAB6; MON1:CCZ1 exchanges GTP for GDP on RAB7; RAB8 GEFs exchange GTP for GDP on RAB8; RAB9 GEFs exchange GTP for GDP on RAB9; DENND4s exchange GTP for GDP on RAB10; p-ULK1 phosphorylates DENND3; DENND3 exchanges GTP for GDP on RAB12; RAB13 GEFs exchange GTP for GDP on RAB13; DENND6A,B exchange GTP for GDP on RAB14; RAB21 GEFs exchange GTP for GDP on RAB21; MADD exchanges GTP for GDP on RAB27; RAB31 GEFs exchange GTP for GDP on RAB31; Active AKT phosphorylates DENND1A and DENND1B in response to insulin signaling; YWHAE dimer binds phosphorylated DENND1 proteins; DENND1s exchange GTP for GDP on RAB35; HPS1:HPS4 exchange GTP for GDP on RAB32 and RAB38; DENND5A,B exchange GTP for GDP on RAB39; RAB3GAP1:RAB3GAP2 exchanges GTP for GDP on RAB18","Human cells have more than 60 RAB proteins that are key regulators of intracellular membrane trafficking. These small GTPases contribute to trafficking specificity by localizing to the membranes of different organelles and interacting with effectors such as sorting adaptors, tethering factors, kinases, phosphatases and tubular-vesicular cargo (reviewed in Stenmark et al, 2009; Wandinger-Ness and Zerial, 2014; Zhen and Stenmark, 2015). <br><br>RAB localization depends on a number of factors including C-terminal prenylation, the sequence of upstream hypervariable regions and what nucleotide is bound, as well as interaction with RAB-interacting proteins (Chavrier et al, 1991; Ullrich et al, 1993; Soldati et al, 1994; Farnsworth et al, 1994; Seabra, 1996; Wu et al, 2010; reviewed in Stenmark, 2009; Wandinger-Ness and Zerial, 2014).  More recently, the activity of RAB GEFs has also been implicated in regulating the localization of RAB proteins (Blumer et al, 2103; Schoebel et al, 2009; Cabrera and Ungermann, 2013; reviewed in Barr, 2013; Zhen and Stenmark, 2015)<br><br>In the active, GTP-bound form, RAB proteins are membrane-associated, while in the inactive GDP-bound form, RABs are extracted from the target membrane and exist in a soluble form in complex with GDP dissociation inhibitors (GDIs) (Ullrich et al, 1993; Soldati et al, 1994; Gavriljuk et al, 2013). Conversion between the inactive and active form relies on the activities of RAB guanine nucleotide exchange factors (GEFs) and GTPase activating proteins (GAPs) (Yoshimura et al, 2010; Wu et al, 2011; Pan et al, 2006; Frasa et al, 2012; reviewed in Stenmark, 2009; Wandinger-Ness and Zerial, 2014; Ishida et al, 2016).<br><br>Newly synthesized RABs are bound to a RAB escort protein, CHM (also known as REP1) or CHML (REP2) (Alexandrov et al, 1994; Shen and Seabra, 1996). CHM/REP proteins are the substrate-binding component of the trimeric RAB geranylgeranyltransferase enzyme (GGTaseII) along with the two catalytic subunits RABGGTA and RABGGTB (reviewed in Gutkowska and Swiezewska, 2012; Palsuledesai and Distefano, 2015). REP proteins recruit the unmodified RAB in its GDP-bound state to the GGTase for sequential geranylgeranylation at one or two C-terminal cysteine residues (Alexandrov et al, 1994; Seabra et al 1996; Shen and Seabra, 1996; Baron and Seabra, 2008). After geranylation, CHM/REP proteins remain in complex with the geranylated RAB and escort it to its target membrane, where RAB activity is regulated by GAPs, GEFs, GDIs and membrane-bound GDI displacement factors (GDFs) (Sivars et al, 2003; reviewed in Stenmark, 2009; Wandinger-Ness and Zerial, 2014).<br><br>Unlike the RAB GAPS, which (to date) all contain a shared TBC domain, RAB GEFs are structurally diverse and range from monomeric to multisubunit complexes (reviewed in Fukuda et al, 2011; Frasa et al, 2012; Cherfils and Zeghouf, 2013; Ishida et al, 2016).  While many GEFs contain one of three conserved GEF domains identified to date  - the DENN (differentially expressed in normal and neoplastic cell) domain, the VPS9 domain and the SEC2 domain- other GEFs lack a conserved domain (reviewed in Ishida et al, 2016). Based on sequence conservation and subunit organization, GEFs can be grouped into 6 general classes: the DENND-containing GEFs, the VPS9-containing GEFs (both monomeric), the SEC2-containing GEFs (homodimeric), heterodimeric GEF complexes such as RIC1:RGP1, the multisubunit TRAPPC GEF, and others (reviewed in Barr and Lambright, 2010; Marat et al, 2011; Ishida et al, 2016). GEFs for many RABs have still not been identified, however.",1,RAB GEFs exchange GTP for GDP on RABs,https://reactome.org/content/detail/R-HSA-8876198,Human pathway mapping returned,Reactome pathway membership of the mapped human protein.
BLTP1,Q2LD37,,,,,,0,,https://reactome.org/ContentService/data/mapping/UniProt/Q2LD37/pathways,No human pathway mapping returned,Reactome pathway membership of the mapped human protein.
CRTC1,Q6UUV9,R-HSA-2151201,Transcriptional activation of mitochondrial biogenesis,Pathway,"Formation of NRF2; Expression of NRF1; NRF1, PPRC1:HCFC1:NRF2 bind the TFB1M promoter; NRF1, PPRC1:HCFC1:NRF2 bind the TFB2M promoter; NRF1:p-PPARGC1A, NRF2 bind the TFB1M promoter; NRF1:p-PPARGC1A, NRF2 bind the TFB2M promoter; NRF1, PPRC1, NRF2 bind the TFAM promoter; NRF1:p-PPARGC1A, NRF2 bind the TFAM promoter; NRF1:PPARGC1B binds the ALAS1 promoter; NRF1:PPARGC1B binds the ATP5B promoter; NRF1:PPARGC1B binds the CYCS promoter; Expression of GABPA (NRF2 alpha subunit); Expression of TFB1M; Expression of TFB2M; Expression of TFAM; TFAM translocates from the cytosol to the mitochondrial matrix; Expression of CYCS; Expression of ATP5B; Expression of ALAS1; Expression of POLRMT; Expression of SSBP1; Expression of MTERF1 (mTERF); Expression of POLG2; Expression of TWINKLE (TWNK, PEO1); CaMK4 phosphorylates CREB1; Expression of PPARGC1A (PGC-1alpha); Expression of ESRRA (ERR1, ERRalpha); Expression of SIRT3; Expression of PERM1; SIRT4 transfers ADPRib to GLUD; SIRT3 deacetylates ACCS2, GLUD, IDH2, SOD2; SIRT5 deacetylates Cytochrome C","Phosphorylated PPARGC1A (PGC-1alpha) does not bind DNA directly but instead interacts with other transcription factors, notably NRF1 and NRF2 (via HCF1). NRF1 and NRF2 together with PPARGC1A activate the transcription of nuclear-encoded, mitochondrially targeted proteins such as TFB2M, TFB1M, and TFAM. PGC-1beta and PPRC appear to act similarly to PGC-1alpha but have not been as well studied. Transcription of PPARGC1A itself is upregulated by CREB1 (in response to calcium), MEF2C/D, ATF2, and PPARGC1A. Transcription of PPARGC1A is repressed by NR1D1 (REV-ERBA).",4,"Transcriptional activation of mitochondrial biogenesis; Heme signaling; Expression of BMAL (ARNTL), CLOCK, and NPAS2; Phosphorylated BMAL1:CLOCK (ARNTL:CLOCK) activates expression of core clock genes",https://reactome.org/content/detail/R-HSA-2151201,Human pathway mapping returned,Reactome pathway membership of the mapped human protein.
CRTC1,Q6UUV9,R-HSA-9707616,Heme signaling,Pathway,"H2O2 oxidises ferrohemoglobin to MetHb; FeHM dissociates from MetHb; FeHM oxidises LDL,HDL; Hemes bind LY96; Hemes:LY96 activates TLR4; Hemes bind to CLEC1B dimer; SLC46A1 transports hemes from extracellular region to cytosol; PGRMC2 binds Hemes; PGRMC2:Hemes translocate to the nucleus; PGRMC2:Hemes dissociates; BACH1 binds MAFK; HMOX1 gene produces HMOX1 dimer; Hemes bind to BACH1:MAFK; XPO1 (CRM1) binds to BACH1:Hemes; XPO1:BACH1:Hemes are transported out of the nucleus; NR1D1 (REV-ERBA) binds heme, the BMAL1 (ARNTL) gene, and recruits corepressors; NR1D1 (REV-ERBA) binds heme, the CLOCK gene, and recruits corepressors; NR1D1 (REV-ERBA) binds heme, the NPAS2 gene, and recruits corepressors; NR1D1 (REV-ERBA) binds heme, the NR1D1 gene, and recruits corepressors; NR1D1 (REV-ERBA) binds heme, the PPARGC1A gene, and recruits corepressors; Expression of BMAL1 (ARNTL); Expression of CLOCK; RORA and PPARA positively regulate and NR1D1 negatively regulates expression of NPAS2; Expression of NR1D1 (REV-ERBA); Expression of PPARGC1A (PGC-1alpha)","Extracellular hemoglobin, a byproduct of hemolysis, can release its prosthetic heme groups upon oxidation. Blood plasma contains proteins that scavenge heme. It is estimated that about 2–8% of the heme released in plasma becomes ‘bioavailable’, being internalized by bystander cells. If the heme degradation capacity of a cell, represented by heme oxidase 1 and 2, cannot be ramped up sufficiently then heme signaling and reactivity puts cells under stress. Platelets are activated by heme, and macrophages switch to the inflammatory type (Donegan et al, 2019; Gouveia et al, 2019).<br><br>Free (labile) heme accumulates in the blood stream in great amounts under pathological conditions like viral infections and malaria, but also ARDS amd COPD. The locally affected cells' primary reaction is to upregulate heme oxidase 1 (HMOX1) expression. HMOX1 induction in these cells not only removes heme from circulation but also triggers a functional switch toward the anti-inflammatory phenotype (Vijayan et al, 2018). However, heme scavenging and degradation systems may get overwhelmed by the sheer amount of heme present.<br><br>Heme promotes platelet activation, complement activation, vasculitis, and thrombosis (Bourne et al, 2020; Merle et al, 2018). Heme was recognized to act as a danger signal, damage-associated molecular pattern (DAMP), or alarmin (Soares and Bozza, 2016) and was shown to activate Toll-like receptor 4 (TLR4) signaling (Figueiredo et al, 2007; Janciauskiene et al, 2020). It also has a role as corepressor in the circadian clock system (Ko and Takahashi, 2006). BACH1 is regulated by heme in a cell, thus placing heme as a signaling molecule in gene expression in higher eukaryotes. The regulation of BACH1 by heme may be important for the stress response in general (Suzuki et al, 2004).<br><br>Extracellular hemoglobin, a byproduct of hemolysis, can release its prosthetic heme groups uponoxidation. Due to the reactive nature of free heme, the blood plasma contains proteins that scavenge heme. It is estimated that about 2–8% of the heme released in plasma becomes ‘bioavailable’, being internalized by bystander cells. Failure of nearby cells to sufficientlymetabolize free heme can incite platelet activation, macrophage differentiation, and oxidative stress (Donegan et al, 2019; Gouveia et al, 2019).",4,"Transcriptional activation of mitochondrial biogenesis; Heme signaling; Expression of BMAL (ARNTL), CLOCK, and NPAS2; Phosphorylated BMAL1:CLOCK (ARNTL:CLOCK) activates expression of core clock genes",https://reactome.org/content/detail/R-HSA-9707616,Human pathway mapping returned,Reactome pathway membership of the mapped human protein.
CRTC1,Q6UUV9,R-HSA-9931509,"Expression of BMAL (ARNTL), CLOCK, and NPAS2",Pathway,"Expression of PPARGC1A (PGC-1alpha); RORA,B,C, EP300, PPARGC1A, NRIP1 bind BMAL1 (ARNTL) gene; NR1D1 (REV-ERBA) binds heme, the BMAL1 (ARNTL) gene, and recruits corepressors; RORA,B,C positively regulates expression and NR1D1 (REV-ERBA) negatively regulates expression of BMAL1 (ARNTL); RORA,C and coactivators bind the CLOCK gene; NR1D1 (REV-ERBA) binds heme, the CLOCK gene, and recruits corepressors; RORA,C and coactivators positively regulate and NR1D1 (REV-ERBA) negatively regulates expression of CLOCK; RORA and EP300 bind NPAS2 gene; NR1D1 (REV-ERBA) binds heme, the NPAS2 gene, and recruits corepressors; RORA and PPARA positively regulate and NR1D1 negatively regulates expression of NPAS2","BMAL1 (ARNTL), CLOCK, and NPAS2, which acts redundantly with CLOCK, are key activators of diurnal circadian gene expression (reviewed in Cox and Takahashi 2019). Their expression is positively regulated by the Retinoid-related orphan receptors RORA, RORB, and RORC and negatively regulated by the nuclear receptor NR1D1 (REV-ERBA), all of which complete for the same ROR responsive elements (RRE, RORE) (inferred from mouse homologs in Ueda et al. 2002, Guilaumond et al. 2005) in the BMAL1 promoter (inferred from the mouse homolog in Sato et al. 2004, Akashi and Takumi 2005, Guillaumond et al. 2005, Takeda et al. 2012) and CLOCK promoter (inferred from mouse homologs in Lau et al. 2004, Takeda et al. 2012). ROR nuclear receptors bind oxysterols (Wang et al. 2010) while NR1D1 binds heme (Yin et al. 2007, Raghuram et al. 2007), thus providing potential links with metabolism. <br>ROR nuclear receptors recruit coactivators of transcription such as EP300 (p300), PPARGC1A (PGC1A) (inferred from mouse homologs in Lau et al. 2004), and NRIP1 (Poliandri et al. 2011) to activate transcription by RNA polymerase II. In contrast, heme-bound NR1D1 recruits the corepressor NCOR1, and the histone deacetylase HDAC3 to repress transcription (Wu et al. 2009). <br>The genes encoding RORA, RORC, and NR1D1 regulate BMAL1 and CLOCK and are regulated by BMAL1 and CLOCK, thereby constituting a secondary loop in the mammalian circadian clock.",4,"Transcriptional activation of mitochondrial biogenesis; Heme signaling; Expression of BMAL (ARNTL), CLOCK, and NPAS2; Phosphorylated BMAL1:CLOCK (ARNTL:CLOCK) activates expression of core clock genes",https://reactome.org/content/detail/R-HSA-9931509,Human pathway mapping returned,Reactome pathway membership of the mapped human protein.
CRTC1,Q6UUV9,R-HSA-9931510,Phosphorylated BMAL1:CLOCK (ARNTL:CLOCK) activates expression of core clock genes,Pathway,"p-S90-BMAL1:p-T451,T461-CLOCK,p-NPAS2 and coactivators bind the CRY1 gene; Phosphorylated BMAL1:CLOCK,NPAS2 and coactivators positively regulate expression of Cryptochrome-1 (CRY1); p-S90-BMAL1:p-T451,T461-CLOCK and coactivators bind the CRY2 gene; Phosphorylated BMAL1:CLOCK and coactivators positively regulate expression of Cryptochrome-2 (CRY2); p-S90-BMAL1:p-T451,T461-CLOCK,p-NPAS2 and coactivators bind the PER1 gene; Phosphorylated BMAL1:CLOCK,NPAS2 and coactivators positively regulate expression of Period-1 (PER1); p-S90-BMAL1:p-T451,T461-CLOCK,p-NPAS2 and coactivators bind the PER2 gene; Phosphorylated BMAL1:CLOCK,NPAS2 and coactivators positively regulate expression of Period-2 (PER2); p-S90-BMAL1:p-T451,T461-CLOCK and coactivators bind the PER3 gene; Phosphorylated BMAL1:CLOCK and coactivators positively regulate expression of Period-3 (PER3); p-90-BMAL1:p-T451,T461-CLOCK and coactivators bind the DBP gene; Phosphorylated BMAL1:CLOCK and coactivators positively regulate expression of DBP; p-S90-BMAL1:p-T451,T461-CLOCK and coactivators bind the NR1D1 (REV-ERBA) gene; Phosphorylated BMAL1:CLOCK positively regulates expression of NR1D1 (REV-ERBA); p-S90-BMAL1:p-T451,T461-CLOCK binds the RORA gene; Phosphorylated BMAL1:CLOCK positively regulates expression of RORA; p-S90-BMAL1:p-T451,T461-CLOCK and coactivators bind the RORC gene; Phosphorylated BMAL1:CLOCK and coactivators positively regulate expression of RORC","After translocation into the nucleus, the phosphorylated BMAL1:CLOCK heterodimer and, by inference, the BMAL1:NPAS2 heterodimer activate transcription by binding E-box elements (consensus: CANNTG) in the promoters of more than 2000 target genes (inferred from mouse homologs in Hatanaka et al. 2010, Guillaume et al. 2011) and recruiting coactivators such as CREB-binding protein (CREBBP) (inferred from mouse homologs in Garg et al. 2019), the histone methylase KMT2A (MLL1) and, presumably, components of the MLL1 complex (inferred from mouse homologs in Katada and Sassone-Corsi 2010). Transcriptional activation by BMAL1:CLOCK occurs during the day, thus genes regulated by BMAL1:CLOCK are diurnally expressed. <br>Among the thousands of genes activated by BMAL1:CLOCK are the Cryptochrome genes (CRY1, CRY2) and the Period genes (PER1, PER2, PER3) that encode proteins that repress BMAL1:CLOCK activity, forming the primary loop of the circadian clock (reviewed in Cox and Takahashi 2019). BMAL1:CLOCK also activates the expression of Retinoid-related orphan receptor genes RORA, RORB, and RORC and the heme-binding nuclear receptor gene NR1D1 (REV-ERBA) that bind the same ROR responsive elements (RRE, RORE) in the promoters of the BMAL1, CLOCK, and NPAS2 genes. RORA, RORB, RORC activate expression; NR1D1 represses expression. The reciprocal regulation of BMAL1:CLOCK and RORA, RORB, RORC, NR1D1 forms the secondary loop of the circadian clock.",4,"Transcriptional activation of mitochondrial biogenesis; Heme signaling; Expression of BMAL (ARNTL), CLOCK, and NPAS2; Phosphorylated BMAL1:CLOCK (ARNTL:CLOCK) activates expression of core clock genes",https://reactome.org/content/detail/R-HSA-9931510,Human pathway mapping returned,Reactome pathway membership of the mapped human protein.
MCM6,Q14566,R-HSA-176187,Activation of ATR in response to replication stress,Pathway,Stalling of DNA replication fork and RPA binding; Binding of ATR-ATRIP to the RPA-ssDNA complex; Recruitment of Rad17-RFC complex to DNA; Recruitment of the Rad9-Hus1-Rad1 complex to DNA; Loading of claspin onto DNA during replication origin firing; Activation of claspin; Recruitment and activation of Chk1; Phosphorylation of CDC25A by CHEK1; Phosphorylation of Cdc25C at Ser 216 by Chk1,"Genotoxic stress caused by DNA damage or stalled replication forks can lead to genomic instability. To guard against such instability, genotoxically-stressed cells activate checkpoint factors that halt or slow cell cycle progression. Among the pathways affected are DNA replication by reduction of replication origin firing, and mitosis by inhibiting activation of cyclin-dependent kinases (Cdks). A key factor involved in the response to stalled replication forks is the ATM- and rad3-related (ATR) kinase, a member of the phosphoinositide-3-kinase-related kinase (PIKK) family. Rather than responding to particular lesions in DNA, ATR and its binding partner ATRIP (ATR-interacting protein) sense replication fork stalling indirectly by associating with persistent ssDNA bound by RPA. These structures would be formed, for example, by dissociation of the replicative helicase from the leading or lagging strand DNA polymerase when the polymerase encounters a DNA lesion that blocks DNA synthesis. Along with  phosphorylating the downstream transducer kinase Chk1 and the tumor suppressor p53, activated ATR modifies numerous factors that regulate cell cycle progression or the repair of DNA damage. The persistent ssDNA also stimulates recruitment of the RFC-like Rad17-Rfc2-5 alternative clamp-loading complex, which subsequently loads the Rad9-Hus1-Rad1 complex onto the DNA. The latter '9-1-1' complex serves to facilitate Chk1 binding to the stalled replication fork, where Chk1 is phosphorylated by ATR and thereby activated. Upon activation, Chk1 can phosphorylate additional substrates including the Cdc25 family of phosphatases (Cdc25A, Cdc25B, and Cdc25C). These enzymes catalyze the removal of inhibitory phosphate residues from cyclin-dependent kinases (Cdks), allowing their activation. In particular, Cdc25A primarily functions at the G1/S transition to dephosphorylate Cdk2 at Thr 14 and Tyr 15, thus positively regulating the Cdk2-cyclin E complex for S-phase entry.  Cdc25A also has mitotic functions. Phosphorylation of Cdc25A at Ser125 by Chk1 leads to Cdc25A ubiquitination and degradation, thus inhibiting DNA replication origin firing. In contrast, Cdc25B and Cdc25C regulate the onset of mitosis through dephosphorylation and activation of Cdk1-cyclin B complexes. In response to replication stress, Chk1 phosphorylates Cdc25B and Cdc25C leading to Cdc25B/C complex formation with 14-3-3 proteins. As these complexes are sequestered in the cytoplasm, they are unable to activate the nuclear Cdk1-cyclin B complex for mitotic entry.<p>These events are outlined in the figure. Persistent single-stranded DNA associated with RPA binds claspin (A) and ATR:ATRIP (B), leading to claspin phosphorylation (C). In parallel, the same single-stranded DNA:RPA complex binds RAD17:RFC (D), enabling the loading of RAD9:HUS1:RAD1 (9-1-1) complex onto the DNA (E). The resulting complex of proteins can then repeatedly bind (F) and phosphorylate (G) CHK1, activating multiple copies of CHK1.",6,Activation of ATR in response to replication stress; Unwinding of DNA; Assembly of the pre-replicative complex; Orc1 removal from chromatin; Activation of the pre-replicative complex; Switching of origins to a post-replicative state,https://reactome.org/content/detail/R-HSA-176187,Human pathway mapping returned,Reactome pathway membership of the mapped human protein.
MCM6,Q14566,R-HSA-176974,Unwinding of DNA,Pathway,MCM2-7 mediated fork unwinding; MCM8 mediated fork unwinding; Formation of GINS complex; Multiple proteins are localized at replication fork,DNA Replication is regulated accurately and precisely by various protein complexes. Many members of the MCM protein family are assembled into the pre-Replication Complexes (pre-RC) at the end of M phase of the cell cycle. DNA helicase activity of some of the MCM family proteins are important for the unwinding of DNA and initiation of replication processes.  This section contains four events which have been proved in different eukaryotic experimental systems to involve various proteins for this essential step during DNA Replication.,6,Activation of ATR in response to replication stress; Unwinding of DNA; Assembly of the pre-replicative complex; Orc1 removal from chromatin; Activation of the pre-replicative complex; Switching of origins to a post-replicative state,https://reactome.org/content/detail/R-HSA-176974,Human pathway mapping returned,Reactome pathway membership of the mapped human protein.
MCM6,Q14566,R-HSA-68867,Assembly of the pre-replicative complex,Pathway,"Assembly of the ORC complex at the origin of replication; CDC6 association with the ORC:origin complex; MCM3 binds MCM5; MCM4, MCM6 and MCM7 form a heterotrimer; MCM2 binds MCM4:MCM6:MCM7 heterotrimer; Formation of MCM2-7 complex; The geminin component of geminin:Cdt1 complexes is ubiquitinated, releasing Cdt1; Ubiquitinated geminin is degraded by the proteasome; CDT1 binds MCM2-7; CDT1-mediated loading of MCM2-7 to replication origins; ATP-dependent release of CDT1 from the OCCM complex; CDT1-mediated formation of MCM2-7 double hexamer at the replication origin","DNA replication pre-initiation in eukaryotic cells begins with the formation of the pre-replicative complex (pre-RC) during the late M phase and continues in the G1 phase of the mitotic cell cycle, a process also called DNA replication origin licensing. The association of initiation proteins (ORC, Cdc6, Cdt1, Mcm2-7) with the origin of replication in both <i>S. cerevisiae</i> and humans has been demonstrated by chromatin immunoprecipitation experiments. In <i>S. cerevisiae</i>, pre-replicative complexes are assembled from late M to G1. In mammalian cells as well, pre-replicative complexes are assembled from late M to G1, as shown by biochemical fractionation and immunostaining. There are significant sequence similarities among some of the proteins in the pre-replicative complex. The ORC subunits Orc1, Orc4 and Orc5 are homologous to one another and to Cdc6. The six subunits of the Mcm2-7 complex are homologous to one another. In addition, Orc1, Orc4, Orc5, Cdc6, and the Mcm2-7 subunits, are members of the AAA+ superfamily of ATPases. Since the initial identification of these pre-RC components other factors that participate in this complex have been found, including Cdt1 in human, <i>Xenopus</i>, <i>S. pombe</i>, and <i>S. cerevisiae</i> cells.",6,Activation of ATR in response to replication stress; Unwinding of DNA; Assembly of the pre-replicative complex; Orc1 removal from chromatin; Activation of the pre-replicative complex; Switching of origins to a post-replicative state,https://reactome.org/content/detail/R-HSA-68867,Human pathway mapping returned,Reactome pathway membership of the mapped human protein.
MCM6,Q14566,R-HSA-68949,Orc1 removal from chromatin,Pathway,Orc1 is phosphorylated by cyclin A/CDK2; Phosphorylated Orc1 is ubiquitinated while still associated with chromatin; Ubiquitinated Orc1 enters the cytosol; Ubiquitinated Orc1 is degraded by the proteasome,Mammalian Orc1 protein is phosphorylated and selectively released from chromatin and ubiquitinated during the S-to-M transition in the cell division cycle.,6,Activation of ATR in response to replication stress; Unwinding of DNA; Assembly of the pre-replicative complex; Orc1 removal from chromatin; Activation of the pre-replicative complex; Switching of origins to a post-replicative state,https://reactome.org/content/detail/R-HSA-68949,Human pathway mapping returned,Reactome pathway membership of the mapped human protein.
MCM6,Q14566,R-HSA-68962,Activation of the pre-replicative complex,Pathway,"Mcm10 associates with the pre-replicative complex, stabilizing Mcm2-7; Cdt1 is displaced from the pre-replicative complex; CDT1 binds geminin; CDK and DDK associate with the Mcm10:pre-replicative complex; Mcm2-7 is phosphorylated by DDK; Cdc45 associates with the pre-replicative complex at the origin; DNA Replication Factor A (RPA) associates with the pre-replicative complex at the origin; DNA polymerase alpha:primase binds at the origin; DNA polymerase epsilon binds at the origin","In S. cerevisiae, two ORC subunits, Orc1 and Orc5, both bind ATP, and Orc1 in addition has ATPase activity. Both ATP binding and ATP hydrolysis appear to be essential functions in vivo. ATP binding by Orc1 is unaffected by the association of ORC with origin DNA (ARS) sequences, but ATP hydrolysis is ARS-dependent, being suppressed by associated double-stranded DNA and stimulated by associated single-stranded DNA. These data are consistent with the hypothesis that ORC functions as an ATPase switch, hydrolyzing bound ATP and changing state as DNA unwinds at the origin immediately before replication. It is attractive to speculate that ORC likewise functions as a switch as human pre-replicative complexes are activated, but human Orc proteins are not well enough characterized to allow the model to be critically tested. mRNAs encoding human orthologs of all six Orc proteins have been cloned, and ATP-binding amino acid sequence motifs have been identified in Orc1, Orc4, and Orc5. Interactions among proteins expressed from the cloned genes have been characterized, but the ATP-binding and hydrolyzing properties of these proteins and complexes of them have not been determined.",6,Activation of ATR in response to replication stress; Unwinding of DNA; Assembly of the pre-replicative complex; Orc1 removal from chromatin; Activation of the pre-replicative complex; Switching of origins to a post-replicative state,https://reactome.org/content/detail/R-HSA-68962,Human pathway mapping returned,Reactome pathway membership of the mapped human protein.
MCM6,Q14566,R-HSA-69052,Switching of origins to a post-replicative state,Pathway,"Orc1 removal from chromatin; CDK-mediated phosphorylation and removal of Cdc6; Mcm4,6,7 trimer forms and associates with the replication fork; CDT1 binds geminin","Switching of origins to a post-replicative state involves the removal of Orc1 from chromatin, CDK-mediated phosphorylation and removal of Cdc6, and the rearrangement and mobilization of Mcm2-7.",6,Activation of ATR in response to replication stress; Unwinding of DNA; Assembly of the pre-replicative complex; Orc1 removal from chromatin; Activation of the pre-replicative complex; Switching of origins to a post-replicative state,https://reactome.org/content/detail/R-HSA-69052,Human pathway mapping returned,Reactome pathway membership of the mapped human protein.
SYT10,Q6XYQ8,R-HSA-6794361,Neurexins and neuroligins,Pathway,"NRXNs bind NLGNs; NRXNs bind  SYTs; NRXNs binds CASK tripartite complex; NRXNs binds MUNC18; LRRTMs bind NRXNs; NLGNs binds PSD-95 subfamily members; NMDAR binds PSD-95 subfamily members; GKAPs bind PSD-95 members; SHANK proteins bind GKAPs; SHARPIN binds SHANK proteins; Homer1,2,3 binds mGluR1a,5; Homer1,2,3 dimerizes; HOMER binds SHANK proteins; ABP1 binds SHANK proteins; BEGAIN binds DLG2,DLG3,DLG4; NMDA receptor complex:DLG2,DLG3,DLG4 binds SPAR; NMDA receptor complex:DLG2,DLG3,DLG4:SPAR binds PDLIM5; Protein 4.1 binds CASK; NRXNs bind CASK:Protein 4.1","Neurexins (NRXNs) and neuroligins (NLGNs) are best characterized synaptic cell-adhesion molecules. They are part of excitatory glutamatergic and inhibitory GABAergic synapses in mammalian brain, mediate trans-synaptic signaling, and shape neural network properties by specifying synaptic functions. As cell-adhesion molecules, NRXNs and NLGNs probably function by binding to each other and by interacting with intracellular PDZ-domain proteins, but the precise mechanisms involved and their relation to synaptic transmission remain unclear. The binding of NRXNs and NLGNs to their partners, helps to align the pre-synaptic release machinery and post-synaptic receptors. The importance of neurexins and neuroligins for synaptic function is evident from the dramatic deficits in synaptic transmission in mice lacking Nrxns or Nlgns. In humans, alterations in NRXNs or NLGNs genes are implicated in autism and other cognitive diseases, connecting synaptic cell adhesion to cognition and its disorders (Sudhof 2008, Craig et al. 2006, Craig & Kang 2007).",2,Neurexins and neuroligins; NPAS4 regulates expression of target genes,https://reactome.org/content/detail/R-HSA-6794361,Human pathway mapping returned,Reactome pathway membership of the mapped human protein.
SYT10,Q6XYQ8,R-HSA-9768919,NPAS4 regulates expression of target genes,Pathway,"MAGED1 binds NPAS4; NPAS4 translocates to the nucleus; MAPK1,(MAPK3) phosphorylates NPAS4; NPAS4 translocates to the cytosol; NPAS4 binds ARNT; NPAS4 binds ARNT2; NPAS4 binds ARNTL (BMAL1); NPAS4 binds CDK5 gene promoter; CDK5 gene expression is stimulated by NPAS4; NPAS4 binds CDK5R1 gene promoter; CDK5R1 gene expression is stimulated by NPAS4; MyrG-CDK5R1 binds CDK5; NPAS4 binds RBFOX3 (NeuN) gene promoter; RBFOX3 (NeuN) gene expression is stimulated by NPAS4; NPAS4:ARNT2 binds BDNF gene promoter; BDNF gene expression is stimulated by NPAS4:ARNT2; NPAS4 binds MDM2 gene promoter; MDM2 gene expression is repressed by NPAS4; NPAS4 binds NPAS4 gene enhancer elements; NPAS4 gene transcription is stimulated by NPAS4; NPAS4 binds FOS gene enhancer; NPAS4 stimulates FOS gene expression; NPAS4 stimulates GEM gene expression; NPAS4 binds IQSEC3 gene promoter; NPAS4 stimulates IQSEC3 gene expression; NPAS4 binds PLK2 gene promoter; NPAS4 stimulates PLK2 gene expression; NPAS4 binds SYT10 gene; NPAS4 stimulates SYT10 gene expression; NPAS4 binds INS gene promoter; NPAS4 represses INS gene expression; NPAS4 binds NAMPT gene promoter; NPAS4 stimulates NAMPT gene expression; NPAS4 binds RET gene enhancer; NPAS4 stimulates RET gene expression","NPAS4 is a basic helix loop helix (bHLH) transcription factor that needs to dimerize with another bHLH protein, either ARNT, ARNT2 or ARNTL, in order to be able to bind to target DNA (Ooe et al. 2004; Ooe et al. 2009).<br><br>NPAS4 is implicated as a transcriptional regulator of genes involved in neuronal development such as CDK5 (Yun et al. 2013), CDK5R1 (Yun et al. 2013), RBFOX3 (NeuN) (Yun et al. 2013), BDNF (Pruunsild et al. 2011) and RET (Sribudiani et al. 2011), genes involved in synaptogenesis and synaptic transmission such as NPTX2 (Lin et al. 2008),  MDM2 (Yoshihara et al. 2014; Lv et al. 2021), FOS (Ramamoorthi et al. 2011), IQSEC3 (Kim et al. 2021), PLK2 (Weng et al. 2018) and possibly other genes (Lin et al. 2008; Shan et al. 2018), circadian rhythm-related genes such as NAMPT (West et al. 2013), and genes involved in neuroprotection upon injury such as GEM (Takahashi et al. 2021), SYT10 (Woitecki et al. 2016) and possibly other genes (Qiu et al. 2013). In pancreatic beta-cell, NPAS4 is implicated as a regulator of insulin synthesis under stress conditions (Sabatini et al. 2013).<br><br>The circadian clock regulated gene CRY1 was identified as NPAS4 target gene in sheep brain (West et al. 2013). The DBNL gene, encoding Drebrin, a dendrytic cytoskeleton modulator, was identified as a gene directly upregulated by Npas4 (Ooe et al. 2004)<br><br>NPAS4 is expressed in endothelial cells and may play a role in angiogenesis (Esser et al. 2017).<br>",2,Neurexins and neuroligins; NPAS4 regulates expression of target genes,https://reactome.org/content/detail/R-HSA-9768919,Human pathway mapping returned,Reactome pathway membership of the mapped human protein.
COBLL1,Q53SF7,,,,,,0,,https://reactome.org/ContentService/data/mapping/UniProt/Q53SF7/pathways,No human pathway mapping returned,Reactome pathway membership of the mapped human protein.
